Id	Title	Code	ProductTypeId
1	دمونتاژ ایراند	Y011012C	
2	مونتاژ ایراند	Y011022C	
3	دمونتاژ آنلودر	Y011032C	
4	مونتاژ آنلودر	Y011042C	
5	تعویض فیلتر هوا	Y011052C	
6	تعویض فیلتر روغن	Y011062C	
7	تعویض فیلتر سپراتور 	Y011072C	
8	تعویض روغن	Y011082C	
9	تعویض کیت اویل استاپ ولو	Y011092C	
10	تعویض ترموستاتیک ولو	Y011102C	
11	تعویض کیت مینیمم پرشرولو	Y011112C	
12	تعویض کیت آنلودر	Y011122C	
13	تعویض تسمه ها	Y011132C	
14	دمونتاژ الکتروموتور	Y011142C	
15	مونتاژ الکتروموتور	Y011152C	
16	تعویض پولی ایراند	Y011162C	
17	تعویض پولی الکتروموتور	Y011172C	
18	دمونتاژ مینیمم پرشرولو	Y011182C	
19	مونتاژ مینیمم پرشرولو	Y011192C	
20	تعویض سوپاپ اطمینان	Y011202C	
21	مونتاژ رادیاتور	Y011212C	
22	دمونتاژ رادیاتور	Y011222C	
23	مونتاژ شاسی متحرک	Y011232C	
24	دمونتاژ شاسی متحرک	Y011242C	
25	مونتاژ/تعویض فن خنک کننده	Y011252C	
26	دمونتاژ فن خنک کننده	Y011262C	
27	تعویض کنتاکتور	Y011272C	
28	تعویض بی متال	Y011282C	
29	تعویض کنترل فاز	Y011292C	
30	تعویض کلید حرارتی	Y011302C	
31	تعویض کلید ON-Off	Y011312C	
32	تعویض emergency stop	Y011322C	
33	تعویض برد کنترلی	Y011332C	
34	تعویض سنسور دما	Y011342C	
35	نعویض سنسور فشار	Y011352C	
36	تعویض شیر یکطرفه ساکشن	Y011362C	
37	تنظیم لوله ساکشن	Y011372C	
38	تعویض شلنگ هوا-روغن	Y011382C	
39	تعویض شلنگ از مینیمم به رادیاتور	Y011392C	
40	تعویض شلنگ از مخزن سپراتور به پایه فیلتر	Y011402C	
41	تعویض شلنگ از پایه فیلتر به ایراند	Y011412C	
42	تعویض شلنگ - لوله از پایه فیلتر به رادیاتور(رفت)	Y011422C	
43	تعویض شلنگ - لوله از پایه فیلتر به رادیاتور(برگشت)	Y011432C	
44	تعویض شلنگ های پنوماتیک 	Y011442C	
45	شستشوی رادیاتور	Y011452C	
46	شستشوی کمپرسور	Y011462C	
47	تعویض فوم ها و غبارگیر	Y011472C	
48	تعویض قفل کابینت(هرعدد)	Y011482C	
49	تعویض کابل قدرت 	Y011492C	
50	تعویض بلبرینگ های الکتروموتور	Y011502C	
51	تعویض بلبرینگ های الکتروموتور فن	Y011512C	
52	تعویض پروانه فن	Y011522C	
53	تعویض توری غبارگیر	Y011532C	
54	تعویض sight glass	Y011542C	
55	شستشوی مخزن سپراتور	Y011552C	
56	تعویض شلنگ تخلیه روغن	Y011562C	
57	تعویض شیر تخلیه روغن مخزن سپراتور	Y011572C	
58	تعویض لرزه گیر	Y011582C	
59	تنظیم پولی ها	Y011592C	
60	TEST RUN	Y011602C	
61	تعویض گیج مخزن سپراتور	Y011612C	
62	زنگ زدایی، لکه گیری و نقاشی	Y011622C	
63	تعویض چک ولو زیر ایراند	Y011632C	
64	تعویض واشر آببندی آنلودر	Y011642C	
65	تعویض واشر آببندی چک ولو زیر ایراند	Y011652C	
66	تعویض کابینت تابلو برق 	Y011662C	
67	تعویض درب تابلو برق  	Y011672C	
68	تعویض صفحه بالائی تابلو برق 	Y011682C	
69	تعویض صفحه پایینی تابلو برق 	Y011692C	
70	تعویض درب کابینت هر کدام	Y011702C	
71	تعویض پنل کابینت هر کدام	Y011712C	
72	تعویض ساپورت زیر  Electro Motor  هوایاری	Y011722C	
73	تعویض رابط ساپورت راست Electro Motor	Y011732C	
74	تعویض رابط ساپورت چپ Electro Motor 	Y011742C	
75	تعویض ساپورت نگهدارنده سقف کمپرسور	Y011752C	
76	تعویض پایه فن 	Y011762C	
77	تعویض پایه خرک 	Y011772C	
78	تعویض صفحه نگهدارنده قاب فن	Y011782C	
79	تعویض صفحه روی خرک 	Y011792C	
80	تعویض قاب رادیاتور 	Y011802C	
81	تعویض قاب تسمه 	Y011812C	
82	تعویض قاب کناری   Electro Motor	Y011822C	
83	تعویض قاب کناری تابلو برق 	Y011832C	
84	تعویض قاب ورودی هوا 	Y011842C	
85	تعویض قاب صداگیر 	Y011852C	
86	تعویض نگهدارنده مخزن 	Y011862C	
87	دمونتاژ ایراند	Y021012C	
88	مونتاژ ایراند	Y021022C	
89	دمونتاژ آنلودر	Y021032C	
90	مونتاژ آنلودر	Y021042C	
91	تعویض فیلتر هوا	Y021052C	
92	تعویض فیلتر روغن	Y021062C	
93	تعویض فیلتر سپراتور 	Y021072C	
94	تعویض روغن	Y021082C	
95	تعویض کیت اویل استاپ ولو	Y021092C	
96	تعویض ترموستاتیک ولو	Y021102C	
97	تعویض کیت مینیمم پرشرولو	Y021112C	
98	تعویض کیت آنلودر	Y021122C	
99	تعویض تسمه ها	Y021132C	
100	دمونتاژ الکتروموتور	Y021142C	
101	مونتاژ الکتروموتور	Y021152C	
102	تعویض پولی ایراند	Y021162C	
103	تعویض پولی الکتروموتور	Y021172C	
104	دمونتاژ مینیمم پرشرولو	Y021182C	
105	مونتاژ مینیمم پرشرولو	Y021192C	
106	تعویض سوپاپ اطمینان	Y021202C	
107	مونتاژ رادیاتور	Y021212C	
108	دمونتاژ رادیاتور	Y021222C	
109	مونتاژ شاسی متحرک	Y021232C	
110	دمونتاژ شاسی متحرک	Y021242C	
111	مونتاژ/تعویض فن خنک کننده	Y021252C	
112	دمونتاژ فن خنک کننده	Y021262C	
113	تعویض کنتاکتور	Y021272C	
114	تعویض بی متال	Y021282C	
115	تعویض کنترل فاز	Y021292C	
116	تعویض کلید حرارتی	Y021302C	
117	تعویض کلید ON-Off	Y021312C	
118	تعویض emergency stop	Y021322C	
119	تعویض برد کنترلی	Y021332C	
120	تعویض سنسور دما	Y021342C	
121	نعویض سنسور فشار	Y021352C	
122	تعویض شیر یکطرفه ساکشن	Y021362C	
123	تنظیم لوله ساکشن	Y021372C	
124	تعویض شلنگ هوا-روغن	Y021382C	
125	تعویض شلنگ از مینیمم به رادیاتور	Y021392C	
126	تعویض شلنگ از مخزن سپراتور به پایه فیلتر	Y021402C	
127	تعویض شلنگ از پایه فیلتر به ایراند	Y021412C	
128	تعویض شلنگ - لوله از پایه فیلتر به رادیاتور(رفت)	Y021422C	
129	تعویض شلنگ - لوله از پایه فیلتر به رادیاتور(برگشت)	Y021432C	
130	تعویض شلنگ های پنوماتیک 	Y021442C	
131	شستشوی رادیاتور	Y021452C	
132	شستشوی کمپرسور	Y021462C	
133	تعویض فوم ها و غبارگیر	Y021472C	
134	تعویض قفل کابینت(هرعدد)	Y021482C	
135	تعویض کابل قدرت 	Y021492C	
136	تعویض بلبرینگ های الکتروموتور	Y021502C	
137	تعویض بلبرینگ های الکتروموتور فن	Y021512C	
138	تعویض پروانه فن	Y021522C	
139	تعویض توری غبارگیر	Y021532C	
140	تعویض sight glass	Y021542C	
141	شستشوی مخزن سپراتور	Y021552C	
142	تعویض شلنگ تخلیه روغن	Y021562C	
143	تعویض شیر تخلیه روغن مخزن سپراتور	Y021572C	
144	تعویض لرزه گیر	Y021582C	
145	تنظیم پولی ها	Y021592C	
146	TEST RUN	Y021602C	
147	تعویض گیج مخزن سپراتور	Y021612C	
148	زنگ زدایی، لکه گیری و نقاشی	Y021622C	
149	تعویض چک ولو زیر ایراند	Y021632C	
150	تعویض واشر آببندی آنلودر	Y021642C	
151	تعویض واشر آببندی چک ولو زیر ایراند	Y021652C	
152	تعویض کابینت تابلو برق 	Y021662C	
153	تعویض درب تابلو برق  	Y021672C	
154	تعویض صفحه بالائی تابلو برق 	Y021682C	
155	تعویض صفحه پایینی تابلو برق 	Y021692C	
156	تعویض درب کابینت هر کدام	Y021702C	
157	تعویض پنل کابینت هر کدام	Y021712C	
158	تعویض ساپورت زیر  Electro Motor  هوایاری	Y021722C	
159	تعویض رابط ساپورت راست Electro Motor	Y021732C	
160	تعویض رابط ساپورت چپ Electro Motor 	Y021742C	
161	تعویض ساپورت نگهدارنده سقف کمپرسور	Y021752C	
162	تعویض پایه فن 	Y021762C	
163	تعویض پایه خرک 	Y021772C	
164	تعویض صفحه نگهدارنده قاب فن	Y021782C	
165	تعویض صفحه روی خرک 	Y021792C	
166	تعویض قاب رادیاتور 	Y021802C	
167	تعویض قاب تسمه 	Y021812C	
168	تعویض قاب کناری   Electro Motor	Y021822C	
169	تعویض قاب کناری تابلو برق 	Y021832C	
170	تعویض قاب ورودی هوا 	Y021842C	
171	تعویض قاب صداگیر 	Y021852C	
172	تعویض نگهدارنده مخزن 	Y021862C	
173	دمونتاژ ایراند	Y031012C	
174	مونتاژ ایراند	Y031022C	
175	دمونتاژ آنلودر	Y031032C	
176	مونتاژ آنلودر	Y031042C	
177	تعویض فیلتر هوا	Y031052C	
178	تعویض فیلتر روغن	Y031062C	
179	تعویض فیلتر سپراتور 	Y031072C	
180	تعویض روغن	Y031082C	
181	تعویض کیت اویل استاپ ولو	Y031092C	
182	تعویض ترموستاتیک ولو	Y031102C	
183	تعویض کیت مینیمم پرشرولو	Y031112C	
184	تعویض کیت آنلودر	Y031122C	
185	تعویض تسمه ها	Y031132C	
186	دمونتاژ الکتروموتور	Y031142C	
187	مونتاژ الکتروموتور	Y031152C	
188	تعویض پولی ایراند	Y031162C	
189	تعویض پولی الکتروموتور	Y031172C	
190	دمونتاژ مینیمم پرشرولو	Y031182C	
191	مونتاژ مینیمم پرشرولو	Y031192C	
192	تعویض سوپاپ اطمینان	Y031202C	
193	مونتاژ رادیاتور	Y031212C	
194	دمونتاژ رادیاتور	Y031222C	
195	مونتاژ شاسی متحرک	Y031232C	
196	دمونتاژ شاسی متحرک	Y031242C	
197	مونتاژ/تعویض فن خنک کننده	Y031252C	
198	دمونتاژ فن خنک کننده	Y031262C	
199	تعویض کنتاکتور	Y031272C	
200	تعویض بی متال	Y031282C	
201	تعویض کنترل فاز	Y031292C	
202	تعویض کلید حرارتی	Y031302C	
203	تعویض کلید ON-Off	Y031312C	
204	تعویض emergency stop	Y031322C	
205	تعویض برد کنترلی	Y031332C	
206	تعویض سنسور دما	Y031342C	
207	نعویض سنسور فشار	Y031352C	
208	تعویض شیر یکطرفه ساکشن	Y031362C	
209	تنظیم لوله ساکشن	Y031372C	
210	تعویض شلنگ هوا-روغن	Y031382C	
211	تعویض شلنگ از مینیمم به رادیاتور	Y031392C	
212	تعویض شلنگ از مخزن سپراتور به پایه فیلتر	Y031402C	
213	تعویض شلنگ از پایه فیلتر به ایراند	Y031412C	
214	تعویض شلنگ - لوله از پایه فیلتر به رادیاتور(رفت)	Y031422C	
215	تعویض شلنگ - لوله از پایه فیلتر به رادیاتور(برگشت)	Y031432C	
216	تعویض شلنگ های پنوماتیک 	Y031442C	
217	شستشوی رادیاتور	Y031452C	
218	شستشوی کمپرسور	Y031462C	
219	تعویض فوم ها و غبارگیر	Y031472C	
220	تعویض قفل کابینت(هرعدد)	Y031482C	
221	تعویض کابل قدرت 	Y031492C	
222	تعویض بلبرینگ های الکتروموتور	Y031502C	
223	تعویض بلبرینگ های الکتروموتور فن	Y031512C	
224	تعویض پروانه فن	Y031522C	
225	تعویض توری غبارگیر	Y031532C	
226	تعویض sight glass	Y031542C	
227	شستشوی مخزن سپراتور	Y031552C	
228	تعویض شلنگ تخلیه روغن	Y031562C	
229	تعویض شیر تخلیه روغن مخزن سپراتور	Y031572C	
230	تعویض لرزه گیر	Y031582C	
231	تنظیم پولی ها	Y031592C	
232	TEST RUN	Y031602C	
233	تعویض گیج مخزن سپراتور	Y031612C	
234	زنگ زدایی، لکه گیری و نقاشی	Y031622C	
235	تعویض چک ولو زیر ایراند	Y031632C	
236	تعویض واشر آببندی آنلودر	Y031642C	
237	تعویض واشر آببندی چک ولو زیر ایراند	Y031652C	
238	تعویض کابینت تابلو برق 	Y031662C	
239	تعویض درب تابلو برق  	Y031672C	
240	تعویض صفحه بالائی تابلو برق 	Y031682C	
241	تعویض صفحه پایینی تابلو برق 	Y031692C	
242	تعویض درب کابینت هر کدام	Y031702C	
243	تعویض پنل کابینت هر کدام	Y031712C	
244	تعویض ساپورت زیر  Electro Motor  هوایاری	Y031722C	
245	تعویض رابط ساپورت راست Electro Motor	Y031732C	
246	تعویض رابط ساپورت چپ Electro Motor 	Y031742C	
247	تعویض ساپورت نگهدارنده سقف کمپرسور	Y031752C	
248	تعویض پایه فن 	Y031762C	
249	تعویض پایه خرک 	Y031772C	
250	تعویض صفحه نگهدارنده قاب فن	Y031782C	
251	تعویض صفحه روی خرک 	Y031792C	
252	تعویض قاب رادیاتور 	Y031802C	
253	تعویض قاب تسمه 	Y031812C	
254	تعویض قاب کناری   Electro Motor	Y031822C	
255	تعویض قاب کناری تابلو برق 	Y031832C	
256	تعویض قاب ورودی هوا 	Y031842C	
257	تعویض قاب صداگیر 	Y031852C	
258	تعویض نگهدارنده مخزن 	Y031862C	
259	دمونتاژ ایراند	Y041012C	
260	مونتاژ ایراند	Y041022C	
261	دمونتاژ آنلودر	Y041032C	
262	مونتاژ آنلودر	Y041042C	
263	تعویض فیلتر هوا	Y041052C	
264	تعویض فیلتر روغن	Y041062C	
265	تعویض فیلتر سپراتور 	Y041072C	
266	تعویض روغن	Y041082C	
267	تعویض کیت اویل استاپ ولو	Y041092C	
268	تعویض ترموستاتیک ولو	Y041102C	
269	تعویض کیت مینیمم پرشرولو	Y041112C	
270	تعویض کیت آنلودر	Y041122C	
271	تعویض تسمه ها	Y041132C	
272	دمونتاژ الکتروموتور	Y041142C	
273	مونتاژ الکتروموتور	Y041152C	
274	تعویض پولی ایراند	Y041162C	
275	تعویض پولی الکتروموتور	Y041172C	
276	دمونتاژ مینیمم پرشرولو	Y041182C	
277	مونتاژ مینیمم پرشرولو	Y041192C	
278	تعویض سوپاپ اطمینان	Y041202C	
279	مونتاژ رادیاتور	Y041212C	
280	دمونتاژ رادیاتور	Y041222C	
281	مونتاژ شاسی متحرک	Y041232C	
282	دمونتاژ شاسی متحرک	Y041242C	
283	مونتاژ/تعویض فن خنک کننده	Y041252C	
284	دمونتاژ فن خنک کننده	Y041262C	
285	تعویض کنتاکتور	Y041272C	
286	تعویض بی متال	Y041282C	
287	تعویض کنترل فاز	Y041292C	
288	تعویض کلید حرارتی	Y041302C	
289	تعویض کلید ON-Off	Y041312C	
290	تعویض emergency stop	Y041322C	
291	تعویض برد کنترلی	Y041332C	
292	تعویض سنسور دما	Y041342C	
293	نعویض سنسور فشار	Y041352C	
294	تعویض شیر یکطرفه ساکشن	Y041362C	
295	تنظیم لوله ساکشن	Y041372C	
296	تعویض شلنگ هوا-روغن	Y041382C	
297	تعویض شلنگ از مینیمم به رادیاتور	Y041392C	
298	تعویض شلنگ از مخزن سپراتور به پایه فیلتر	Y041402C	
299	تعویض شلنگ از پایه فیلتر به ایراند	Y041412C	
300	تعویض شلنگ - لوله از پایه فیلتر به رادیاتور(رفت)	Y041422C	
301	تعویض شلنگ - لوله از پایه فیلتر به رادیاتور(برگشت)	Y041432C	
302	تعویض شلنگ های پنوماتیک 	Y041442C	
303	شستشوی رادیاتور	Y041452C	
304	شستشوی کمپرسور	Y041462C	
305	تعویض فوم ها و غبارگیر	Y041472C	
306	تعویض قفل کابینت(هرعدد)	Y041482C	
307	تعویض کابل قدرت 	Y041492C	
308	تعویض بلبرینگ های الکتروموتور	Y041502C	
309	تعویض بلبرینگ های الکتروموتور فن	Y041512C	
310	تعویض پروانه فن	Y041522C	
311	تعویض توری غبارگیر	Y041532C	
312	تعویض sight glass	Y041542C	
313	شستشوی مخزن سپراتور	Y041552C	
314	تعویض شلنگ تخلیه روغن	Y041562C	
315	تعویض شیر تخلیه روغن مخزن سپراتور	Y041572C	
316	تعویض لرزه گیر	Y041582C	
317	تنظیم پولی ها	Y041592C	
318	TEST RUN	Y041602C	
319	تعویض گیج مخزن سپراتور	Y041612C	
320	زنگ زدایی، لکه گیری و نقاشی	Y041622C	
321	تعویض چک ولو زیر ایراند	Y041632C	
322	تعویض واشر آببندی آنلودر	Y041642C	
323	تعویض واشر آببندی چک ولو زیر ایراند	Y041652C	
324	تعویض کابینت تابلو برق 	Y041662C	
325	تعویض درب تابلو برق  	Y041672C	
326	تعویض صفحه بالائی تابلو برق 	Y041682C	
327	تعویض صفحه پایینی تابلو برق 	Y041692C	
328	تعویض درب کابینت هر کدام	Y041702C	
329	تعویض پنل کابینت هر کدام	Y041712C	
330	تعویض ساپورت زیر  Electro Motor  هوایاری	Y041722C	
331	تعویض رابط ساپورت راست Electro Motor	Y041732C	
332	تعویض رابط ساپورت چپ Electro Motor 	Y041742C	
333	تعویض ساپورت نگهدارنده سقف کمپرسور	Y041752C	
334	تعویض پایه فن 	Y041762C	
335	تعویض پایه خرک 	Y041772C	
336	تعویض صفحه نگهدارنده قاب فن	Y041782C	
337	تعویض صفحه روی خرک 	Y041792C	
338	تعویض قاب رادیاتور 	Y041802C	
339	تعویض قاب تسمه 	Y041812C	
340	تعویض قاب کناری   Electro Motor	Y041822C	
341	تعویض قاب کناری تابلو برق 	Y041832C	
342	تعویض قاب ورودی هوا 	Y041842C	
343	تعویض قاب صداگیر 	Y041852C	
344	تعویض نگهدارنده مخزن 	Y041862C	
345	دمونتاژ ایراند	Y051012C	
346	مونتاژ ایراند	Y051022C	
347	دمونتاژ آنلودر	Y051032C	
348	مونتاژ آنلودر	Y051042C	
349	تعویض فیلتر هوا	Y051052C	
350	تعویض فیلتر روغن	Y051062C	
351	تعویض فیلتر سپراتور 	Y051072C	
352	تعویض روغن	Y051082C	
353	تعویض کیت اویل استاپ ولو	Y051092C	
354	تعویض ترموستاتیک ولو	Y051102C	
355	تعویض کیت مینیمم پرشرولو	Y051112C	
356	تعویض کیت آنلودر	Y051122C	
357	تعویض تسمه ها	Y051132C	
358	دمونتاژ الکتروموتور	Y051142C	
359	مونتاژ الکتروموتور	Y051152C	
360	تعویض پولی ایراند	Y051162C	
361	تعویض پولی الکتروموتور	Y051172C	
362	دمونتاژ مینیمم پرشرولو	Y051182C	
363	مونتاژ مینیمم پرشرولو	Y051192C	
364	تعویض سوپاپ اطمینان	Y051202C	
365	مونتاژ رادیاتور	Y051212C	
366	دمونتاژ رادیاتور	Y051222C	
367	مونتاژ شاسی متحرک	Y051232C	
368	دمونتاژ شاسی متحرک	Y051242C	
369	مونتاژ/تعویض فن خنک کننده	Y051252C	
370	دمونتاژ فن خنک کننده	Y051262C	
371	تعویض کنتاکتور	Y051272C	
372	تعویض بی متال	Y051282C	
373	تعویض کنترل فاز	Y051292C	
374	تعویض کلید حرارتی	Y051302C	
375	تعویض کلید ON-Off	Y051312C	
376	تعویض emergency stop	Y051322C	
377	تعویض برد کنترلی	Y051332C	
378	تعویض سنسور دما	Y051342C	
379	نعویض سنسور فشار	Y051352C	
380	تعویض شیر یکطرفه ساکشن	Y051362C	
381	تنظیم لوله ساکشن	Y051372C	
382	تعویض شلنگ هوا-روغن	Y051382C	
383	تعویض شلنگ از مینیمم به رادیاتور	Y051392C	
384	تعویض شلنگ از مخزن سپراتور به پایه فیلتر	Y051402C	
385	تعویض شلنگ از پایه فیلتر به ایراند	Y051412C	
386	تعویض شلنگ - لوله از پایه فیلتر به رادیاتور(رفت)	Y051422C	
387	تعویض شلنگ - لوله از پایه فیلتر به رادیاتور(برگشت)	Y051432C	
388	تعویض شلنگ های پنوماتیک 	Y051442C	
389	شستشوی رادیاتور	Y051452C	
390	شستشوی کمپرسور	Y051462C	
391	تعویض فوم ها و غبارگیر	Y051472C	
392	تعویض قفل کابینت(هرعدد)	Y051482C	
393	تعویض کابل قدرت 	Y051492C	
394	تعویض بلبرینگ های الکتروموتور	Y051502C	
395	تعویض بلبرینگ های الکتروموتور فن	Y051512C	
396	تعویض پروانه فن	Y051522C	
397	تعویض توری غبارگیر	Y051532C	
398	تعویض sight glass	Y051542C	
399	شستشوی مخزن سپراتور	Y051552C	
400	تعویض شلنگ تخلیه روغن	Y051562C	
401	تعویض شیر تخلیه روغن مخزن سپراتور	Y051572C	
402	تعویض لرزه گیر	Y051582C	
403	تنظیم پولی ها	Y051592C	
404	TEST RUN	Y051602C	
405	تعویض گیج مخزن سپراتور	Y051612C	
406	زنگ زدایی، لکه گیری و نقاشی	Y051622C	
407	تعویض چک ولو زیر ایراند	Y051632C	
408	تعویض واشر آببندی آنلودر	Y051642C	
409	تعویض واشر آببندی چک ولو زیر ایراند	Y051652C	
410	تعویض کابینت تابلو برق 	Y051662C	
411	تعویض درب تابلو برق  	Y051672C	
412	تعویض صفحه بالائی تابلو برق 	Y051682C	
413	تعویض صفحه پایینی تابلو برق 	Y051692C	
414	تعویض درب کابینت هر کدام	Y051702C	
415	تعویض پنل کابینت هر کدام	Y051712C	
416	تعویض ساپورت زیر  Electro Motor  هوایاری	Y051722C	
417	تعویض رابط ساپورت راست Electro Motor	Y051732C	
418	تعویض رابط ساپورت چپ Electro Motor 	Y051742C	
419	تعویض ساپورت نگهدارنده سقف کمپرسور	Y051752C	
420	تعویض پایه فن 	Y051762C	
421	تعویض پایه خرک 	Y051772C	
422	تعویض صفحه نگهدارنده قاب فن	Y051782C	
423	تعویض صفحه روی خرک 	Y051792C	
424	تعویض قاب رادیاتور 	Y051802C	
425	تعویض قاب تسمه 	Y051812C	
426	تعویض قاب کناری   Electro Motor	Y051822C	
427	تعویض قاب کناری تابلو برق 	Y051832C	
428	تعویض قاب ورودی هوا 	Y051842C	
429	تعویض قاب صداگیر 	Y051852C	
430	تعویض نگهدارنده مخزن 	Y051862C	
431	دمونتاژ ایراند	Y061012C	
432	مونتاژ ایراند	Y061022C	
433	دمونتاژ آنلودر	Y061032C	
434	مونتاژ آنلودر	Y061042C	
435	تعویض فیلتر هوا	Y061052C	
436	تعویض فیلتر روغن	Y061062C	
437	تعویض فیلتر سپراتور 	Y061072C	
438	تعویض روغن	Y061082C	
439	تعویض کیت اویل استاپ ولو	Y061092C	
440	تعویض ترموستاتیک ولو	Y061102C	
441	تعویض کیت مینیمم پرشرولو	Y061112C	
442	تعویض کیت آنلودر	Y061122C	
443	تعویض تسمه ها	Y061132C	
444	دمونتاژ الکتروموتور	Y061142C	
445	مونتاژ الکتروموتور	Y061152C	
446	تعویض پولی ایراند	Y061162C	
447	تعویض پولی الکتروموتور	Y061172C	
448	دمونتاژ مینیمم پرشرولو	Y061182C	
449	مونتاژ مینیمم پرشرولو	Y061192C	
450	تعویض سوپاپ اطمینان	Y061202C	
451	مونتاژ رادیاتور	Y061212C	
452	دمونتاژ رادیاتور	Y061222C	
453	مونتاژ شاسی متحرک	Y061232C	
454	دمونتاژ شاسی متحرک	Y061242C	
455	مونتاژ/تعویض فن خنک کننده	Y061252C	
456	دمونتاژ فن خنک کننده	Y061262C	
457	تعویض کنتاکتور	Y061272C	
458	تعویض بی متال	Y061282C	
459	تعویض کنترل فاز	Y061292C	
460	تعویض کلید حرارتی	Y061302C	
461	تعویض کلید ON-Off	Y061312C	
462	تعویض emergency stop	Y061322C	
463	تعویض برد کنترلی	Y061332C	
464	تعویض سنسور دما	Y061342C	
465	نعویض سنسور فشار	Y061352C	
466	تعویض شیر یکطرفه ساکشن	Y061362C	
467	تنظیم لوله ساکشن	Y061372C	
468	تعویض شلنگ هوا-روغن	Y061382C	
469	تعویض شلنگ از مینیمم به رادیاتور	Y061392C	
470	تعویض شلنگ از مخزن سپراتور به پایه فیلتر	Y061402C	
471	تعویض شلنگ از پایه فیلتر به ایراند	Y061412C	
472	تعویض شلنگ - لوله از پایه فیلتر به رادیاتور(رفت)	Y061422C	
473	تعویض شلنگ - لوله از پایه فیلتر به رادیاتور(برگشت)	Y061432C	
474	تعویض شلنگ های پنوماتیک 	Y061442C	
475	شستشوی رادیاتور	Y061452C	
476	شستشوی کمپرسور	Y061462C	
477	تعویض فوم ها و غبارگیر	Y061472C	
478	تعویض قفل کابینت(هرعدد)	Y061482C	
479	تعویض کابل قدرت 	Y061492C	
480	تعویض بلبرینگ های الکتروموتور	Y061502C	
481	تعویض بلبرینگ های الکتروموتور فن	Y061512C	
482	تعویض پروانه فن	Y061522C	
483	تعویض توری غبارگیر	Y061532C	
484	تعویض sight glass	Y061542C	
485	شستشوی مخزن سپراتور	Y061552C	
486	تعویض شلنگ تخلیه روغن	Y061562C	
487	تعویض شیر تخلیه روغن مخزن سپراتور	Y061572C	
488	تعویض لرزه گیر	Y061582C	
489	تنظیم پولی ها	Y061592C	
490	TEST RUN	Y061602C	
491	تعویض گیج مخزن سپراتور	Y061612C	
492	زنگ زدایی، لکه گیری و نقاشی	Y061622C	
493	تعویض چک ولو زیر ایراند	Y061632C	
494	تعویض واشر آببندی آنلودر	Y061642C	
495	تعویض واشر آببندی چک ولو زیر ایراند	Y061652C	
496	تعویض کابینت تابلو برق 	Y061662C	
497	تعویض درب تابلو برق  	Y061672C	
498	تعویض صفحه بالائی تابلو برق 	Y061682C	
499	تعویض صفحه پایینی تابلو برق 	Y061692C	
500	تعویض درب کابینت هر کدام	Y061702C	
501	تعویض پنل کابینت هر کدام	Y061712C	
502	تعویض ساپورت زیر  Electro Motor  هوایاری	Y061722C	
503	تعویض رابط ساپورت راست Electro Motor	Y061732C	
504	تعویض رابط ساپورت چپ Electro Motor 	Y061742C	
505	تعویض ساپورت نگهدارنده سقف کمپرسور	Y061752C	
506	تعویض پایه فن 	Y061762C	
507	تعویض پایه خرک 	Y061772C	
508	تعویض صفحه نگهدارنده قاب فن	Y061782C	
509	تعویض صفحه روی خرک 	Y061792C	
510	تعویض قاب رادیاتور 	Y061802C	
511	تعویض قاب تسمه 	Y061812C	
512	تعویض قاب کناری   Electro Motor	Y061822C	
513	تعویض قاب کناری تابلو برق 	Y061832C	
514	تعویض قاب ورودی هوا 	Y061842C	
515	تعویض قاب صداگیر 	Y061852C	
516	تعویض نگهدارنده مخزن 	Y061862C	
517	دمونتاژ ایراند	Y071012C	
518	مونتاژ ایراند	Y071022C	
519	دمونتاژ آنلودر	Y071032C	
520	مونتاژ آنلودر	Y071042C	
521	تعویض فیلتر هوا	Y071052C	
522	تعویض فیلتر روغن	Y071062C	
523	تعویض فیلتر سپراتور 	Y071072C	
524	تعویض روغن	Y071082C	
525	تعویض کیت اویل استاپ ولو	Y071092C	
526	تعویض ترموستاتیک ولو	Y071102C	
527	تعویض کیت مینیمم پرشرولو	Y071112C	
528	تعویض کیت آنلودر	Y071122C	
529	تعویض تسمه ها	Y071132C	
530	دمونتاژ الکتروموتور	Y071142C	
531	مونتاژ الکتروموتور	Y071152C	
532	تعویض پولی ایراند	Y071162C	
533	تعویض پولی الکتروموتور	Y071172C	
534	دمونتاژ مینیمم پرشرولو	Y071182C	
535	مونتاژ مینیمم پرشرولو	Y071192C	
536	تعویض سوپاپ اطمینان	Y071202C	
537	مونتاژ رادیاتور	Y071212C	
538	دمونتاژ رادیاتور	Y071222C	
539	مونتاژ شاسی متحرک	Y071232C	
540	دمونتاژ شاسی متحرک	Y071242C	
541	مونتاژ/تعویض فن خنک کننده	Y071252C	
542	دمونتاژ فن خنک کننده	Y071262C	
543	تعویض کنتاکتور	Y071272C	
544	تعویض بی متال	Y071282C	
545	تعویض کنترل فاز	Y071292C	
546	تعویض کلید حرارتی	Y071302C	
547	تعویض کلید ON-Off	Y071312C	
548	تعویض emergency stop	Y071322C	
549	تعویض برد کنترلی	Y071332C	
550	تعویض سنسور دما	Y071342C	
551	نعویض سنسور فشار	Y071352C	
552	تعویض شیر یکطرفه ساکشن	Y071362C	
553	تنظیم لوله ساکشن	Y071372C	
554	تعویض شلنگ هوا-روغن	Y071382C	
555	تعویض شلنگ از مینیمم به رادیاتور	Y071392C	
556	تعویض شلنگ از مخزن سپراتور به پایه فیلتر	Y071402C	
557	تعویض شلنگ از پایه فیلتر به ایراند	Y071412C	
558	تعویض شلنگ - لوله از پایه فیلتر به رادیاتور(رفت)	Y071422C	
559	تعویض شلنگ - لوله از پایه فیلتر به رادیاتور(برگشت)	Y071432C	
560	تعویض شلنگ های پنوماتیک 	Y071442C	
561	شستشوی رادیاتور	Y071452C	
562	شستشوی کمپرسور	Y071462C	
563	تعویض فوم ها و غبارگیر	Y071472C	
564	تعویض قفل کابینت(هرعدد)	Y071482C	
565	تعویض کابل قدرت 	Y071492C	
566	تعویض بلبرینگ های الکتروموتور	Y071502C	
567	تعویض بلبرینگ های الکتروموتور فن	Y071512C	
568	تعویض پروانه فن	Y071522C	
569	تعویض توری غبارگیر	Y071532C	
570	تعویض sight glass	Y071542C	
571	شستشوی مخزن سپراتور	Y071552C	
572	تعویض شلنگ تخلیه روغن	Y071562C	
573	تعویض شیر تخلیه روغن مخزن سپراتور	Y071572C	
574	تعویض لرزه گیر	Y071582C	
575	تنظیم پولی ها	Y071592C	
576	TEST RUN	Y071602C	
577	تعویض گیج مخزن سپراتور	Y071612C	
578	زنگ زدایی، لکه گیری و نقاشی	Y071622C	
579	تعویض چک ولو زیر ایراند	Y071632C	
580	تعویض واشر آببندی آنلودر	Y071642C	
581	تعویض واشر آببندی چک ولو زیر ایراند	Y071652C	
582	تعویض کابینت تابلو برق 	Y071662C	
583	تعویض درب تابلو برق  	Y071672C	
584	تعویض صفحه بالائی تابلو برق 	Y071682C	
585	تعویض صفحه پایینی تابلو برق 	Y071692C	
586	تعویض درب کابینت هر کدام	Y071702C	
587	تعویض پنل کابینت هر کدام	Y071712C	
588	تعویض ساپورت زیر  Electro Motor  هوایاری	Y071722C	
589	تعویض رابط ساپورت راست Electro Motor	Y071732C	
590	تعویض رابط ساپورت چپ Electro Motor 	Y071742C	
591	تعویض ساپورت نگهدارنده سقف کمپرسور	Y071752C	
592	تعویض پایه فن 	Y071762C	
593	تعویض پایه خرک 	Y071772C	
594	تعویض صفحه نگهدارنده قاب فن	Y071782C	
595	تعویض صفحه روی خرک 	Y071792C	
596	تعویض قاب رادیاتور 	Y071802C	
597	تعویض قاب تسمه 	Y071812C	
598	تعویض قاب کناری   Electro Motor	Y071822C	
599	تعویض قاب کناری تابلو برق 	Y071832C	
600	تعویض قاب ورودی هوا 	Y071842C	
601	تعویض قاب صداگیر 	Y071852C	
602	تعویض نگهدارنده مخزن 	Y071862C	
603	دمونتاژ ایراند	Y081012C	
604	مونتاژ ایراند	Y081022C	
605	دمونتاژ آنلودر	Y081032C	
606	مونتاژ آنلودر	Y081042C	
607	تعویض فیلتر هوا	Y081052C	
608	تعویض فیلتر روغن	Y081062C	
609	تعویض فیلتر سپراتور 	Y081072C	
610	تعویض روغن	Y081082C	
611	تعویض کیت اویل استاپ ولو	Y081092C	
612	تعویض ترموستاتیک ولو	Y081102C	
613	تعویض کیت مینیمم پرشرولو	Y081112C	
614	تعویض کیت آنلودر	Y081122C	
615	تعویض تسمه ها	Y081132C	
616	دمونتاژ الکتروموتور	Y081142C	
617	مونتاژ الکتروموتور	Y081152C	
618	تعویض پولی ایراند	Y081162C	
619	تعویض پولی الکتروموتور	Y081172C	
620	دمونتاژ مینیمم پرشرولو	Y081182C	
621	مونتاژ مینیمم پرشرولو	Y081192C	
622	تعویض سوپاپ اطمینان	Y081202C	
623	مونتاژ رادیاتور	Y081212C	
624	دمونتاژ رادیاتور	Y081222C	
625	مونتاژ شاسی متحرک	Y081232C	
626	دمونتاژ شاسی متحرک	Y081242C	
627	مونتاژ/تعویض فن خنک کننده	Y081252C	
628	دمونتاژ فن خنک کننده	Y081262C	
629	تعویض کنتاکتور	Y081272C	
630	تعویض بی متال	Y081282C	
631	تعویض کنترل فاز	Y081292C	
632	تعویض کلید حرارتی	Y081302C	
633	تعویض کلید ON-Off	Y081312C	
634	تعویض emergency stop	Y081322C	
635	تعویض برد کنترلی	Y081332C	
636	تعویض سنسور دما	Y081342C	
637	نعویض سنسور فشار	Y081352C	
638	تعویض شیر یکطرفه ساکشن	Y081362C	
639	تنظیم لوله ساکشن	Y081372C	
640	تعویض شلنگ هوا-روغن	Y081382C	
641	تعویض شلنگ از مینیمم به رادیاتور	Y081392C	
642	تعویض شلنگ از مخزن سپراتور به پایه فیلتر	Y081402C	
643	تعویض شلنگ از پایه فیلتر به ایراند	Y081412C	
644	تعویض شلنگ - لوله از پایه فیلتر به رادیاتور(رفت)	Y081422C	
645	تعویض شلنگ - لوله از پایه فیلتر به رادیاتور(برگشت)	Y081432C	
646	تعویض شلنگ های پنوماتیک 	Y081442C	
647	شستشوی رادیاتور	Y081452C	
648	شستشوی کمپرسور	Y081462C	
649	تعویض فوم ها و غبارگیر	Y081472C	
650	تعویض قفل کابینت(هرعدد)	Y081482C	
651	تعویض کابل قدرت 	Y081492C	
652	تعویض بلبرینگ های الکتروموتور	Y081502C	
653	تعویض بلبرینگ های الکتروموتور فن	Y081512C	
654	تعویض پروانه فن	Y081522C	
655	تعویض توری غبارگیر	Y081532C	
656	تعویض sight glass	Y081542C	
657	شستشوی مخزن سپراتور	Y081552C	
658	تعویض شلنگ تخلیه روغن	Y081562C	
659	تعویض شیر تخلیه روغن مخزن سپراتور	Y081572C	
660	تعویض لرزه گیر	Y081582C	
661	تنظیم پولی ها	Y081592C	
662	TEST RUN	Y081602C	
663	تعویض گیج مخزن سپراتور	Y081612C	
664	زنگ زدایی، لکه گیری و نقاشی	Y081622C	
665	تعویض چک ولو زیر ایراند	Y081632C	
666	تعویض واشر آببندی آنلودر	Y081642C	
667	تعویض واشر آببندی چک ولو زیر ایراند	Y081652C	
668	تعویض کابینت تابلو برق 	Y081662C	
669	تعویض درب تابلو برق  	Y081672C	
670	تعویض صفحه بالائی تابلو برق 	Y081682C	
671	تعویض صفحه پایینی تابلو برق 	Y081692C	
672	تعویض درب کابینت هر کدام	Y081702C	
673	تعویض پنل کابینت هر کدام	Y081712C	
674	تعویض ساپورت زیر  Electro Motor  هوایاری	Y081722C	
675	تعویض رابط ساپورت راست Electro Motor	Y081732C	
676	تعویض رابط ساپورت چپ Electro Motor 	Y081742C	
677	تعویض ساپورت نگهدارنده سقف کمپرسور	Y081752C	
678	تعویض پایه فن 	Y081762C	
679	تعویض پایه خرک 	Y081772C	
680	تعویض صفحه نگهدارنده قاب فن	Y081782C	
681	تعویض صفحه روی خرک 	Y081792C	
682	تعویض قاب رادیاتور 	Y081802C	
683	تعویض قاب تسمه 	Y081812C	
684	تعویض قاب کناری   Electro Motor	Y081822C	
685	تعویض قاب کناری تابلو برق 	Y081832C	
686	تعویض قاب ورودی هوا 	Y081842C	
687	تعویض قاب صداگیر 	Y081852C	
688	تعویض نگهدارنده مخزن 	Y081862C	
689	دمونتاژ ایراند	Y091012C	
690	مونتاژ ایراند	Y091022C	
691	دمونتاژ آنلودر	Y091032C	
692	مونتاژ آنلودر	Y091042C	
693	تعویض فیلتر هوا	Y091052C	
694	تعویض فیلتر روغن	Y091062C	
695	تعویض فیلتر سپراتور 	Y091072C	
696	تعویض روغن	Y091082C	
697	تعویض کیت اویل استاپ ولو	Y091092C	
698	تعویض ترموستاتیک ولو	Y091102C	
699	تعویض کیت مینیمم پرشرولو	Y091112C	
700	تعویض کیت آنلودر	Y091122C	
701	تعویض تسمه ها	Y091132C	
702	دمونتاژ الکتروموتور	Y091142C	
703	مونتاژ الکتروموتور	Y091152C	
704	تعویض پولی ایراند	Y091162C	
705	تعویض پولی الکتروموتور	Y091172C	
706	دمونتاژ مینیمم پرشرولو	Y091182C	
707	مونتاژ مینیمم پرشرولو	Y091192C	
708	تعویض سوپاپ اطمینان	Y091202C	
709	مونتاژ رادیاتور	Y091212C	
710	دمونتاژ رادیاتور	Y091222C	
711	مونتاژ شاسی متحرک	Y091232C	
712	دمونتاژ شاسی متحرک	Y091242C	
713	مونتاژ/تعویض فن خنک کننده	Y091252C	
714	دمونتاژ فن خنک کننده	Y091262C	
715	تعویض کنتاکتور	Y091272C	
716	تعویض بی متال	Y091282C	
717	تعویض کنترل فاز	Y091292C	
718	تعویض کلید حرارتی	Y091302C	
719	تعویض کلید ON-Off	Y091312C	
720	تعویض emergency stop	Y091322C	
721	تعویض برد کنترلی	Y091332C	
722	تعویض سنسور دما	Y091342C	
723	نعویض سنسور فشار	Y091352C	
724	تعویض شیر یکطرفه ساکشن	Y091362C	
725	تنظیم لوله ساکشن	Y091372C	
726	تعویض شلنگ هوا-روغن	Y091382C	
727	تعویض شلنگ از مینیمم به رادیاتور	Y091392C	
728	تعویض شلنگ از مخزن سپراتور به پایه فیلتر	Y091402C	
729	تعویض شلنگ از پایه فیلتر به ایراند	Y091412C	
730	تعویض شلنگ - لوله از پایه فیلتر به رادیاتور(رفت)	Y091422C	
731	تعویض شلنگ - لوله از پایه فیلتر به رادیاتور(برگشت)	Y091432C	
732	تعویض شلنگ های پنوماتیک 	Y091442C	
733	شستشوی رادیاتور	Y091452C	
734	شستشوی کمپرسور	Y091462C	
735	تعویض فوم ها و غبارگیر	Y091472C	
736	تعویض قفل کابینت(هرعدد)	Y091482C	
737	تعویض کابل قدرت 	Y091492C	
738	تعویض بلبرینگ های الکتروموتور	Y091502C	
739	تعویض بلبرینگ های الکتروموتور فن	Y091512C	
740	تعویض پروانه فن	Y091522C	
741	تعویض توری غبارگیر	Y091532C	
742	تعویض sight glass	Y091542C	
743	شستشوی مخزن سپراتور	Y091552C	
744	تعویض شلنگ تخلیه روغن	Y091562C	
745	تعویض شیر تخلیه روغن مخزن سپراتور	Y091572C	
746	تعویض لرزه گیر	Y091582C	
747	تنظیم پولی ها	Y091592C	
748	TEST RUN	Y091602C	
749	تعویض گیج مخزن سپراتور	Y091612C	
750	زنگ زدایی، لکه گیری و نقاشی	Y091622C	
751	تعویض چک ولو زیر ایراند	Y091632C	
752	تعویض واشر آببندی آنلودر	Y091642C	
753	تعویض واشر آببندی چک ولو زیر ایراند	Y091652C	
754	تعویض کابینت تابلو برق 	Y091662C	
755	تعویض درب تابلو برق  	Y091672C	
756	تعویض صفحه بالائی تابلو برق 	Y091682C	
757	تعویض صفحه پایینی تابلو برق 	Y091692C	
758	تعویض درب کابینت هر کدام	Y091702C	
759	تعویض پنل کابینت هر کدام	Y091712C	
760	تعویض ساپورت زیر  Electro Motor  هوایاری	Y091722C	
761	تعویض رابط ساپورت راست Electro Motor	Y091732C	
762	تعویض رابط ساپورت چپ Electro Motor 	Y091742C	
763	تعویض ساپورت نگهدارنده سقف کمپرسور	Y091752C	
764	تعویض پایه فن 	Y091762C	
765	تعویض پایه خرک 	Y091772C	
766	تعویض صفحه نگهدارنده قاب فن	Y091782C	
767	تعویض صفحه روی خرک 	Y091792C	
768	تعویض قاب رادیاتور 	Y091802C	
769	تعویض قاب تسمه 	Y091812C	
770	تعویض قاب کناری   Electro Motor	Y091822C	
771	تعویض قاب کناری تابلو برق 	Y091832C	
772	تعویض قاب ورودی هوا 	Y091842C	
773	تعویض قاب صداگیر 	Y091852C	
774	تعویض نگهدارنده مخزن 	Y091862C	
775	دمونتاژ ایراند	Y101012C	
776	مونتاژ ایراند	Y101022C	
777	دمونتاژ آنلودر	Y101032C	
778	مونتاژ آنلودر	Y101042C	
779	تعویض فیلتر هوا	Y101052C	
780	تعویض فیلتر روغن	Y101062C	
781	تعویض فیلتر سپراتور 	Y101072C	
782	تعویض روغن	Y101082C	
783	تعویض کیت اویل استاپ ولو	Y101092C	
784	تعویض ترموستاتیک ولو	Y101102C	
785	تعویض کیت مینیمم پرشرولو	Y101112C	
786	تعویض کیت آنلودر	Y101122C	
787	تعویض تسمه ها	Y101132C	
788	دمونتاژ الکتروموتور	Y101142C	
789	مونتاژ الکتروموتور	Y101152C	
790	تعویض پولی ایراند	Y101162C	
791	تعویض پولی الکتروموتور	Y101172C	
792	دمونتاژ مینیمم پرشرولو	Y101182C	
793	مونتاژ مینیمم پرشرولو	Y101192C	
794	تعویض سوپاپ اطمینان	Y101202C	
795	مونتاژ رادیاتور	Y101212C	
796	دمونتاژ رادیاتور	Y101222C	
797	مونتاژ شاسی متحرک	Y101232C	
798	دمونتاژ شاسی متحرک	Y101242C	
799	مونتاژ/تعویض فن خنک کننده	Y101252C	
800	دمونتاژ فن خنک کننده	Y101262C	
801	تعویض کنتاکتور	Y101272C	
802	تعویض بی متال	Y101282C	
803	تعویض کنترل فاز	Y101292C	
804	تعویض کلید حرارتی	Y101302C	
805	تعویض کلید ON-Off	Y101312C	
806	تعویض emergency stop	Y101322C	
807	تعویض برد کنترلی	Y101332C	
808	تعویض سنسور دما	Y101342C	
809	نعویض سنسور فشار	Y101352C	
810	تعویض شیر یکطرفه ساکشن	Y101362C	
811	تنظیم لوله ساکشن	Y101372C	
812	تعویض شلنگ هوا-روغن	Y101382C	
813	تعویض شلنگ از مینیمم به رادیاتور	Y101392C	
814	تعویض شلنگ از مخزن سپراتور به پایه فیلتر	Y101402C	
815	تعویض شلنگ از پایه فیلتر به ایراند	Y101412C	
816	تعویض شلنگ - لوله از پایه فیلتر به رادیاتور(رفت)	Y101422C	
817	تعویض شلنگ - لوله از پایه فیلتر به رادیاتور(برگشت)	Y101432C	
818	تعویض شلنگ های پنوماتیک 	Y101442C	
819	شستشوی رادیاتور	Y101452C	
820	شستشوی کمپرسور	Y101462C	
821	تعویض فوم ها و غبارگیر	Y101472C	
822	تعویض قفل کابینت(هرعدد)	Y101482C	
823	تعویض کابل قدرت 	Y101492C	
824	تعویض بلبرینگ های الکتروموتور	Y101502C	
825	تعویض بلبرینگ های الکتروموتور فن	Y101512C	
826	تعویض پروانه فن	Y101522C	
827	تعویض توری غبارگیر	Y101532C	
828	تعویض sight glass	Y101542C	
829	شستشوی مخزن سپراتور	Y101552C	
830	تعویض شلنگ تخلیه روغن	Y101562C	
831	تعویض شیر تخلیه روغن مخزن سپراتور	Y101572C	
832	تعویض لرزه گیر	Y101582C	
833	تنظیم پولی ها	Y101592C	
834	TEST RUN	Y101602C	
835	تعویض گیج مخزن سپراتور	Y101612C	
836	زنگ زدایی، لکه گیری و نقاشی	Y101622C	
837	تعویض چک ولو زیر ایراند	Y101632C	
838	تعویض واشر آببندی آنلودر	Y101642C	
839	تعویض واشر آببندی چک ولو زیر ایراند	Y101652C	
840	تعویض کابینت تابلو برق 	Y101662C	
841	تعویض درب تابلو برق  	Y101672C	
842	تعویض صفحه بالائی تابلو برق 	Y101682C	
843	تعویض صفحه پایینی تابلو برق 	Y101692C	
844	تعویض درب کابینت هر کدام	Y101702C	
845	تعویض پنل کابینت هر کدام	Y101712C	
846	تعویض ساپورت زیر  Electro Motor  هوایاری	Y101722C	
847	تعویض رابط ساپورت راست Electro Motor	Y101732C	
848	تعویض رابط ساپورت چپ Electro Motor 	Y101742C	
849	تعویض ساپورت نگهدارنده سقف کمپرسور	Y101752C	
850	تعویض پایه فن 	Y101762C	
851	تعویض پایه خرک 	Y101772C	
852	تعویض صفحه نگهدارنده قاب فن	Y101782C	
853	تعویض صفحه روی خرک 	Y101792C	
854	تعویض قاب رادیاتور 	Y101802C	
855	تعویض قاب تسمه 	Y101812C	
856	تعویض قاب کناری   Electro Motor	Y101822C	
857	تعویض قاب کناری تابلو برق 	Y101832C	
858	تعویض قاب ورودی هوا 	Y101842C	
859	تعویض قاب صداگیر 	Y101852C	
860	تعویض نگهدارنده مخزن 	Y101862C	
861	دمونتاژ ایراند	Y111012C	
862	مونتاژ ایراند	Y111022C	
863	دمونتاژ آنلودر	Y111032C	
864	مونتاژ آنلودر	Y111042C	
865	تعویض فیلتر هوا	Y111052C	
866	تعویض فیلتر روغن	Y111062C	
867	تعویض فیلتر سپراتور 	Y111072C	
868	تعویض روغن	Y111082C	
869	تعویض کیت اویل استاپ ولو	Y111092C	
870	تعویض ترموستاتیک ولو	Y111102C	
871	تعویض کیت مینیمم پرشرولو	Y111112C	
872	تعویض کیت آنلودر	Y111122C	
873	تعویض تسمه ها	Y111132C	
874	دمونتاژ الکتروموتور	Y111142C	
875	مونتاژ الکتروموتور	Y111152C	
876	تعویض پولی ایراند	Y111162C	
877	تعویض پولی الکتروموتور	Y111172C	
878	دمونتاژ مینیمم پرشرولو	Y111182C	
879	مونتاژ مینیمم پرشرولو	Y111192C	
880	تعویض سوپاپ اطمینان	Y111202C	
881	مونتاژ رادیاتور	Y111212C	
882	دمونتاژ رادیاتور	Y111222C	
883	مونتاژ شاسی متحرک	Y111232C	
884	دمونتاژ شاسی متحرک	Y111242C	
885	مونتاژ/تعویض فن خنک کننده	Y111252C	
886	دمونتاژ فن خنک کننده	Y111262C	
887	تعویض کنتاکتور	Y111272C	
888	تعویض بی متال	Y111282C	
889	تعویض کنترل فاز	Y111292C	
890	تعویض کلید حرارتی	Y111302C	
891	تعویض کلید ON-Off	Y111312C	
892	تعویض emergency stop	Y111322C	
893	تعویض برد کنترلی	Y111332C	
894	تعویض سنسور دما	Y111342C	
895	نعویض سنسور فشار	Y111352C	
896	تعویض شیر یکطرفه ساکشن	Y111362C	
897	تنظیم لوله ساکشن	Y111372C	
898	تعویض شلنگ هوا-روغن	Y111382C	
899	تعویض شلنگ از مینیمم به رادیاتور	Y111392C	
900	تعویض شلنگ از مخزن سپراتور به پایه فیلتر	Y111402C	
901	تعویض شلنگ از پایه فیلتر به ایراند	Y111412C	
902	تعویض شلنگ - لوله از پایه فیلتر به رادیاتور(رفت)	Y111422C	
903	تعویض شلنگ - لوله از پایه فیلتر به رادیاتور(برگشت)	Y111432C	
904	تعویض شلنگ های پنوماتیک 	Y111442C	
905	شستشوی رادیاتور	Y111452C	
906	شستشوی کمپرسور	Y111462C	
907	تعویض فوم ها و غبارگیر	Y111472C	
908	تعویض قفل کابینت(هرعدد)	Y111482C	
909	تعویض کابل قدرت 	Y111492C	
910	تعویض بلبرینگ های الکتروموتور	Y111502C	
911	تعویض بلبرینگ های الکتروموتور فن	Y111512C	
912	تعویض پروانه فن	Y111522C	
913	تعویض توری غبارگیر	Y111532C	
914	تعویض sight glass	Y111542C	
915	شستشوی مخزن سپراتور	Y111552C	
916	تعویض شلنگ تخلیه روغن	Y111562C	
917	تعویض شیر تخلیه روغن مخزن سپراتور	Y111572C	
918	تعویض لرزه گیر	Y111582C	
919	تنظیم پولی ها	Y111592C	
920	TEST RUN	Y111602C	
921	تعویض گیج مخزن سپراتور	Y111612C	
922	زنگ زدایی، لکه گیری و نقاشی	Y111622C	
923	تعویض چک ولو زیر ایراند	Y111632C	
924	تعویض واشر آببندی آنلودر	Y111642C	
925	تعویض واشر آببندی چک ولو زیر ایراند	Y111652C	
926	تعویض کابینت تابلو برق 	Y111662C	
927	تعویض درب تابلو برق  	Y111672C	
928	تعویض صفحه بالائی تابلو برق 	Y111682C	
929	تعویض صفحه پایینی تابلو برق 	Y111692C	
930	تعویض درب کابینت هر کدام	Y111702C	
931	تعویض پنل کابینت هر کدام	Y111712C	
932	تعویض ساپورت زیر  Electro Motor  هوایاری	Y111722C	
933	تعویض رابط ساپورت راست Electro Motor	Y111732C	
934	تعویض رابط ساپورت چپ Electro Motor 	Y111742C	
935	تعویض ساپورت نگهدارنده سقف کمپرسور	Y111752C	
936	تعویض پایه فن 	Y111762C	
937	تعویض پایه خرک 	Y111772C	
938	تعویض صفحه نگهدارنده قاب فن	Y111782C	
939	تعویض صفحه روی خرک 	Y111792C	
940	تعویض قاب رادیاتور 	Y111802C	
941	تعویض قاب تسمه 	Y111812C	
942	تعویض قاب کناری   Electro Motor	Y111822C	
943	تعویض قاب کناری تابلو برق 	Y111832C	
944	تعویض قاب ورودی هوا 	Y111842C	
945	تعویض قاب صداگیر 	Y111852C	
946	تعویض نگهدارنده مخزن 	Y111862C	
947	دمونتاژ ایراند	Y121012C	
948	مونتاژ ایراند	Y121022C	
949	دمونتاژ آنلودر	Y121032C	
950	مونتاژ آنلودر	Y121042C	
951	تعویض فیلتر هوا	Y121052C	
952	تعویض فیلتر روغن	Y121062C	
953	تعویض فیلتر سپراتور 	Y121072C	
954	تعویض روغن	Y121082C	
955	تعویض کیت اویل استاپ ولو	Y121092C	
956	تعویض ترموستاتیک ولو	Y121102C	
957	تعویض کیت مینیمم پرشرولو	Y121112C	
958	تعویض کیت آنلودر	Y121122C	
959	تعویض تسمه ها	Y121132C	
960	دمونتاژ الکتروموتور	Y121142C	
961	مونتاژ الکتروموتور	Y121152C	
962	تعویض پولی ایراند	Y121162C	
963	تعویض پولی الکتروموتور	Y121172C	
964	دمونتاژ مینیمم پرشرولو	Y121182C	
965	مونتاژ مینیمم پرشرولو	Y121192C	
966	تعویض سوپاپ اطمینان	Y121202C	
967	مونتاژ رادیاتور	Y121212C	
968	دمونتاژ رادیاتور	Y121222C	
969	مونتاژ شاسی متحرک	Y121232C	
970	دمونتاژ شاسی متحرک	Y121242C	
971	مونتاژ/تعویض فن خنک کننده	Y121252C	
972	دمونتاژ فن خنک کننده	Y121262C	
973	تعویض کنتاکتور	Y121272C	
974	تعویض بی متال	Y121282C	
975	تعویض کنترل فاز	Y121292C	
976	تعویض کلید حرارتی	Y121302C	
977	تعویض کلید ON-Off	Y121312C	
978	تعویض emergency stop	Y121322C	
979	تعویض برد کنترلی	Y121332C	
980	تعویض سنسور دما	Y121342C	
981	نعویض سنسور فشار	Y121352C	
982	تعویض شیر یکطرفه ساکشن	Y121362C	
983	تنظیم لوله ساکشن	Y121372C	
984	تعویض شلنگ هوا-روغن	Y121382C	
985	تعویض شلنگ از مینیمم به رادیاتور	Y121392C	
986	تعویض شلنگ از مخزن سپراتور به پایه فیلتر	Y121402C	
987	تعویض شلنگ از پایه فیلتر به ایراند	Y121412C	
988	تعویض شلنگ - لوله از پایه فیلتر به رادیاتور(رفت)	Y121422C	
989	تعویض شلنگ - لوله از پایه فیلتر به رادیاتور(برگشت)	Y121432C	
990	تعویض شلنگ های پنوماتیک 	Y121442C	
991	شستشوی رادیاتور	Y121452C	
992	شستشوی کمپرسور	Y121462C	
993	تعویض فوم ها و غبارگیر	Y121472C	
994	تعویض قفل کابینت(هرعدد)	Y121482C	
995	تعویض کابل قدرت 	Y121492C	
996	تعویض بلبرینگ های الکتروموتور	Y121502C	
997	تعویض بلبرینگ های الکتروموتور فن	Y121512C	
998	تعویض پروانه فن	Y121522C	
999	تعویض توری غبارگیر	Y121532C	
1000	تعویض sight glass	Y121542C	
1001	شستشوی مخزن سپراتور	Y121552C	
1002	تعویض شلنگ تخلیه روغن	Y121562C	
1003	تعویض شیر تخلیه روغن مخزن سپراتور	Y121572C	
1004	تعویض لرزه گیر	Y121582C	
1005	تنظیم پولی ها	Y121592C	
1006	TEST RUN	Y121602C	
1007	تعویض گیج مخزن سپراتور	Y121612C	
1008	زنگ زدایی، لکه گیری و نقاشی	Y121622C	
1009	تعویض چک ولو زیر ایراند	Y121632C	
1010	تعویض واشر آببندی آنلودر	Y121642C	
1011	تعویض واشر آببندی چک ولو زیر ایراند	Y121652C	
1012	تعویض کابینت تابلو برق 	Y121662C	
1013	تعویض درب تابلو برق  	Y121672C	
1014	تعویض صفحه بالائی تابلو برق 	Y121682C	
1015	تعویض صفحه پایینی تابلو برق 	Y121692C	
1016	تعویض درب کابینت هر کدام	Y121702C	
1017	تعویض پنل کابینت هر کدام	Y121712C	
1018	تعویض ساپورت زیر  Electro Motor  هوایاری	Y121722C	
1019	تعویض رابط ساپورت راست Electro Motor	Y121732C	
1020	تعویض رابط ساپورت چپ Electro Motor 	Y121742C	
1021	تعویض ساپورت نگهدارنده سقف کمپرسور	Y121752C	
1022	تعویض پایه فن 	Y121762C	
1023	تعویض پایه خرک 	Y121772C	
1024	تعویض صفحه نگهدارنده قاب فن	Y121782C	
1025	تعویض صفحه روی خرک 	Y121792C	
1026	تعویض قاب رادیاتور 	Y121802C	
1027	تعویض قاب تسمه 	Y121812C	
1028	تعویض قاب کناری   Electro Motor	Y121822C	
1029	تعویض قاب کناری تابلو برق 	Y121832C	
1030	تعویض قاب ورودی هوا 	Y121842C	
1031	تعویض قاب صداگیر 	Y121852C	
1032	تعویض نگهدارنده مخزن 	Y121862C	
1033	دمونتاژ ایراند	Y131012C	
1034	مونتاژ ایراند	Y131022C	
1035	دمونتاژ آنلودر	Y131032C	
1036	مونتاژ آنلودر	Y131042C	
1037	تعویض فیلتر هوا	Y131052C	
1038	تعویض فیلتر روغن	Y131062C	
1039	تعویض فیلتر سپراتور 	Y131072C	
1040	تعویض روغن	Y131082C	
1041	تعویض کیت اویل استاپ ولو	Y131092C	
1042	تعویض ترموستاتیک ولو	Y131102C	
1043	تعویض کیت مینیمم پرشرولو	Y131112C	
1044	تعویض کیت آنلودر	Y131122C	
1045	تعویض تسمه ها	Y131132C	
1046	دمونتاژ الکتروموتور	Y131142C	
1047	مونتاژ الکتروموتور	Y131152C	
1048	تعویض پولی ایراند	Y131162C	
1049	تعویض پولی الکتروموتور	Y131172C	
1050	دمونتاژ مینیمم پرشرولو	Y131182C	
1051	مونتاژ مینیمم پرشرولو	Y131192C	
1052	تعویض سوپاپ اطمینان	Y131202C	
1053	مونتاژ رادیاتور	Y131212C	
1054	دمونتاژ رادیاتور	Y131222C	
1055	مونتاژ شاسی متحرک	Y131232C	
1056	دمونتاژ شاسی متحرک	Y131242C	
1057	مونتاژ/تعویض فن خنک کننده	Y131252C	
1058	دمونتاژ فن خنک کننده	Y131262C	
1059	تعویض کنتاکتور	Y131272C	
1060	تعویض بی متال	Y131282C	
1061	تعویض کنترل فاز	Y131292C	
1062	تعویض کلید حرارتی	Y131302C	
1063	تعویض کلید ON-Off	Y131312C	
1064	تعویض emergency stop	Y131322C	
1065	تعویض برد کنترلی	Y131332C	
1066	تعویض سنسور دما	Y131342C	
1067	نعویض سنسور فشار	Y131352C	
1068	تعویض شیر یکطرفه ساکشن	Y131362C	
1069	تنظیم لوله ساکشن	Y131372C	
1070	تعویض شلنگ هوا-روغن	Y131382C	
1071	تعویض شلنگ از مینیمم به رادیاتور	Y131392C	
1072	تعویض شلنگ از مخزن سپراتور به پایه فیلتر	Y131402C	
1073	تعویض شلنگ از پایه فیلتر به ایراند	Y131412C	
1074	تعویض شلنگ - لوله از پایه فیلتر به رادیاتور(رفت)	Y131422C	
1075	تعویض شلنگ - لوله از پایه فیلتر به رادیاتور(برگشت)	Y131432C	
1076	تعویض شلنگ های پنوماتیک 	Y131442C	
1077	شستشوی رادیاتور	Y131452C	
1078	شستشوی کمپرسور	Y131462C	
1079	تعویض فوم ها و غبارگیر	Y131472C	
1080	تعویض قفل کابینت(هرعدد)	Y131482C	
1081	تعویض کابل قدرت 	Y131492C	
1082	تعویض بلبرینگ های الکتروموتور	Y131502C	
1083	تعویض بلبرینگ های الکتروموتور فن	Y131512C	
1084	تعویض پروانه فن	Y131522C	
1085	تعویض توری غبارگیر	Y131532C	
1086	تعویض sight glass	Y131542C	
1087	شستشوی مخزن سپراتور	Y131552C	
1088	تعویض شلنگ تخلیه روغن	Y131562C	
1089	تعویض شیر تخلیه روغن مخزن سپراتور	Y131572C	
1090	تعویض لرزه گیر	Y131582C	
1091	تنظیم پولی ها	Y131592C	
1092	TEST RUN	Y131602C	
1093	تعویض گیج مخزن سپراتور	Y131612C	
1094	زنگ زدایی، لکه گیری و نقاشی	Y131622C	
1095	تعویض چک ولو زیر ایراند	Y131632C	
1096	تعویض واشر آببندی آنلودر	Y131642C	
1097	تعویض واشر آببندی چک ولو زیر ایراند	Y131652C	
1098	تعویض کابینت تابلو برق 	Y131662C	
1099	تعویض درب تابلو برق  	Y131672C	
1100	تعویض صفحه بالائی تابلو برق 	Y131682C	
1101	تعویض صفحه پایینی تابلو برق 	Y131692C	
1102	تعویض درب کابینت هر کدام	Y131702C	
1103	تعویض پنل کابینت هر کدام	Y131712C	
1104	تعویض ساپورت زیر  Electro Motor  هوایاری	Y131722C	
1105	تعویض رابط ساپورت راست Electro Motor	Y131732C	
1106	تعویض رابط ساپورت چپ Electro Motor 	Y131742C	
1107	تعویض ساپورت نگهدارنده سقف کمپرسور	Y131752C	
1108	تعویض پایه فن 	Y131762C	
1109	تعویض پایه خرک 	Y131772C	
1110	تعویض صفحه نگهدارنده قاب فن	Y131782C	
1111	تعویض صفحه روی خرک 	Y131792C	
1112	تعویض قاب رادیاتور 	Y131802C	
1113	تعویض قاب تسمه 	Y131812C	
1114	تعویض قاب کناری   Electro Motor	Y131822C	
1115	تعویض قاب کناری تابلو برق 	Y131832C	
1116	تعویض قاب ورودی هوا 	Y131842C	
1117	تعویض قاب صداگیر 	Y131852C	
1118	تعویض نگهدارنده مخزن 	Y131862C	
1119	دمونتاژ ایراند	Y141012C	
1120	مونتاژ ایراند	Y141022C	
1121	دمونتاژ آنلودر	Y141032C	
1122	مونتاژ آنلودر	Y141042C	
1123	تعویض فیلتر هوا	Y141052C	
1124	تعویض فیلتر روغن	Y141062C	
1125	تعویض فیلتر سپراتور 	Y141072C	
1126	تعویض روغن	Y141082C	
1127	تعویض کیت اویل استاپ ولو	Y141092C	
1128	تعویض ترموستاتیک ولو	Y141102C	
1129	تعویض کیت مینیمم پرشرولو	Y141112C	
1130	تعویض کیت آنلودر	Y141122C	
1131	تعویض تسمه ها	Y141132C	
1132	دمونتاژ الکتروموتور	Y141142C	
1133	مونتاژ الکتروموتور	Y141152C	
1134	تعویض پولی ایراند	Y141162C	
1135	تعویض پولی الکتروموتور	Y141172C	
1136	دمونتاژ مینیمم پرشرولو	Y141182C	
1137	مونتاژ مینیمم پرشرولو	Y141192C	
1138	تعویض سوپاپ اطمینان	Y141202C	
1139	مونتاژ رادیاتور	Y141212C	
1140	دمونتاژ رادیاتور	Y141222C	
1141	مونتاژ شاسی متحرک	Y141232C	
1142	دمونتاژ شاسی متحرک	Y141242C	
1143	مونتاژ/تعویض فن خنک کننده	Y141252C	
1144	دمونتاژ فن خنک کننده	Y141262C	
1145	تعویض کنتاکتور	Y141272C	
1146	تعویض بی متال	Y141282C	
1147	تعویض کنترل فاز	Y141292C	
1148	تعویض کلید حرارتی	Y141302C	
1149	تعویض کلید ON-Off	Y141312C	
1150	تعویض emergency stop	Y141322C	
1151	تعویض برد کنترلی	Y141332C	
1152	تعویض سنسور دما	Y141342C	
1153	نعویض سنسور فشار	Y141352C	
1154	تعویض شیر یکطرفه ساکشن	Y141362C	
1155	تنظیم لوله ساکشن	Y141372C	
1156	تعویض شلنگ هوا-روغن	Y141382C	
1157	تعویض شلنگ از مینیمم به رادیاتور	Y141392C	
1158	تعویض شلنگ از مخزن سپراتور به پایه فیلتر	Y141402C	
1159	تعویض شلنگ از پایه فیلتر به ایراند	Y141412C	
1160	تعویض شلنگ - لوله از پایه فیلتر به رادیاتور(رفت)	Y141422C	
1161	تعویض شلنگ - لوله از پایه فیلتر به رادیاتور(برگشت)	Y141432C	
1162	تعویض شلنگ های پنوماتیک 	Y141442C	
1163	شستشوی رادیاتور	Y141452C	
1164	شستشوی کمپرسور	Y141462C	
1165	تعویض فوم ها و غبارگیر	Y141472C	
1166	تعویض قفل کابینت(هرعدد)	Y141482C	
1167	تعویض کابل قدرت 	Y141492C	
1168	تعویض بلبرینگ های الکتروموتور	Y141502C	
1169	تعویض بلبرینگ های الکتروموتور فن	Y141512C	
1170	تعویض پروانه فن	Y141522C	
1171	تعویض توری غبارگیر	Y141532C	
1172	تعویض sight glass	Y141542C	
1173	شستشوی مخزن سپراتور	Y141552C	
1174	تعویض شلنگ تخلیه روغن	Y141562C	
1175	تعویض شیر تخلیه روغن مخزن سپراتور	Y141572C	
1176	تعویض لرزه گیر	Y141582C	
1177	تنظیم پولی ها	Y141592C	
1178	TEST RUN	Y141602C	
1179	تعویض گیج مخزن سپراتور	Y141612C	
1180	زنگ زدایی، لکه گیری و نقاشی	Y141622C	
1181	تعویض چک ولو زیر ایراند	Y141632C	
1182	تعویض واشر آببندی آنلودر	Y141642C	
1183	تعویض واشر آببندی چک ولو زیر ایراند	Y141652C	
1184	تعویض کابینت تابلو برق 	Y141662C	
1185	تعویض درب تابلو برق  	Y141672C	
1186	تعویض صفحه بالائی تابلو برق 	Y141682C	
1187	تعویض صفحه پایینی تابلو برق 	Y141692C	
1188	تعویض درب کابینت هر کدام	Y141702C	
1189	تعویض پنل کابینت هر کدام	Y141712C	
1190	تعویض ساپورت زیر  Electro Motor  هوایاری	Y141722C	
1191	تعویض رابط ساپورت راست Electro Motor	Y141732C	
1192	تعویض رابط ساپورت چپ Electro Motor 	Y141742C	
1193	تعویض ساپورت نگهدارنده سقف کمپرسور	Y141752C	
1194	تعویض پایه فن 	Y141762C	
1195	تعویض پایه خرک 	Y141772C	
1196	تعویض صفحه نگهدارنده قاب فن	Y141782C	
1197	تعویض صفحه روی خرک 	Y141792C	
1198	تعویض قاب رادیاتور 	Y141802C	
1199	تعویض قاب تسمه 	Y141812C	
1200	تعویض قاب کناری   Electro Motor	Y141822C	
1201	تعویض قاب کناری تابلو برق 	Y141832C	
1202	تعویض قاب ورودی هوا 	Y141842C	
1203	تعویض قاب صداگیر 	Y141852C	
1204	تعویض نگهدارنده مخزن 	Y141862C	
1205	دمونتاژ ایراند	Y151012C	
1206	مونتاژ ایراند	Y151022C	
1207	دمونتاژ آنلودر	Y151032C	
1208	مونتاژ آنلودر	Y151042C	
1209	تعویض فیلتر هوا	Y151052C	
1210	تعویض فیلتر روغن	Y151062C	
1211	تعویض فیلتر سپراتور 	Y151072C	
1212	تعویض روغن	Y151082C	
1213	تعویض کیت اویل استاپ ولو	Y151092C	
1214	تعویض ترموستاتیک ولو	Y151102C	
1215	تعویض کیت مینیمم پرشرولو	Y151112C	
1216	تعویض کیت آنلودر	Y151122C	
1217	تعویض تسمه ها	Y151132C	
1218	دمونتاژ الکتروموتور	Y151142C	
1219	مونتاژ الکتروموتور	Y151152C	
1220	تعویض پولی ایراند	Y151162C	
1221	تعویض پولی الکتروموتور	Y151172C	
1222	دمونتاژ مینیمم پرشرولو	Y151182C	
1223	مونتاژ مینیمم پرشرولو	Y151192C	
1224	تعویض سوپاپ اطمینان	Y151202C	
1225	مونتاژ رادیاتور	Y151212C	
1226	دمونتاژ رادیاتور	Y151222C	
1227	مونتاژ شاسی متحرک	Y151232C	
1228	دمونتاژ شاسی متحرک	Y151242C	
1229	مونتاژ/تعویض فن خنک کننده	Y151252C	
1230	دمونتاژ فن خنک کننده	Y151262C	
1231	تعویض کنتاکتور	Y151272C	
1232	تعویض بی متال	Y151282C	
1233	تعویض کنترل فاز	Y151292C	
1234	تعویض کلید حرارتی	Y151302C	
1235	تعویض کلید ON-Off	Y151312C	
1236	تعویض emergency stop	Y151322C	
1237	تعویض برد کنترلی	Y151332C	
1238	تعویض سنسور دما	Y151342C	
1239	نعویض سنسور فشار	Y151352C	
1240	تعویض شیر یکطرفه ساکشن	Y151362C	
1241	تنظیم لوله ساکشن	Y151372C	
1242	تعویض شلنگ هوا-روغن	Y151382C	
1243	تعویض شلنگ از مینیمم به رادیاتور	Y151392C	
1244	تعویض شلنگ از مخزن سپراتور به پایه فیلتر	Y151402C	
1245	تعویض شلنگ از پایه فیلتر به ایراند	Y151412C	
1246	تعویض شلنگ - لوله از پایه فیلتر به رادیاتور(رفت)	Y151422C	
1247	تعویض شلنگ - لوله از پایه فیلتر به رادیاتور(برگشت)	Y151432C	
1248	تعویض شلنگ های پنوماتیک 	Y151442C	
1249	شستشوی رادیاتور	Y151452C	
1250	شستشوی کمپرسور	Y151462C	
1251	تعویض فوم ها و غبارگیر	Y151472C	
1252	تعویض قفل کابینت(هرعدد)	Y151482C	
1253	تعویض کابل قدرت 	Y151492C	
1254	تعویض بلبرینگ های الکتروموتور	Y151502C	
1255	تعویض بلبرینگ های الکتروموتور فن	Y151512C	
1256	تعویض پروانه فن	Y151522C	
1257	تعویض توری غبارگیر	Y151532C	
1258	تعویض sight glass	Y151542C	
1259	شستشوی مخزن سپراتور	Y151552C	
1260	تعویض شلنگ تخلیه روغن	Y151562C	
1261	تعویض شیر تخلیه روغن مخزن سپراتور	Y151572C	
1262	تعویض لرزه گیر	Y151582C	
1263	تنظیم پولی ها	Y151592C	
1264	TEST RUN	Y151602C	
1265	تعویض گیج مخزن سپراتور	Y151612C	
1266	زنگ زدایی، لکه گیری و نقاشی	Y151622C	
1267	تعویض چک ولو زیر ایراند	Y151632C	
1268	تعویض واشر آببندی آنلودر	Y151642C	
1269	تعویض واشر آببندی چک ولو زیر ایراند	Y151652C	
1270	تعویض کابینت تابلو برق 	Y151662C	
1271	تعویض درب تابلو برق  	Y151672C	
1272	تعویض صفحه بالائی تابلو برق 	Y151682C	
1273	تعویض صفحه پایینی تابلو برق 	Y151692C	
1274	تعویض درب کابینت هر کدام	Y151702C	
1275	تعویض پنل کابینت هر کدام	Y151712C	
1276	تعویض ساپورت زیر  Electro Motor  هوایاری	Y151722C	
1277	تعویض رابط ساپورت راست Electro Motor	Y151732C	
1278	تعویض رابط ساپورت چپ Electro Motor 	Y151742C	
1279	تعویض ساپورت نگهدارنده سقف کمپرسور	Y151752C	
1280	تعویض پایه فن 	Y151762C	
1281	تعویض پایه خرک 	Y151772C	
1282	تعویض صفحه نگهدارنده قاب فن	Y151782C	
1283	تعویض صفحه روی خرک 	Y151792C	
1284	تعویض قاب رادیاتور 	Y151802C	
1285	تعویض قاب تسمه 	Y151812C	
1286	تعویض قاب کناری   Electro Motor	Y151822C	
1287	تعویض قاب کناری تابلو برق 	Y151832C	
1288	تعویض قاب ورودی هوا 	Y151842C	
1289	تعویض قاب صداگیر 	Y151852C	
1290	تعویض نگهدارنده مخزن 	Y151862C	
1291	دمونتاژ ایراند	H011012C	
1292	مونتاژ ایراند	H011022C	
1293	دمونتاژ آنلودر	H011032C	
1294	مونتاژ آنلودر	H011042C	
1295	تعویض فیلتر هوا	H011052C	
1296	تعویض فیلتر روغن	H011062C	
1297	تعویض فیلتر سپراتور 	H011072C	
1298	تعویض روغن	H011082C	
1299	تعویض کیت اویل استاپ ولو	H011092C	
1300	تعویض ترموستاتیک ولو	H011102C	
1301	تعویض کیت مینیمم پرشرولو	H011112C	
1302	تعویض کیت آنلودر	H011122C	
1303	تعویض تسمه ها	H011132C	
1304	دمونتاژ الکتروموتور	H011142C	
1305	مونتاژ الکتروموتور	H011152C	
1306	تعویض پولی ایراند	H011162C	
1307	تعویض پولی الکتروموتور	H011172C	
1308	دمونتاژ مینیمم پرشرولو	H011182C	
1309	مونتاژ مینیمم پرشرولو	H011192C	
1310	تعویض سوپاپ اطمینان	H011202C	
1311	مونتاژ رادیاتور	H011212C	
1312	دمونتاژ رادیاتور	H011222C	
1313	مونتاژ شاسی متحرک	H011232C	
1314	دمونتاژ شاسی متحرک	H011242C	
1315	مونتاژ/تعویض فن خنک کننده	H011252C	
1316	دمونتاژ فن خنک کننده	H011262C	
1317	تعویض کنتاکتور	H011272C	
1318	تعویض بی متال	H011282C	
1319	تعویض کنترل فاز	H011292C	
1320	تعویض کلید حرارتی	H011302C	
1321	تعویض کلید ON-Off	H011312C	
1322	تعویض emergency stop	H011322C	
1323	تعویض برد کنترلی	H011332C	
1324	تعویض سنسور دما	H011342C	
1325	نعویض سنسور فشار	H011352C	
1326	تعویض شیر یکطرفه ساکشن	H011362C	
1327	تنظیم لوله ساکشن	H011372C	
1328	تعویض شلنگ هوا-روغن	H011382C	
1329	تعویض شلنگ از مینیمم به رادیاتور	H011392C	
1330	تعویض شلنگ از مخزن سپراتور به پایه فیلتر	H011402C	
1331	تعویض شلنگ از پایه فیلتر به ایراند	H011412C	
1332	تعویض شلنگ - لوله از پایه فیلتر به رادیاتور(رفت)	H011422C	
1333	تعویض شلنگ - لوله از پایه فیلتر به رادیاتور(برگشت)	H011432C	
1334	تعویض شلنگ های پنوماتیک 	H011442C	
1335	شستشوی رادیاتور	H011452C	
1336	شستشوی کمپرسور	H011462C	
1337	تعویض فوم ها و غبارگیر	H011472C	
1338	تعویض قفل کابینت(هرعدد)	H011482C	
1339	تعویض کابل قدرت 	H011492C	
1340	تعویض بلبرینگ های الکتروموتور	H011502C	
1341	تعویض بلبرینگ های الکتروموتور فن	H011512C	
1342	تعویض پروانه فن	H011522C	
1343	تعویض توری غبارگیر	H011532C	
1344	تعویض sight glass	H011542C	
1345	شستشوی مخزن سپراتور	H011552C	
1346	تعویض شلنگ تخلیه روغن	H011562C	
1347	تعویض شیر تخلیه روغن مخزن سپراتور	H011572C	
1348	تعویض لرزه گیر	H011582C	
1349	تنظیم پولی ها	H011592C	
1350	TEST RUN	H011602C	
1351	تعویض گیج مخزن سپراتور	H011612C	
1352	زنگ زدایی، لکه گیری و نقاشی	H011622C	
1353	تعویض چک ولو زیر ایراند	H011632C	
1354	تعویض واشر آببندی آنلودر	H011642C	
1355	تعویض واشر آببندی چک ولو زیر ایراند	H011652C	
1356	تعویض کابینت تابلو برق 	H011662C	
1357	تعویض درب تابلو برق  	H011672C	
1358	تعویض صفحه بالائی تابلو برق 	H011682C	
1359	تعویض صفحه پایینی تابلو برق 	H011692C	
1360	تعویض درب کابینت هر کدام	H011702C	
1361	تعویض پنل کابینت هر کدام	H011712C	
1362	تعویض ساپورت زیر  Electro Motor  هوایاری	H011722C	
1363	تعویض رابط ساپورت راست Electro Motor	H011732C	
1364	تعویض رابط ساپورت چپ Electro Motor 	H011742C	
1365	تعویض ساپورت نگهدارنده سقف کمپرسور	H011752C	
1366	تعویض پایه فن 	H011762C	
1367	تعویض پایه خرک 	H011772C	
1368	تعویض صفحه نگهدارنده قاب فن	H011782C	
1369	تعویض صفحه روی خرک 	H011792C	
1370	تعویض قاب رادیاتور 	H011802C	
1371	تعویض قاب تسمه 	H011812C	
1372	تعویض قاب کناری   Electro Motor	H011822C	
1373	تعویض قاب کناری تابلو برق 	H011832C	
1374	تعویض قاب ورودی هوا 	H011842C	
1375	تعویض قاب صداگیر 	H011852C	
1376	تعویض نگهدارنده مخزن 	H011862C	
1377	دمونتاژ ایراند	H021012C	
1378	مونتاژ ایراند	H021022C	
1379	دمونتاژ آنلودر	H021032C	
1380	مونتاژ آنلودر	H021042C	
1381	تعویض فیلتر هوا	H021052C	
1382	تعویض فیلتر روغن	H021062C	
1383	تعویض فیلتر سپراتور 	H021072C	
1384	تعویض روغن	H021082C	
1385	تعویض کیت اویل استاپ ولو	H021092C	
1386	تعویض ترموستاتیک ولو	H021102C	
1387	تعویض کیت مینیمم پرشرولو	H021112C	
1388	تعویض کیت آنلودر	H021122C	
1389	تعویض تسمه ها	H021132C	
1390	دمونتاژ الکتروموتور	H021142C	
1391	مونتاژ الکتروموتور	H021152C	
1392	تعویض پولی ایراند	H021162C	
1393	تعویض پولی الکتروموتور	H021172C	
1394	دمونتاژ مینیمم پرشرولو	H021182C	
1395	مونتاژ مینیمم پرشرولو	H021192C	
1396	تعویض سوپاپ اطمینان	H021202C	
1397	مونتاژ رادیاتور	H021212C	
1398	دمونتاژ رادیاتور	H021222C	
1399	مونتاژ شاسی متحرک	H021232C	
1400	دمونتاژ شاسی متحرک	H021242C	
1401	مونتاژ/تعویض فن خنک کننده	H021252C	
1402	دمونتاژ فن خنک کننده	H021262C	
1403	تعویض کنتاکتور	H021272C	
1404	تعویض بی متال	H021282C	
1405	تعویض کنترل فاز	H021292C	
1406	تعویض کلید حرارتی	H021302C	
1407	تعویض کلید ON-Off	H021312C	
1408	تعویض emergency stop	H021322C	
1409	تعویض برد کنترلی	H021332C	
1410	تعویض سنسور دما	H021342C	
1411	نعویض سنسور فشار	H021352C	
1412	تعویض شیر یکطرفه ساکشن	H021362C	
1413	تنظیم لوله ساکشن	H021372C	
1414	تعویض شلنگ هوا-روغن	H021382C	
1415	تعویض شلنگ از مینیمم به رادیاتور	H021392C	
1416	تعویض شلنگ از مخزن سپراتور به پایه فیلتر	H021402C	
1417	تعویض شلنگ از پایه فیلتر به ایراند	H021412C	
1418	تعویض شلنگ - لوله از پایه فیلتر به رادیاتور(رفت)	H021422C	
1419	تعویض شلنگ - لوله از پایه فیلتر به رادیاتور(برگشت)	H021432C	
1420	تعویض شلنگ های پنوماتیک 	H021442C	
1421	شستشوی رادیاتور	H021452C	
1422	شستشوی کمپرسور	H021462C	
1423	تعویض فوم ها و غبارگیر	H021472C	
1424	تعویض قفل کابینت(هرعدد)	H021482C	
1425	تعویض کابل قدرت 	H021492C	
1426	تعویض بلبرینگ های الکتروموتور	H021502C	
1427	تعویض بلبرینگ های الکتروموتور فن	H021512C	
1428	تعویض پروانه فن	H021522C	
1429	تعویض توری غبارگیر	H021532C	
1430	تعویض sight glass	H021542C	
1431	شستشوی مخزن سپراتور	H021552C	
1432	تعویض شلنگ تخلیه روغن	H021562C	
1433	تعویض شیر تخلیه روغن مخزن سپراتور	H021572C	
1434	تعویض لرزه گیر	H021582C	
1435	تنظیم پولی ها	H021592C	
1436	TEST RUN	H021602C	
1437	تعویض گیج مخزن سپراتور	H021612C	
1438	زنگ زدایی، لکه گیری و نقاشی	H021622C	
1439	تعویض چک ولو زیر ایراند	H021632C	
1440	تعویض واشر آببندی آنلودر	H021642C	
1441	تعویض واشر آببندی چک ولو زیر ایراند	H021652C	
1442	تعویض کابینت تابلو برق 	H021662C	
1443	تعویض درب تابلو برق  	H021672C	
1444	تعویض صفحه بالائی تابلو برق 	H021682C	
1445	تعویض صفحه پایینی تابلو برق 	H021692C	
1446	تعویض درب کابینت هر کدام	H021702C	
1447	تعویض پنل کابینت هر کدام	H021712C	
1448	تعویض ساپورت زیر  Electro Motor  هوایاری	H021722C	
1449	تعویض رابط ساپورت راست Electro Motor	H021732C	
1450	تعویض رابط ساپورت چپ Electro Motor 	H021742C	
1451	تعویض ساپورت نگهدارنده سقف کمپرسور	H021752C	
1452	تعویض پایه فن 	H021762C	
1453	تعویض پایه خرک 	H021772C	
1454	تعویض صفحه نگهدارنده قاب فن	H021782C	
1455	تعویض صفحه روی خرک 	H021792C	
1456	تعویض قاب رادیاتور 	H021802C	
1457	تعویض قاب تسمه 	H021812C	
1458	تعویض قاب کناری   Electro Motor	H021822C	
1459	تعویض قاب کناری تابلو برق 	H021832C	
1460	تعویض قاب ورودی هوا 	H021842C	
1461	تعویض قاب صداگیر 	H021852C	
1462	تعویض نگهدارنده مخزن 	H021862C	
1463	دمونتاژ ایراند	H031012C	
1464	مونتاژ ایراند	H031022C	
1465	دمونتاژ آنلودر	H031032C	
1466	مونتاژ آنلودر	H031042C	
1467	تعویض فیلتر هوا	H031052C	
1468	تعویض فیلتر روغن	H031062C	
1469	تعویض فیلتر سپراتور 	H031072C	
1470	تعویض روغن	H031082C	
1471	تعویض کیت اویل استاپ ولو	H031092C	
1472	تعویض ترموستاتیک ولو	H031102C	
1473	تعویض کیت مینیمم پرشرولو	H031112C	
1474	تعویض کیت آنلودر	H031122C	
1475	تعویض تسمه ها	H031132C	
1476	دمونتاژ الکتروموتور	H031142C	
1477	مونتاژ الکتروموتور	H031152C	
1478	تعویض پولی ایراند	H031162C	
1479	تعویض پولی الکتروموتور	H031172C	
1480	دمونتاژ مینیمم پرشرولو	H031182C	
1481	مونتاژ مینیمم پرشرولو	H031192C	
1482	تعویض سوپاپ اطمینان	H031202C	
1483	مونتاژ رادیاتور	H031212C	
1484	دمونتاژ رادیاتور	H031222C	
1485	مونتاژ شاسی متحرک	H031232C	
1486	دمونتاژ شاسی متحرک	H031242C	
1487	مونتاژ/تعویض فن خنک کننده	H031252C	
1488	دمونتاژ فن خنک کننده	H031262C	
1489	تعویض کنتاکتور	H031272C	
1490	تعویض بی متال	H031282C	
1491	تعویض کنترل فاز	H031292C	
1492	تعویض کلید حرارتی	H031302C	
1493	تعویض کلید ON-Off	H031312C	
1494	تعویض emergency stop	H031322C	
1495	تعویض برد کنترلی	H031332C	
1496	تعویض سنسور دما	H031342C	
1497	نعویض سنسور فشار	H031352C	
1498	تعویض شیر یکطرفه ساکشن	H031362C	
1499	تنظیم لوله ساکشن	H031372C	
1500	تعویض شلنگ هوا-روغن	H031382C	
1501	تعویض شلنگ از مینیمم به رادیاتور	H031392C	
1502	تعویض شلنگ از مخزن سپراتور به پایه فیلتر	H031402C	
1503	تعویض شلنگ از پایه فیلتر به ایراند	H031412C	
1504	تعویض شلنگ - لوله از پایه فیلتر به رادیاتور(رفت)	H031422C	
1505	تعویض شلنگ - لوله از پایه فیلتر به رادیاتور(برگشت)	H031432C	
1506	تعویض شلنگ های پنوماتیک 	H031442C	
1507	شستشوی رادیاتور	H031452C	
1508	شستشوی کمپرسور	H031462C	
1509	تعویض فوم ها و غبارگیر	H031472C	
1510	تعویض قفل کابینت(هرعدد)	H031482C	
1511	تعویض کابل قدرت 	H031492C	
1512	تعویض بلبرینگ های الکتروموتور	H031502C	
1513	تعویض بلبرینگ های الکتروموتور فن	H031512C	
1514	تعویض پروانه فن	H031522C	
1515	تعویض توری غبارگیر	H031532C	
1516	تعویض sight glass	H031542C	
1517	شستشوی مخزن سپراتور	H031552C	
1518	تعویض شلنگ تخلیه روغن	H031562C	
1519	تعویض شیر تخلیه روغن مخزن سپراتور	H031572C	
1520	تعویض لرزه گیر	H031582C	
1521	تنظیم پولی ها	H031592C	
1522	TEST RUN	H031602C	
1523	تعویض گیج مخزن سپراتور	H031612C	
1524	زنگ زدایی، لکه گیری و نقاشی	H031622C	
1525	تعویض چک ولو زیر ایراند	H031632C	
1526	تعویض واشر آببندی آنلودر	H031642C	
1527	تعویض واشر آببندی چک ولو زیر ایراند	H031652C	
1528	تعویض کابینت تابلو برق 	H031662C	
1529	تعویض درب تابلو برق  	H031672C	
1530	تعویض صفحه بالائی تابلو برق 	H031682C	
1531	تعویض صفحه پایینی تابلو برق 	H031692C	
1532	تعویض درب کابینت هر کدام	H031702C	
1533	تعویض پنل کابینت هر کدام	H031712C	
1534	تعویض ساپورت زیر  Electro Motor  هوایاری	H031722C	
1535	تعویض رابط ساپورت راست Electro Motor	H031732C	
1536	تعویض رابط ساپورت چپ Electro Motor 	H031742C	
1537	تعویض ساپورت نگهدارنده سقف کمپرسور	H031752C	
1538	تعویض پایه فن 	H031762C	
1539	تعویض پایه خرک 	H031772C	
1540	تعویض صفحه نگهدارنده قاب فن	H031782C	
1541	تعویض صفحه روی خرک 	H031792C	
1542	تعویض قاب رادیاتور 	H031802C	
1543	تعویض قاب تسمه 	H031812C	
1544	تعویض قاب کناری   Electro Motor	H031822C	
1545	تعویض قاب کناری تابلو برق 	H031832C	
1546	تعویض قاب ورودی هوا 	H031842C	
1547	تعویض قاب صداگیر 	H031852C	
1548	تعویض نگهدارنده مخزن 	H031862C	
1549	دمونتاژ ایراند	H041012C	
1550	مونتاژ ایراند	H041022C	
1551	دمونتاژ آنلودر	H041032C	
1552	مونتاژ آنلودر	H041042C	
1553	تعویض فیلتر هوا	H041052C	
1554	تعویض فیلتر روغن	H041062C	
1555	تعویض فیلتر سپراتور 	H041072C	
1556	تعویض روغن	H041082C	
1557	تعویض کیت اویل استاپ ولو	H041092C	
1558	تعویض ترموستاتیک ولو	H041102C	
1559	تعویض کیت مینیمم پرشرولو	H041112C	
1560	تعویض کیت آنلودر	H041122C	
1561	تعویض تسمه ها	H041132C	
1562	دمونتاژ الکتروموتور	H041142C	
1563	مونتاژ الکتروموتور	H041152C	
1564	تعویض پولی ایراند	H041162C	
1565	تعویض پولی الکتروموتور	H041172C	
1566	دمونتاژ مینیمم پرشرولو	H041182C	
1567	مونتاژ مینیمم پرشرولو	H041192C	
1568	تعویض سوپاپ اطمینان	H041202C	
1569	مونتاژ رادیاتور	H041212C	
1570	دمونتاژ رادیاتور	H041222C	
1571	مونتاژ شاسی متحرک	H041232C	
1572	دمونتاژ شاسی متحرک	H041242C	
1573	مونتاژ/تعویض فن خنک کننده	H041252C	
1574	دمونتاژ فن خنک کننده	H041262C	
1575	تعویض کنتاکتور	H041272C	
1576	تعویض بی متال	H041282C	
1577	تعویض کنترل فاز	H041292C	
1578	تعویض کلید حرارتی	H041302C	
1579	تعویض کلید ON-Off	H041312C	
1580	تعویض emergency stop	H041322C	
1581	تعویض برد کنترلی	H041332C	
1582	تعویض سنسور دما	H041342C	
1583	نعویض سنسور فشار	H041352C	
1584	تعویض شیر یکطرفه ساکشن	H041362C	
1585	تنظیم لوله ساکشن	H041372C	
1586	تعویض شلنگ هوا-روغن	H041382C	
1587	تعویض شلنگ از مینیمم به رادیاتور	H041392C	
1588	تعویض شلنگ از مخزن سپراتور به پایه فیلتر	H041402C	
1589	تعویض شلنگ از پایه فیلتر به ایراند	H041412C	
1590	تعویض شلنگ - لوله از پایه فیلتر به رادیاتور(رفت)	H041422C	
1591	تعویض شلنگ - لوله از پایه فیلتر به رادیاتور(برگشت)	H041432C	
1592	تعویض شلنگ های پنوماتیک 	H041442C	
1593	شستشوی رادیاتور	H041452C	
1594	شستشوی کمپرسور	H041462C	
1595	تعویض فوم ها و غبارگیر	H041472C	
1596	تعویض قفل کابینت(هرعدد)	H041482C	
1597	تعویض کابل قدرت 	H041492C	
1598	تعویض بلبرینگ های الکتروموتور	H041502C	
1599	تعویض بلبرینگ های الکتروموتور فن	H041512C	
1600	تعویض پروانه فن	H041522C	
1601	تعویض توری غبارگیر	H041532C	
1602	تعویض sight glass	H041542C	
1603	شستشوی مخزن سپراتور	H041552C	
1604	تعویض شلنگ تخلیه روغن	H041562C	
1605	تعویض شیر تخلیه روغن مخزن سپراتور	H041572C	
1606	تعویض لرزه گیر	H041582C	
1607	تنظیم پولی ها	H041592C	
1608	TEST RUN	H041602C	
1609	تعویض گیج مخزن سپراتور	H041612C	
1610	زنگ زدایی، لکه گیری و نقاشی	H041622C	
1611	تعویض چک ولو زیر ایراند	H041632C	
1612	تعویض واشر آببندی آنلودر	H041642C	
1613	تعویض واشر آببندی چک ولو زیر ایراند	H041652C	
1614	تعویض کابینت تابلو برق 	H041662C	
1615	تعویض درب تابلو برق  	H041672C	
1616	تعویض صفحه بالائی تابلو برق 	H041682C	
1617	تعویض صفحه پایینی تابلو برق 	H041692C	
1618	تعویض درب کابینت هر کدام	H041702C	
1619	تعویض پنل کابینت هر کدام	H041712C	
1620	تعویض ساپورت زیر  Electro Motor  هوایاری	H041722C	
1621	تعویض رابط ساپورت راست Electro Motor	H041732C	
1622	تعویض رابط ساپورت چپ Electro Motor 	H041742C	
1623	تعویض ساپورت نگهدارنده سقف کمپرسور	H041752C	
1624	تعویض پایه فن 	H041762C	
1625	تعویض پایه خرک 	H041772C	
1626	تعویض صفحه نگهدارنده قاب فن	H041782C	
1627	تعویض صفحه روی خرک 	H041792C	
1628	تعویض قاب رادیاتور 	H041802C	
1629	تعویض قاب تسمه 	H041812C	
1630	تعویض قاب کناری   Electro Motor	H041822C	
1631	تعویض قاب کناری تابلو برق 	H041832C	
1632	تعویض قاب ورودی هوا 	H041842C	
1633	تعویض قاب صداگیر 	H041852C	
1634	تعویض نگهدارنده مخزن 	H041862C	
1635	دمونتاژ ایراند	H051012C	
1636	مونتاژ ایراند	H051022C	
1637	دمونتاژ آنلودر	H051032C	
1638	مونتاژ آنلودر	H051042C	
1639	تعویض فیلتر هوا	H051052C	
1640	تعویض فیلتر روغن	H051062C	
1641	تعویض فیلتر سپراتور 	H051072C	
1642	تعویض روغن	H051082C	
1643	تعویض کیت اویل استاپ ولو	H051092C	
1644	تعویض ترموستاتیک ولو	H051102C	
1645	تعویض کیت مینیمم پرشرولو	H051112C	
1646	تعویض کیت آنلودر	H051122C	
1647	تعویض تسمه ها	H051132C	
1648	دمونتاژ الکتروموتور	H051142C	
1649	مونتاژ الکتروموتور	H051152C	
1650	تعویض پولی ایراند	H051162C	
1651	تعویض پولی الکتروموتور	H051172C	
1652	دمونتاژ مینیمم پرشرولو	H051182C	
1653	مونتاژ مینیمم پرشرولو	H051192C	
1654	تعویض سوپاپ اطمینان	H051202C	
1655	مونتاژ رادیاتور	H051212C	
1656	دمونتاژ رادیاتور	H051222C	
1657	مونتاژ شاسی متحرک	H051232C	
1658	دمونتاژ شاسی متحرک	H051242C	
1659	مونتاژ/تعویض فن خنک کننده	H051252C	
1660	دمونتاژ فن خنک کننده	H051262C	
1661	تعویض کنتاکتور	H051272C	
1662	تعویض بی متال	H051282C	
1663	تعویض کنترل فاز	H051292C	
1664	تعویض کلید حرارتی	H051302C	
1665	تعویض کلید ON-Off	H051312C	
1666	تعویض emergency stop	H051322C	
1667	تعویض برد کنترلی	H051332C	
1668	تعویض سنسور دما	H051342C	
1669	نعویض سنسور فشار	H051352C	
1670	تعویض شیر یکطرفه ساکشن	H051362C	
1671	تنظیم لوله ساکشن	H051372C	
1672	تعویض شلنگ هوا-روغن	H051382C	
1673	تعویض شلنگ از مینیمم به رادیاتور	H051392C	
1674	تعویض شلنگ از مخزن سپراتور به پایه فیلتر	H051402C	
1675	تعویض شلنگ از پایه فیلتر به ایراند	H051412C	
1676	تعویض شلنگ - لوله از پایه فیلتر به رادیاتور(رفت)	H051422C	
1677	تعویض شلنگ - لوله از پایه فیلتر به رادیاتور(برگشت)	H051432C	
1678	تعویض شلنگ های پنوماتیک 	H051442C	
1679	شستشوی رادیاتور	H051452C	
1680	شستشوی کمپرسور	H051462C	
1681	تعویض فوم ها و غبارگیر	H051472C	
1682	تعویض قفل کابینت(هرعدد)	H051482C	
1683	تعویض کابل قدرت 	H051492C	
1684	تعویض بلبرینگ های الکتروموتور	H051502C	
1685	تعویض بلبرینگ های الکتروموتور فن	H051512C	
1686	تعویض پروانه فن	H051522C	
1687	تعویض توری غبارگیر	H051532C	
1688	تعویض sight glass	H051542C	
1689	شستشوی مخزن سپراتور	H051552C	
1690	تعویض شلنگ تخلیه روغن	H051562C	
1691	تعویض شیر تخلیه روغن مخزن سپراتور	H051572C	
1692	تعویض لرزه گیر	H051582C	
1693	تنظیم پولی ها	H051592C	
1694	TEST RUN	H051602C	
1695	تعویض گیج مخزن سپراتور	H051612C	
1696	زنگ زدایی، لکه گیری و نقاشی	H051622C	
1697	تعویض چک ولو زیر ایراند	H051632C	
1698	تعویض واشر آببندی آنلودر	H051642C	
1699	تعویض واشر آببندی چک ولو زیر ایراند	H051652C	
1700	تعویض کابینت تابلو برق 	H051662C	
1701	تعویض درب تابلو برق  	H051672C	
1702	تعویض صفحه بالائی تابلو برق 	H051682C	
1703	تعویض صفحه پایینی تابلو برق 	H051692C	
1704	تعویض درب کابینت هر کدام	H051702C	
1705	تعویض پنل کابینت هر کدام	H051712C	
1706	تعویض ساپورت زیر  Electro Motor  هوایاری	H051722C	
1707	تعویض رابط ساپورت راست Electro Motor	H051732C	
1708	تعویض رابط ساپورت چپ Electro Motor 	H051742C	
1709	تعویض ساپورت نگهدارنده سقف کمپرسور	H051752C	
1710	تعویض پایه فن 	H051762C	
1711	تعویض پایه خرک 	H051772C	
1712	تعویض صفحه نگهدارنده قاب فن	H051782C	
1713	تعویض صفحه روی خرک 	H051792C	
1714	تعویض قاب رادیاتور 	H051802C	
1715	تعویض قاب تسمه 	H051812C	
1716	تعویض قاب کناری   Electro Motor	H051822C	
1717	تعویض قاب کناری تابلو برق 	H051832C	
1718	تعویض قاب ورودی هوا 	H051842C	
1719	تعویض قاب صداگیر 	H051852C	
1720	تعویض نگهدارنده مخزن 	H051862C	
1721	دمونتاژ ایراند	H061012C	
1722	مونتاژ ایراند	H061022C	
1723	دمونتاژ آنلودر	H061032C	
1724	مونتاژ آنلودر	H061042C	
1725	تعویض فیلتر هوا	H061052C	
1726	تعویض فیلتر روغن	H061062C	
1727	تعویض فیلتر سپراتور 	H061072C	
1728	تعویض روغن	H061082C	
1729	تعویض کیت اویل استاپ ولو	H061092C	
1730	تعویض ترموستاتیک ولو	H061102C	
1731	تعویض کیت مینیمم پرشرولو	H061112C	
1732	تعویض کیت آنلودر	H061122C	
1733	تعویض تسمه ها	H061132C	
1734	دمونتاژ الکتروموتور	H061142C	
1735	مونتاژ الکتروموتور	H061152C	
1736	تعویض پولی ایراند	H061162C	
1737	تعویض پولی الکتروموتور	H061172C	
1738	دمونتاژ مینیمم پرشرولو	H061182C	
1739	مونتاژ مینیمم پرشرولو	H061192C	
1740	تعویض سوپاپ اطمینان	H061202C	
1741	مونتاژ رادیاتور	H061212C	
1742	دمونتاژ رادیاتور	H061222C	
1743	مونتاژ شاسی متحرک	H061232C	
1744	دمونتاژ شاسی متحرک	H061242C	
1745	مونتاژ/تعویض فن خنک کننده	H061252C	
1746	دمونتاژ فن خنک کننده	H061262C	
1747	تعویض کنتاکتور	H061272C	
1748	تعویض بی متال	H061282C	
1749	تعویض کنترل فاز	H061292C	
1750	تعویض کلید حرارتی	H061302C	
1751	تعویض کلید ON-Off	H061312C	
1752	تعویض emergency stop	H061322C	
1753	تعویض برد کنترلی	H061332C	
1754	تعویض سنسور دما	H061342C	
1755	نعویض سنسور فشار	H061352C	
1756	تعویض شیر یکطرفه ساکشن	H061362C	
1757	تنظیم لوله ساکشن	H061372C	
1758	تعویض شلنگ هوا-روغن	H061382C	
1759	تعویض شلنگ از مینیمم به رادیاتور	H061392C	
1760	تعویض شلنگ از مخزن سپراتور به پایه فیلتر	H061402C	
1761	تعویض شلنگ از پایه فیلتر به ایراند	H061412C	
1762	تعویض شلنگ - لوله از پایه فیلتر به رادیاتور(رفت)	H061422C	
1763	تعویض شلنگ - لوله از پایه فیلتر به رادیاتور(برگشت)	H061432C	
1764	تعویض شلنگ های پنوماتیک 	H061442C	
1765	شستشوی رادیاتور	H061452C	
1766	شستشوی کمپرسور	H061462C	
1767	تعویض فوم ها و غبارگیر	H061472C	
1768	تعویض قفل کابینت(هرعدد)	H061482C	
1769	تعویض کابل قدرت 	H061492C	
1770	تعویض بلبرینگ های الکتروموتور	H061502C	
1771	تعویض بلبرینگ های الکتروموتور فن	H061512C	
1772	تعویض پروانه فن	H061522C	
1773	تعویض توری غبارگیر	H061532C	
1774	تعویض sight glass	H061542C	
1775	شستشوی مخزن سپراتور	H061552C	
1776	تعویض شلنگ تخلیه روغن	H061562C	
1777	تعویض شیر تخلیه روغن مخزن سپراتور	H061572C	
1778	تعویض لرزه گیر	H061582C	
1779	تنظیم پولی ها	H061592C	
1780	TEST RUN	H061602C	
1781	تعویض گیج مخزن سپراتور	H061612C	
1782	زنگ زدایی، لکه گیری و نقاشی	H061622C	
1783	تعویض چک ولو زیر ایراند	H061632C	
1784	تعویض واشر آببندی آنلودر	H061642C	
1785	تعویض واشر آببندی چک ولو زیر ایراند	H061652C	
1786	تعویض کابینت تابلو برق 	H061662C	
1787	تعویض درب تابلو برق  	H061672C	
1788	تعویض صفحه بالائی تابلو برق 	H061682C	
1789	تعویض صفحه پایینی تابلو برق 	H061692C	
1790	تعویض درب کابینت هر کدام	H061702C	
1791	تعویض پنل کابینت هر کدام	H061712C	
1792	تعویض ساپورت زیر  Electro Motor  هوایاری	H061722C	
1793	تعویض رابط ساپورت راست Electro Motor	H061732C	
1794	تعویض رابط ساپورت چپ Electro Motor 	H061742C	
1795	تعویض ساپورت نگهدارنده سقف کمپرسور	H061752C	
1796	تعویض پایه فن 	H061762C	
1797	تعویض پایه خرک 	H061772C	
1798	تعویض صفحه نگهدارنده قاب فن	H061782C	
1799	تعویض صفحه روی خرک 	H061792C	
1800	تعویض قاب رادیاتور 	H061802C	
1801	تعویض قاب تسمه 	H061812C	
1802	تعویض قاب کناری   Electro Motor	H061822C	
1803	تعویض قاب کناری تابلو برق 	H061832C	
1804	تعویض قاب ورودی هوا 	H061842C	
1805	تعویض قاب صداگیر 	H061852C	
1806	تعویض نگهدارنده مخزن 	H061862C	
1807	دمونتاژ ایراند	H071012C	
1808	مونتاژ ایراند	H071022C	
1809	دمونتاژ آنلودر	H071032C	
1810	مونتاژ آنلودر	H071042C	
1811	تعویض فیلتر هوا	H071052C	
1812	تعویض فیلتر روغن	H071062C	
1813	تعویض فیلتر سپراتور 	H071072C	
1814	تعویض روغن	H071082C	
1815	تعویض کیت اویل استاپ ولو	H071092C	
1816	تعویض ترموستاتیک ولو	H071102C	
1817	تعویض کیت مینیمم پرشرولو	H071112C	
1818	تعویض کیت آنلودر	H071122C	
1819	تعویض تسمه ها	H071132C	
1820	دمونتاژ الکتروموتور	H071142C	
1821	مونتاژ الکتروموتور	H071152C	
1822	تعویض پولی ایراند	H071162C	
1823	تعویض پولی الکتروموتور	H071172C	
1824	دمونتاژ مینیمم پرشرولو	H071182C	
1825	مونتاژ مینیمم پرشرولو	H071192C	
1826	تعویض سوپاپ اطمینان	H071202C	
1827	مونتاژ رادیاتور	H071212C	
1828	دمونتاژ رادیاتور	H071222C	
1829	مونتاژ شاسی متحرک	H071232C	
1830	دمونتاژ شاسی متحرک	H071242C	
1831	مونتاژ/تعویض فن خنک کننده	H071252C	
1832	دمونتاژ فن خنک کننده	H071262C	
1833	تعویض کنتاکتور	H071272C	
1834	تعویض بی متال	H071282C	
1835	تعویض کنترل فاز	H071292C	
1836	تعویض کلید حرارتی	H071302C	
1837	تعویض کلید ON-Off	H071312C	
1838	تعویض emergency stop	H071322C	
1839	تعویض برد کنترلی	H071332C	
1840	تعویض سنسور دما	H071342C	
1841	نعویض سنسور فشار	H071352C	
1842	تعویض شیر یکطرفه ساکشن	H071362C	
1843	تنظیم لوله ساکشن	H071372C	
1844	تعویض شلنگ هوا-روغن	H071382C	
1845	تعویض شلنگ از مینیمم به رادیاتور	H071392C	
1846	تعویض شلنگ از مخزن سپراتور به پایه فیلتر	H071402C	
1847	تعویض شلنگ از پایه فیلتر به ایراند	H071412C	
1848	تعویض شلنگ - لوله از پایه فیلتر به رادیاتور(رفت)	H071422C	
1849	تعویض شلنگ - لوله از پایه فیلتر به رادیاتور(برگشت)	H071432C	
1850	تعویض شلنگ های پنوماتیک 	H071442C	
1851	شستشوی رادیاتور	H071452C	
1852	شستشوی کمپرسور	H071462C	
1853	تعویض فوم ها و غبارگیر	H071472C	
1854	تعویض قفل کابینت(هرعدد)	H071482C	
1855	تعویض کابل قدرت 	H071492C	
1856	تعویض بلبرینگ های الکتروموتور	H071502C	
1857	تعویض بلبرینگ های الکتروموتور فن	H071512C	
1858	تعویض پروانه فن	H071522C	
1859	تعویض توری غبارگیر	H071532C	
1860	تعویض sight glass	H071542C	
1861	شستشوی مخزن سپراتور	H071552C	
1862	تعویض شلنگ تخلیه روغن	H071562C	
1863	تعویض شیر تخلیه روغن مخزن سپراتور	H071572C	
1864	تعویض لرزه گیر	H071582C	
1865	تنظیم پولی ها	H071592C	
1866	TEST RUN	H071602C	
1867	تعویض گیج مخزن سپراتور	H071612C	
1868	زنگ زدایی، لکه گیری و نقاشی	H071622C	
1869	تعویض چک ولو زیر ایراند	H071632C	
1870	تعویض واشر آببندی آنلودر	H071642C	
1871	تعویض واشر آببندی چک ولو زیر ایراند	H071652C	
1872	تعویض کابینت تابلو برق 	H071662C	
1873	تعویض درب تابلو برق  	H071672C	
1874	تعویض صفحه بالائی تابلو برق 	H071682C	
1875	تعویض صفحه پایینی تابلو برق 	H071692C	
1876	تعویض درب کابینت هر کدام	H071702C	
1877	تعویض پنل کابینت هر کدام	H071712C	
1878	تعویض ساپورت زیر  Electro Motor  هوایاری	H071722C	
1879	تعویض رابط ساپورت راست Electro Motor	H071732C	
1880	تعویض رابط ساپورت چپ Electro Motor 	H071742C	
1881	تعویض ساپورت نگهدارنده سقف کمپرسور	H071752C	
1882	تعویض پایه فن 	H071762C	
1883	تعویض پایه خرک 	H071772C	
1884	تعویض صفحه نگهدارنده قاب فن	H071782C	
1885	تعویض صفحه روی خرک 	H071792C	
1886	تعویض قاب رادیاتور 	H071802C	
1887	تعویض قاب تسمه 	H071812C	
1888	تعویض قاب کناری   Electro Motor	H071822C	
1889	تعویض قاب کناری تابلو برق 	H071832C	
1890	تعویض قاب ورودی هوا 	H071842C	
1891	تعویض قاب صداگیر 	H071852C	
1892	تعویض نگهدارنده مخزن 	H071862C	
1893	دمونتاژ ایراند	H081012C	
1894	مونتاژ ایراند	H081022C	
1895	دمونتاژ آنلودر	H081032C	
1896	مونتاژ آنلودر	H081042C	
1897	تعویض فیلتر هوا	H081052C	
1898	تعویض فیلتر روغن	H081062C	
1899	تعویض فیلتر سپراتور 	H081072C	
1900	تعویض روغن	H081082C	
1901	تعویض کیت اویل استاپ ولو	H081092C	
1902	تعویض ترموستاتیک ولو	H081102C	
1903	تعویض کیت مینیمم پرشرولو	H081112C	
1904	تعویض کیت آنلودر	H081122C	
1905	تعویض تسمه ها	H081132C	
1906	دمونتاژ الکتروموتور	H081142C	
1907	مونتاژ الکتروموتور	H081152C	
1908	تعویض پولی ایراند	H081162C	
1909	تعویض پولی الکتروموتور	H081172C	
1910	دمونتاژ مینیمم پرشرولو	H081182C	
1911	مونتاژ مینیمم پرشرولو	H081192C	
1912	تعویض سوپاپ اطمینان	H081202C	
1913	مونتاژ رادیاتور	H081212C	
1914	دمونتاژ رادیاتور	H081222C	
1915	مونتاژ شاسی متحرک	H081232C	
1916	دمونتاژ شاسی متحرک	H081242C	
1917	مونتاژ/تعویض فن خنک کننده	H081252C	
1918	دمونتاژ فن خنک کننده	H081262C	
1919	تعویض کنتاکتور	H081272C	
1920	تعویض بی متال	H081282C	
1921	تعویض کنترل فاز	H081292C	
1922	تعویض کلید حرارتی	H081302C	
1923	تعویض کلید ON-Off	H081312C	
1924	تعویض emergency stop	H081322C	
1925	تعویض برد کنترلی	H081332C	
1926	تعویض سنسور دما	H081342C	
1927	نعویض سنسور فشار	H081352C	
1928	تعویض شیر یکطرفه ساکشن	H081362C	
1929	تنظیم لوله ساکشن	H081372C	
1930	تعویض شلنگ هوا-روغن	H081382C	
1931	تعویض شلنگ از مینیمم به رادیاتور	H081392C	
1932	تعویض شلنگ از مخزن سپراتور به پایه فیلتر	H081402C	
1933	تعویض شلنگ از پایه فیلتر به ایراند	H081412C	
1934	تعویض شلنگ - لوله از پایه فیلتر به رادیاتور(رفت)	H081422C	
1935	تعویض شلنگ - لوله از پایه فیلتر به رادیاتور(برگشت)	H081432C	
1936	تعویض شلنگ های پنوماتیک 	H081442C	
1937	شستشوی رادیاتور	H081452C	
1938	شستشوی کمپرسور	H081462C	
1939	تعویض فوم ها و غبارگیر	H081472C	
1940	تعویض قفل کابینت(هرعدد)	H081482C	
1941	تعویض کابل قدرت 	H081492C	
1942	تعویض بلبرینگ های الکتروموتور	H081502C	
1943	تعویض بلبرینگ های الکتروموتور فن	H081512C	
1944	تعویض پروانه فن	H081522C	
1945	تعویض توری غبارگیر	H081532C	
1946	تعویض sight glass	H081542C	
1947	شستشوی مخزن سپراتور	H081552C	
1948	تعویض شلنگ تخلیه روغن	H081562C	
1949	تعویض شیر تخلیه روغن مخزن سپراتور	H081572C	
1950	تعویض لرزه گیر	H081582C	
1951	تنظیم پولی ها	H081592C	
1952	TEST RUN	H081602C	
1953	تعویض گیج مخزن سپراتور	H081612C	
1954	زنگ زدایی، لکه گیری و نقاشی	H081622C	
1955	تعویض چک ولو زیر ایراند	H081632C	
1956	تعویض واشر آببندی آنلودر	H081642C	
1957	تعویض واشر آببندی چک ولو زیر ایراند	H081652C	
1958	تعویض کابینت تابلو برق 	H081662C	
1959	تعویض درب تابلو برق  	H081672C	
1960	تعویض صفحه بالائی تابلو برق 	H081682C	
1961	تعویض صفحه پایینی تابلو برق 	H081692C	
1962	تعویض درب کابینت هر کدام	H081702C	
1963	تعویض پنل کابینت هر کدام	H081712C	
1964	تعویض ساپورت زیر  Electro Motor  هوایاری	H081722C	
1965	تعویض رابط ساپورت راست Electro Motor	H081732C	
1966	تعویض رابط ساپورت چپ Electro Motor 	H081742C	
1967	تعویض ساپورت نگهدارنده سقف کمپرسور	H081752C	
1968	تعویض پایه فن 	H081762C	
1969	تعویض پایه خرک 	H081772C	
1970	تعویض صفحه نگهدارنده قاب فن	H081782C	
1971	تعویض صفحه روی خرک 	H081792C	
1972	تعویض قاب رادیاتور 	H081802C	
1973	تعویض قاب تسمه 	H081812C	
1974	تعویض قاب کناری   Electro Motor	H081822C	
1975	تعویض قاب کناری تابلو برق 	H081832C	
1976	تعویض قاب ورودی هوا 	H081842C	
1977	تعویض قاب صداگیر 	H081852C	
1978	تعویض نگهدارنده مخزن 	H081862C	
1979	دمونتاژ ایراند	H101012C	
1980	مونتاژ ایراند	H101022C	
1981	دمونتاژ آنلودر	H101032C	
1982	مونتاژ آنلودر	H101042C	
1983	تعویض فیلتر هوا	H101052C	
1984	تعویض فیلتر روغن	H101062C	
1985	تعویض فیلتر سپراتور 	H101072C	
1986	تعویض روغن	H101082C	
1987	تعویض کیت اویل استاپ ولو	H101092C	
1988	تعویض ترموستاتیک ولو	H101102C	
1989	تعویض کیت مینیمم پرشرولو	H101112C	
1990	تعویض کیت آنلودر	H101122C	
1991	تعویض تسمه ها	H101132C	
1992	دمونتاژ الکتروموتور	H101142C	
1993	مونتاژ الکتروموتور	H101152C	
1994	تعویض پولی ایراند	H101162C	
1995	تعویض پولی الکتروموتور	H101172C	
1996	دمونتاژ مینیمم پرشرولو	H101182C	
1997	مونتاژ مینیمم پرشرولو	H101192C	
1998	تعویض سوپاپ اطمینان	H101202C	
1999	مونتاژ رادیاتور	H101212C	
2000	دمونتاژ رادیاتور	H101222C	
2001	مونتاژ شاسی متحرک	H101232C	
2002	دمونتاژ شاسی متحرک	H101242C	
2003	مونتاژ/تعویض فن خنک کننده	H101252C	
2004	دمونتاژ فن خنک کننده	H101262C	
2005	تعویض کنتاکتور	H101272C	
2006	تعویض بی متال	H101282C	
2007	تعویض کنترل فاز	H101292C	
2008	تعویض کلید حرارتی	H101302C	
2009	تعویض کلید ON-Off	H101312C	
2010	تعویض emergency stop	H101322C	
2011	تعویض برد کنترلی	H101332C	
2012	تعویض سنسور دما	H101342C	
2013	نعویض سنسور فشار	H101352C	
2014	تعویض شیر یکطرفه ساکشن	H101362C	
2015	تنظیم لوله ساکشن	H101372C	
2016	تعویض شلنگ هوا-روغن	H101382C	
2017	تعویض شلنگ از مینیمم به رادیاتور	H101392C	
2018	تعویض شلنگ از مخزن سپراتور به پایه فیلتر	H101402C	
2019	تعویض شلنگ از پایه فیلتر به ایراند	H101412C	
2020	تعویض شلنگ - لوله از پایه فیلتر به رادیاتور(رفت)	H101422C	
2021	تعویض شلنگ - لوله از پایه فیلتر به رادیاتور(برگشت)	H101432C	
2022	تعویض شلنگ های پنوماتیک 	H101442C	
2023	شستشوی رادیاتور	H101452C	
2024	شستشوی کمپرسور	H101462C	
2025	تعویض فوم ها و غبارگیر	H101472C	
2026	تعویض قفل کابینت(هرعدد)	H101482C	
2027	تعویض کابل قدرت 	H101492C	
2028	تعویض بلبرینگ های الکتروموتور	H101502C	
2029	تعویض بلبرینگ های الکتروموتور فن	H101512C	
2030	تعویض پروانه فن	H101522C	
2031	تعویض توری غبارگیر	H101532C	
2032	تعویض sight glass	H101542C	
2033	شستشوی مخزن سپراتور	H101552C	
2034	تعویض شلنگ تخلیه روغن	H101562C	
2035	تعویض شیر تخلیه روغن مخزن سپراتور	H101572C	
2036	تعویض لرزه گیر	H101582C	
2037	تنظیم پولی ها	H101592C	
2038	TEST RUN	H101602C	
2039	تعویض گیج مخزن سپراتور	H101612C	
2040	زنگ زدایی، لکه گیری و نقاشی	H101622C	
2041	تعویض چک ولو زیر ایراند	H101632C	
2042	تعویض واشر آببندی آنلودر	H101642C	
2043	تعویض واشر آببندی چک ولو زیر ایراند	H101652C	
2044	تعویض کابینت تابلو برق 	H101662C	
2045	تعویض درب تابلو برق  	H101672C	
2046	تعویض صفحه بالائی تابلو برق 	H101682C	
2047	تعویض صفحه پایینی تابلو برق 	H101692C	
2048	تعویض درب کابینت هر کدام	H101702C	
2049	تعویض پنل کابینت هر کدام	H101712C	
2050	تعویض ساپورت زیر  Electro Motor  هوایاری	H101722C	
2051	تعویض رابط ساپورت راست Electro Motor	H101732C	
2052	تعویض رابط ساپورت چپ Electro Motor 	H101742C	
2053	تعویض ساپورت نگهدارنده سقف کمپرسور	H101752C	
2054	تعویض پایه فن 	H101762C	
2055	تعویض پایه خرک 	H101772C	
2056	تعویض صفحه نگهدارنده قاب فن	H101782C	
2057	تعویض صفحه روی خرک 	H101792C	
2058	تعویض قاب رادیاتور 	H101802C	
2059	تعویض قاب تسمه 	H101812C	
2060	تعویض قاب کناری   Electro Motor	H101822C	
2061	تعویض قاب کناری تابلو برق 	H101832C	
2062	تعویض قاب ورودی هوا 	H101842C	
2063	تعویض قاب صداگیر 	H101852C	
2064	تعویض نگهدارنده مخزن 	H101862C	
2065	دمونتاژ ایراند	H111012C	
2066	مونتاژ ایراند	H111022C	
2067	دمونتاژ آنلودر	H111032C	
2068	مونتاژ آنلودر	H111042C	
2069	تعویض فیلتر هوا	H111052C	
2070	تعویض فیلتر روغن	H111062C	
2071	تعویض فیلتر سپراتور 	H111072C	
2072	تعویض روغن	H111082C	
2073	تعویض کیت اویل استاپ ولو	H111092C	
2074	تعویض ترموستاتیک ولو	H111102C	
2075	تعویض کیت مینیمم پرشرولو	H111112C	
2076	تعویض کیت آنلودر	H111122C	
2077	تعویض تسمه ها	H111132C	
2078	دمونتاژ الکتروموتور	H111142C	
2079	مونتاژ الکتروموتور	H111152C	
2080	تعویض پولی ایراند	H111162C	
2081	تعویض پولی الکتروموتور	H111172C	
2082	دمونتاژ مینیمم پرشرولو	H111182C	
2083	مونتاژ مینیمم پرشرولو	H111192C	
2084	تعویض سوپاپ اطمینان	H111202C	
2085	مونتاژ رادیاتور	H111212C	
2086	دمونتاژ رادیاتور	H111222C	
2087	مونتاژ شاسی متحرک	H111232C	
2088	دمونتاژ شاسی متحرک	H111242C	
2089	مونتاژ/تعویض فن خنک کننده	H111252C	
2090	دمونتاژ فن خنک کننده	H111262C	
2091	تعویض کنتاکتور	H111272C	
2092	تعویض بی متال	H111282C	
2093	تعویض کنترل فاز	H111292C	
2094	تعویض کلید حرارتی	H111302C	
2095	تعویض کلید ON-Off	H111312C	
2096	تعویض emergency stop	H111322C	
2097	تعویض برد کنترلی	H111332C	
2098	تعویض سنسور دما	H111342C	
2099	نعویض سنسور فشار	H111352C	
2100	تعویض شیر یکطرفه ساکشن	H111362C	
2101	تنظیم لوله ساکشن	H111372C	
2102	تعویض شلنگ هوا-روغن	H111382C	
2103	تعویض شلنگ از مینیمم به رادیاتور	H111392C	
2104	تعویض شلنگ از مخزن سپراتور به پایه فیلتر	H111402C	
2105	تعویض شلنگ از پایه فیلتر به ایراند	H111412C	
2106	تعویض شلنگ - لوله از پایه فیلتر به رادیاتور(رفت)	H111422C	
2107	تعویض شلنگ - لوله از پایه فیلتر به رادیاتور(برگشت)	H111432C	
2108	تعویض شلنگ های پنوماتیک 	H111442C	
2109	شستشوی رادیاتور	H111452C	
2110	شستشوی کمپرسور	H111462C	
2111	تعویض فوم ها و غبارگیر	H111472C	
2112	تعویض قفل کابینت(هرعدد)	H111482C	
2113	تعویض کابل قدرت 	H111492C	
2114	تعویض بلبرینگ های الکتروموتور	H111502C	
2115	تعویض بلبرینگ های الکتروموتور فن	H111512C	
2116	تعویض پروانه فن	H111522C	
2117	تعویض توری غبارگیر	H111532C	
2118	تعویض sight glass	H111542C	
2119	شستشوی مخزن سپراتور	H111552C	
2120	تعویض شلنگ تخلیه روغن	H111562C	
2121	تعویض شیر تخلیه روغن مخزن سپراتور	H111572C	
2122	تعویض لرزه گیر	H111582C	
2123	تنظیم پولی ها	H111592C	
2124	TEST RUN	H111602C	
2125	تعویض گیج مخزن سپراتور	H111612C	
2126	زنگ زدایی، لکه گیری و نقاشی	H111622C	
2127	تعویض چک ولو زیر ایراند	H111632C	
2128	تعویض واشر آببندی آنلودر	H111642C	
2129	تعویض واشر آببندی چک ولو زیر ایراند	H111652C	
2130	تعویض کابینت تابلو برق 	H111662C	
2131	تعویض درب تابلو برق  	H111672C	
2132	تعویض صفحه بالائی تابلو برق 	H111682C	
2133	تعویض صفحه پایینی تابلو برق 	H111692C	
2134	تعویض درب کابینت هر کدام	H111702C	
2135	تعویض پنل کابینت هر کدام	H111712C	
2136	تعویض ساپورت زیر  Electro Motor  هوایاری	H111722C	
2137	تعویض رابط ساپورت راست Electro Motor	H111732C	
2138	تعویض رابط ساپورت چپ Electro Motor 	H111742C	
2139	تعویض ساپورت نگهدارنده سقف کمپرسور	H111752C	
2140	تعویض پایه فن 	H111762C	
2141	تعویض پایه خرک 	H111772C	
2142	تعویض صفحه نگهدارنده قاب فن	H111782C	
2143	تعویض صفحه روی خرک 	H111792C	
2144	تعویض قاب رادیاتور 	H111802C	
2145	تعویض قاب تسمه 	H111812C	
2146	تعویض قاب کناری   Electro Motor	H111822C	
2147	تعویض قاب کناری تابلو برق 	H111832C	
2148	تعویض قاب ورودی هوا 	H111842C	
2149	تعویض قاب صداگیر 	H111852C	
2150	تعویض نگهدارنده مخزن 	H111862C	
2151	دمونتاژ ایراند	H121012C	
2152	مونتاژ ایراند	H121022C	
2153	دمونتاژ آنلودر	H121032C	
2154	مونتاژ آنلودر	H121042C	
2155	تعویض فیلتر هوا	H121052C	
2156	تعویض فیلتر روغن	H121062C	
2157	تعویض فیلتر سپراتور 	H121072C	
2158	تعویض روغن	H121082C	
2159	تعویض کیت اویل استاپ ولو	H121092C	
2160	تعویض ترموستاتیک ولو	H121102C	
2161	تعویض کیت مینیمم پرشرولو	H121112C	
2162	تعویض کیت آنلودر	H121122C	
2163	تعویض تسمه ها	H121132C	
2164	دمونتاژ الکتروموتور	H121142C	
2165	مونتاژ الکتروموتور	H121152C	
2166	تعویض پولی ایراند	H121162C	
2167	تعویض پولی الکتروموتور	H121172C	
2168	دمونتاژ مینیمم پرشرولو	H121182C	
2169	مونتاژ مینیمم پرشرولو	H121192C	
2170	تعویض سوپاپ اطمینان	H121202C	
2171	مونتاژ رادیاتور	H121212C	
2172	دمونتاژ رادیاتور	H121222C	
2173	مونتاژ شاسی متحرک	H121232C	
2174	دمونتاژ شاسی متحرک	H121242C	
2175	مونتاژ/تعویض فن خنک کننده	H121252C	
2176	دمونتاژ فن خنک کننده	H121262C	
2177	تعویض کنتاکتور	H121272C	
2178	تعویض بی متال	H121282C	
2179	تعویض کنترل فاز	H121292C	
2180	تعویض کلید حرارتی	H121302C	
2181	تعویض کلید ON-Off	H121312C	
2182	تعویض emergency stop	H121322C	
2183	تعویض برد کنترلی	H121332C	
2184	تعویض سنسور دما	H121342C	
2185	نعویض سنسور فشار	H121352C	
2186	تعویض شیر یکطرفه ساکشن	H121362C	
2187	تنظیم لوله ساکشن	H121372C	
2188	تعویض شلنگ هوا-روغن	H121382C	
2189	تعویض شلنگ از مینیمم به رادیاتور	H121392C	
2190	تعویض شلنگ از مخزن سپراتور به پایه فیلتر	H121402C	
2191	تعویض شلنگ از پایه فیلتر به ایراند	H121412C	
2192	تعویض شلنگ - لوله از پایه فیلتر به رادیاتور(رفت)	H121422C	
2193	تعویض شلنگ - لوله از پایه فیلتر به رادیاتور(برگشت)	H121432C	
2194	تعویض شلنگ های پنوماتیک 	H121442C	
2195	شستشوی رادیاتور	H121452C	
2196	شستشوی کمپرسور	H121462C	
2197	تعویض فوم ها و غبارگیر	H121472C	
2198	تعویض قفل کابینت(هرعدد)	H121482C	
2199	تعویض کابل قدرت 	H121492C	
2200	تعویض بلبرینگ های الکتروموتور	H121502C	
2201	تعویض بلبرینگ های الکتروموتور فن	H121512C	
2202	تعویض پروانه فن	H121522C	
2203	تعویض توری غبارگیر	H121532C	
2204	تعویض sight glass	H121542C	
2205	شستشوی مخزن سپراتور	H121552C	
2206	تعویض شلنگ تخلیه روغن	H121562C	
2207	تعویض شیر تخلیه روغن مخزن سپراتور	H121572C	
2208	تعویض لرزه گیر	H121582C	
2209	تنظیم پولی ها	H121592C	
2210	TEST RUN	H121602C	
2211	تعویض گیج مخزن سپراتور	H121612C	
2212	زنگ زدایی، لکه گیری و نقاشی	H121622C	
2213	تعویض چک ولو زیر ایراند	H121632C	
2214	تعویض واشر آببندی آنلودر	H121642C	
2215	تعویض واشر آببندی چک ولو زیر ایراند	H121652C	
2216	تعویض کابینت تابلو برق 	H121662C	
2217	تعویض درب تابلو برق  	H121672C	
2218	تعویض صفحه بالائی تابلو برق 	H121682C	
2219	تعویض صفحه پایینی تابلو برق 	H121692C	
2220	تعویض درب کابینت هر کدام	H121702C	
2221	تعویض پنل کابینت هر کدام	H121712C	
2222	تعویض ساپورت زیر  Electro Motor  هوایاری	H121722C	
2223	تعویض رابط ساپورت راست Electro Motor	H121732C	
2224	تعویض رابط ساپورت چپ Electro Motor 	H121742C	
2225	تعویض ساپورت نگهدارنده سقف کمپرسور	H121752C	
2226	تعویض پایه فن 	H121762C	
2227	تعویض پایه خرک 	H121772C	
2228	تعویض صفحه نگهدارنده قاب فن	H121782C	
2229	تعویض صفحه روی خرک 	H121792C	
2230	تعویض قاب رادیاتور 	H121802C	
2231	تعویض قاب تسمه 	H121812C	
2232	تعویض قاب کناری   Electro Motor	H121822C	
2233	تعویض قاب کناری تابلو برق 	H121832C	
2234	تعویض قاب ورودی هوا 	H121842C	
2235	تعویض قاب صداگیر 	H121852C	
2236	تعویض نگهدارنده مخزن 	H121862C	
2237	دمونتاژ ایراند	H131012C	
2238	مونتاژ ایراند	H131022C	
2239	دمونتاژ آنلودر	H131032C	
2240	مونتاژ آنلودر	H131042C	
2241	تعویض فیلتر هوا	H131052C	
2242	تعویض فیلتر روغن	H131062C	
2243	تعویض فیلتر سپراتور 	H131072C	
2244	تعویض روغن	H131082C	
2245	تعویض کیت اویل استاپ ولو	H131092C	
2246	تعویض ترموستاتیک ولو	H131102C	
2247	تعویض کیت مینیمم پرشرولو	H131112C	
2248	تعویض کیت آنلودر	H131122C	
2249	تعویض تسمه ها	H131132C	
2250	دمونتاژ الکتروموتور	H131142C	
2251	مونتاژ الکتروموتور	H131152C	
2252	تعویض پولی ایراند	H131162C	
2253	تعویض پولی الکتروموتور	H131172C	
2254	دمونتاژ مینیمم پرشرولو	H131182C	
2255	مونتاژ مینیمم پرشرولو	H131192C	
2256	تعویض سوپاپ اطمینان	H131202C	
2257	مونتاژ رادیاتور	H131212C	
2258	دمونتاژ رادیاتور	H131222C	
2259	مونتاژ شاسی متحرک	H131232C	
2260	دمونتاژ شاسی متحرک	H131242C	
2261	مونتاژ/تعویض فن خنک کننده	H131252C	
2262	دمونتاژ فن خنک کننده	H131262C	
2263	تعویض کنتاکتور	H131272C	
2264	تعویض بی متال	H131282C	
2265	تعویض کنترل فاز	H131292C	
2266	تعویض کلید حرارتی	H131302C	
2267	تعویض کلید ON-Off	H131312C	
2268	تعویض emergency stop	H131322C	
2269	تعویض برد کنترلی	H131332C	
2270	تعویض سنسور دما	H131342C	
2271	نعویض سنسور فشار	H131352C	
2272	تعویض شیر یکطرفه ساکشن	H131362C	
2273	تنظیم لوله ساکشن	H131372C	
2274	تعویض شلنگ هوا-روغن	H131382C	
2275	تعویض شلنگ از مینیمم به رادیاتور	H131392C	
2276	تعویض شلنگ از مخزن سپراتور به پایه فیلتر	H131402C	
2277	تعویض شلنگ از پایه فیلتر به ایراند	H131412C	
2278	تعویض شلنگ - لوله از پایه فیلتر به رادیاتور(رفت)	H131422C	
2279	تعویض شلنگ - لوله از پایه فیلتر به رادیاتور(برگشت)	H131432C	
2280	تعویض شلنگ های پنوماتیک 	H131442C	
2281	شستشوی رادیاتور	H131452C	
2282	شستشوی کمپرسور	H131462C	
2283	تعویض فوم ها و غبارگیر	H131472C	
2284	تعویض قفل کابینت(هرعدد)	H131482C	
2285	تعویض کابل قدرت 	H131492C	
2286	تعویض بلبرینگ های الکتروموتور	H131502C	
2287	تعویض بلبرینگ های الکتروموتور فن	H131512C	
2288	تعویض پروانه فن	H131522C	
2289	تعویض توری غبارگیر	H131532C	
2290	تعویض sight glass	H131542C	
2291	شستشوی مخزن سپراتور	H131552C	
2292	تعویض شلنگ تخلیه روغن	H131562C	
2293	تعویض شیر تخلیه روغن مخزن سپراتور	H131572C	
2294	تعویض لرزه گیر	H131582C	
2295	تنظیم پولی ها	H131592C	
2296	TEST RUN	H131602C	
2297	تعویض گیج مخزن سپراتور	H131612C	
2298	زنگ زدایی، لکه گیری و نقاشی	H131622C	
2299	تعویض چک ولو زیر ایراند	H131632C	
2300	تعویض واشر آببندی آنلودر	H131642C	
2301	تعویض واشر آببندی چک ولو زیر ایراند	H131652C	
2302	تعویض کابینت تابلو برق 	H131662C	
2303	تعویض درب تابلو برق  	H131672C	
2304	تعویض صفحه بالائی تابلو برق 	H131682C	
2305	تعویض صفحه پایینی تابلو برق 	H131692C	
2306	تعویض درب کابینت هر کدام	H131702C	
2307	تعویض پنل کابینت هر کدام	H131712C	
2308	تعویض ساپورت زیر  Electro Motor  هوایاری	H131722C	
2309	تعویض رابط ساپورت راست Electro Motor	H131732C	
2310	تعویض رابط ساپورت چپ Electro Motor 	H131742C	
2311	تعویض ساپورت نگهدارنده سقف کمپرسور	H131752C	
2312	تعویض پایه فن 	H131762C	
2313	تعویض پایه خرک 	H131772C	
2314	تعویض صفحه نگهدارنده قاب فن	H131782C	
2315	تعویض صفحه روی خرک 	H131792C	
2316	تعویض قاب رادیاتور 	H131802C	
2317	تعویض قاب تسمه 	H131812C	
2318	تعویض قاب کناری   Electro Motor	H131822C	
2319	تعویض قاب کناری تابلو برق 	H131832C	
2320	تعویض قاب ورودی هوا 	H131842C	
2321	تعویض قاب صداگیر 	H131852C	
2322	تعویض نگهدارنده مخزن 	H131862C	
2323	دمونتاژ ایراند	H141012C	
2324	مونتاژ ایراند	H141022C	
2325	دمونتاژ آنلودر	H141032C	
2326	مونتاژ آنلودر	H141042C	
2327	تعویض فیلتر هوا	H141052C	
2328	تعویض فیلتر روغن	H141062C	
2329	تعویض فیلتر سپراتور 	H141072C	
2330	تعویض روغن	H141082C	
2331	تعویض کیت اویل استاپ ولو	H141092C	
2332	تعویض ترموستاتیک ولو	H141102C	
2333	تعویض کیت مینیمم پرشرولو	H141112C	
2334	تعویض کیت آنلودر	H141122C	
2335	تعویض تسمه ها	H141132C	
2336	دمونتاژ الکتروموتور	H141142C	
2337	مونتاژ الکتروموتور	H141152C	
2338	تعویض پولی ایراند	H141162C	
2339	تعویض پولی الکتروموتور	H141172C	
2340	دمونتاژ مینیمم پرشرولو	H141182C	
2341	مونتاژ مینیمم پرشرولو	H141192C	
2342	تعویض سوپاپ اطمینان	H141202C	
2343	مونتاژ رادیاتور	H141212C	
2344	دمونتاژ رادیاتور	H141222C	
2345	مونتاژ شاسی متحرک	H141232C	
2346	دمونتاژ شاسی متحرک	H141242C	
2347	مونتاژ/تعویض فن خنک کننده	H141252C	
2348	دمونتاژ فن خنک کننده	H141262C	
2349	تعویض کنتاکتور	H141272C	
2350	تعویض بی متال	H141282C	
2351	تعویض کنترل فاز	H141292C	
2352	تعویض کلید حرارتی	H141302C	
2353	تعویض کلید ON-Off	H141312C	
2354	تعویض emergency stop	H141322C	
2355	تعویض برد کنترلی	H141332C	
2356	تعویض سنسور دما	H141342C	
2357	نعویض سنسور فشار	H141352C	
2358	تعویض شیر یکطرفه ساکشن	H141362C	
2359	تنظیم لوله ساکشن	H141372C	
2360	تعویض شلنگ هوا-روغن	H141382C	
2361	تعویض شلنگ از مینیمم به رادیاتور	H141392C	
2362	تعویض شلنگ از مخزن سپراتور به پایه فیلتر	H141402C	
2363	تعویض شلنگ از پایه فیلتر به ایراند	H141412C	
2364	تعویض شلنگ - لوله از پایه فیلتر به رادیاتور(رفت)	H141422C	
2365	تعویض شلنگ - لوله از پایه فیلتر به رادیاتور(برگشت)	H141432C	
2366	تعویض شلنگ های پنوماتیک 	H141442C	
2367	شستشوی رادیاتور	H141452C	
2368	شستشوی کمپرسور	H141462C	
2369	تعویض فوم ها و غبارگیر	H141472C	
2370	تعویض قفل کابینت(هرعدد)	H141482C	
2371	تعویض کابل قدرت 	H141492C	
2372	تعویض بلبرینگ های الکتروموتور	H141502C	
2373	تعویض بلبرینگ های الکتروموتور فن	H141512C	
2374	تعویض پروانه فن	H141522C	
2375	تعویض توری غبارگیر	H141532C	
2376	تعویض sight glass	H141542C	
2377	شستشوی مخزن سپراتور	H141552C	
2378	تعویض شلنگ تخلیه روغن	H141562C	
2379	تعویض شیر تخلیه روغن مخزن سپراتور	H141572C	
2380	تعویض لرزه گیر	H141582C	
2381	تنظیم پولی ها	H141592C	
2382	TEST RUN	H141602C	
2383	تعویض گیج مخزن سپراتور	H141612C	
2384	زنگ زدایی، لکه گیری و نقاشی	H141622C	
2385	تعویض چک ولو زیر ایراند	H141632C	
2386	تعویض واشر آببندی آنلودر	H141642C	
2387	تعویض واشر آببندی چک ولو زیر ایراند	H141652C	
2388	تعویض کابینت تابلو برق 	H141662C	
2389	تعویض درب تابلو برق  	H141672C	
2390	تعویض صفحه بالائی تابلو برق 	H141682C	
2391	تعویض صفحه پایینی تابلو برق 	H141692C	
2392	تعویض درب کابینت هر کدام	H141702C	
2393	تعویض پنل کابینت هر کدام	H141712C	
2394	تعویض ساپورت زیر  Electro Motor  هوایاری	H141722C	
2395	تعویض رابط ساپورت راست Electro Motor	H141732C	
2396	تعویض رابط ساپورت چپ Electro Motor 	H141742C	
2397	تعویض ساپورت نگهدارنده سقف کمپرسور	H141752C	
2398	تعویض پایه فن 	H141762C	
2399	تعویض پایه خرک 	H141772C	
2400	تعویض صفحه نگهدارنده قاب فن	H141782C	
2401	تعویض صفحه روی خرک 	H141792C	
2402	تعویض قاب رادیاتور 	H141802C	
2403	تعویض قاب تسمه 	H141812C	
2404	تعویض قاب کناری   Electro Motor	H141822C	
2405	تعویض قاب کناری تابلو برق 	H141832C	
2406	تعویض قاب ورودی هوا 	H141842C	
2407	تعویض قاب صداگیر 	H141852C	
2408	تعویض نگهدارنده مخزن 	H141862C	
2409	دمونتاژ ایراند	H151012C	
2410	مونتاژ ایراند	H151022C	
2411	دمونتاژ آنلودر	H151032C	
2412	مونتاژ آنلودر	H151042C	
2413	تعویض فیلتر هوا	H151052C	
2414	تعویض فیلتر روغن	H151062C	
2415	تعویض فیلتر سپراتور 	H151072C	
2416	تعویض روغن	H151082C	
2417	تعویض کیت اویل استاپ ولو	H151092C	
2418	تعویض ترموستاتیک ولو	H151102C	
2419	تعویض کیت مینیمم پرشرولو	H151112C	
2420	تعویض کیت آنلودر	H151122C	
2421	تعویض تسمه ها	H151132C	
2422	دمونتاژ الکتروموتور	H151142C	
2423	مونتاژ الکتروموتور	H151152C	
2424	تعویض پولی ایراند	H151162C	
2425	تعویض پولی الکتروموتور	H151172C	
2426	دمونتاژ مینیمم پرشرولو	H151182C	
2427	مونتاژ مینیمم پرشرولو	H151192C	
2428	تعویض سوپاپ اطمینان	H151202C	
2429	مونتاژ رادیاتور	H151212C	
2430	دمونتاژ رادیاتور	H151222C	
2431	مونتاژ شاسی متحرک	H151232C	
2432	دمونتاژ شاسی متحرک	H151242C	
2433	مونتاژ/تعویض فن خنک کننده	H151252C	
2434	دمونتاژ فن خنک کننده	H151262C	
2435	تعویض کنتاکتور	H151272C	
2436	تعویض بی متال	H151282C	
2437	تعویض کنترل فاز	H151292C	
2438	تعویض کلید حرارتی	H151302C	
2439	تعویض کلید ON-Off	H151312C	
2440	تعویض emergency stop	H151322C	
2441	تعویض برد کنترلی	H151332C	
2442	تعویض سنسور دما	H151342C	
2443	نعویض سنسور فشار	H151352C	
2444	تعویض شیر یکطرفه ساکشن	H151362C	
2445	تنظیم لوله ساکشن	H151372C	
2446	تعویض شلنگ هوا-روغن	H151382C	
2447	تعویض شلنگ از مینیمم به رادیاتور	H151392C	
2448	تعویض شلنگ از مخزن سپراتور به پایه فیلتر	H151402C	
2449	تعویض شلنگ از پایه فیلتر به ایراند	H151412C	
2450	تعویض شلنگ - لوله از پایه فیلتر به رادیاتور(رفت)	H151422C	
2451	تعویض شلنگ - لوله از پایه فیلتر به رادیاتور(برگشت)	H151432C	
2452	تعویض شلنگ های پنوماتیک 	H151442C	
2453	شستشوی رادیاتور	H151452C	
2454	شستشوی کمپرسور	H151462C	
2455	تعویض فوم ها و غبارگیر	H151472C	
2456	تعویض قفل کابینت(هرعدد)	H151482C	
2457	تعویض کابل قدرت 	H151492C	
2458	تعویض بلبرینگ های الکتروموتور	H151502C	
2459	تعویض بلبرینگ های الکتروموتور فن	H151512C	
2460	تعویض پروانه فن	H151522C	
2461	تعویض توری غبارگیر	H151532C	
2462	تعویض sight glass	H151542C	
2463	شستشوی مخزن سپراتور	H151552C	
2464	تعویض شلنگ تخلیه روغن	H151562C	
2465	تعویض شیر تخلیه روغن مخزن سپراتور	H151572C	
2466	تعویض لرزه گیر	H151582C	
2467	تنظیم پولی ها	H151592C	
2468	TEST RUN	H151602C	
2469	تعویض گیج مخزن سپراتور	H151612C	
2470	زنگ زدایی، لکه گیری و نقاشی	H151622C	
2471	تعویض چک ولو زیر ایراند	H151632C	
2472	تعویض واشر آببندی آنلودر	H151642C	
2473	تعویض واشر آببندی چک ولو زیر ایراند	H151652C	
2474	تعویض کابینت تابلو برق 	H151662C	
2475	تعویض درب تابلو برق  	H151672C	
2476	تعویض صفحه بالائی تابلو برق 	H151682C	
2477	تعویض صفحه پایینی تابلو برق 	H151692C	
2478	تعویض درب کابینت هر کدام	H151702C	
2479	تعویض پنل کابینت هر کدام	H151712C	
2480	تعویض ساپورت زیر  Electro Motor  هوایاری	H151722C	
2481	تعویض رابط ساپورت راست Electro Motor	H151732C	
2482	تعویض رابط ساپورت چپ Electro Motor 	H151742C	
2483	تعویض ساپورت نگهدارنده سقف کمپرسور	H151752C	
2484	تعویض پایه فن 	H151762C	
2485	تعویض پایه خرک 	H151772C	
2486	تعویض صفحه نگهدارنده قاب فن	H151782C	
2487	تعویض صفحه روی خرک 	H151792C	
2488	تعویض قاب رادیاتور 	H151802C	
2489	تعویض قاب تسمه 	H151812C	
2490	تعویض قاب کناری   Electro Motor	H151822C	
2491	تعویض قاب کناری تابلو برق 	H151832C	
2492	تعویض قاب ورودی هوا 	H151842C	
2493	تعویض قاب صداگیر 	H151852C	
2494	تعویض نگهدارنده مخزن 	H151862C	
2495	دمونتاژ ایراند	H161012C	
2496	مونتاژ ایراند	H161022C	
2497	دمونتاژ آنلودر	H161032C	
2498	مونتاژ آنلودر	H161042C	
2499	تعویض فیلتر هوا	H161052C	
2500	تعویض فیلتر روغن	H161062C	
2501	تعویض فیلتر سپراتور 	H161072C	
2502	تعویض روغن	H161082C	
2503	تعویض کیت اویل استاپ ولو	H161092C	
2504	تعویض ترموستاتیک ولو	H161102C	
2505	تعویض کیت مینیمم پرشرولو	H161112C	
2506	تعویض کیت آنلودر	H161122C	
2507	تعویض تسمه ها	H161132C	
2508	دمونتاژ الکتروموتور	H161142C	
2509	مونتاژ الکتروموتور	H161152C	
2510	تعویض پولی ایراند	H161162C	
2511	تعویض پولی الکتروموتور	H161172C	
2512	دمونتاژ مینیمم پرشرولو	H161182C	
2513	مونتاژ مینیمم پرشرولو	H161192C	
2514	تعویض سوپاپ اطمینان	H161202C	
2515	مونتاژ رادیاتور	H161212C	
2516	دمونتاژ رادیاتور	H161222C	
2517	مونتاژ شاسی متحرک	H161232C	
2518	دمونتاژ شاسی متحرک	H161242C	
2519	مونتاژ/تعویض فن خنک کننده	H161252C	
2520	دمونتاژ فن خنک کننده	H161262C	
2521	تعویض کنتاکتور	H161272C	
2522	تعویض بی متال	H161282C	
2523	تعویض کنترل فاز	H161292C	
2524	تعویض کلید حرارتی	H161302C	
2525	تعویض کلید ON-Off	H161312C	
2526	تعویض emergency stop	H161322C	
2527	تعویض برد کنترلی	H161332C	
2528	تعویض سنسور دما	H161342C	
2529	نعویض سنسور فشار	H161352C	
2530	تعویض شیر یکطرفه ساکشن	H161362C	
2531	تنظیم لوله ساکشن	H161372C	
2532	تعویض شلنگ هوا-روغن	H161382C	
2533	تعویض شلنگ از مینیمم به رادیاتور	H161392C	
2534	تعویض شلنگ از مخزن سپراتور به پایه فیلتر	H161402C	
2535	تعویض شلنگ از پایه فیلتر به ایراند	H161412C	
2536	تعویض شلنگ - لوله از پایه فیلتر به رادیاتور(رفت)	H161422C	
2537	تعویض شلنگ - لوله از پایه فیلتر به رادیاتور(برگشت)	H161432C	
2538	تعویض شلنگ های پنوماتیک 	H161442C	
2539	شستشوی رادیاتور	H161452C	
2540	شستشوی کمپرسور	H161462C	
2541	تعویض فوم ها و غبارگیر	H161472C	
2542	تعویض قفل کابینت(هرعدد)	H161482C	
2543	تعویض کابل قدرت 	H161492C	
2544	تعویض بلبرینگ های الکتروموتور	H161502C	
2545	تعویض بلبرینگ های الکتروموتور فن	H161512C	
2546	تعویض پروانه فن	H161522C	
2547	تعویض توری غبارگیر	H161532C	
2548	تعویض sight glass	H161542C	
2549	شستشوی مخزن سپراتور	H161552C	
2550	تعویض شلنگ تخلیه روغن	H161562C	
2551	تعویض شیر تخلیه روغن مخزن سپراتور	H161572C	
2552	تعویض لرزه گیر	H161582C	
2553	تنظیم پولی ها	H161592C	
2554	TEST RUN	H161602C	
2555	تعویض گیج مخزن سپراتور	H161612C	
2556	زنگ زدایی، لکه گیری و نقاشی	H161622C	
2557	تعویض چک ولو زیر ایراند	H161632C	
2558	تعویض واشر آببندی آنلودر	H161642C	
2559	تعویض واشر آببندی چک ولو زیر ایراند	H161652C	
2560	تعویض کابینت تابلو برق 	H161662C	
2561	تعویض درب تابلو برق  	H161672C	
2562	تعویض صفحه بالائی تابلو برق 	H161682C	
2563	تعویض صفحه پایینی تابلو برق 	H161692C	
2564	تعویض درب کابینت هر کدام	H161702C	
2565	تعویض پنل کابینت هر کدام	H161712C	
2566	تعویض ساپورت زیر  Electro Motor  هوایاری	H161722C	
2567	تعویض رابط ساپورت راست Electro Motor	H161732C	
2568	تعویض رابط ساپورت چپ Electro Motor 	H161742C	
2569	تعویض ساپورت نگهدارنده سقف کمپرسور	H161752C	
2570	تعویض پایه فن 	H161762C	
2571	تعویض پایه خرک 	H161772C	
2572	تعویض صفحه نگهدارنده قاب فن	H161782C	
2573	تعویض صفحه روی خرک 	H161792C	
2574	تعویض قاب رادیاتور 	H161802C	
2575	تعویض قاب تسمه 	H161812C	
2576	تعویض قاب کناری   Electro Motor	H161822C	
2577	تعویض قاب کناری تابلو برق 	H161832C	
2578	تعویض قاب ورودی هوا 	H161842C	
2579	تعویض قاب صداگیر 	H161852C	
2580	تعویض نگهدارنده مخزن 	H001862C	
2581	دمونتاژ ایراند	A001012C	
2582	مونتاژ ایراند	A001022C	
2583	دمونتاژ آنلودر	A001032C	
2584	مونتاژ آنلودر	A001042C	
2585	تعویض فیلتر هوا	A001052C	
2586	تعویض فیلتر روغن	A001062C	
2587	تعویض فیلتر سپراتور 	A001072C	
2588	تعویض روغن	A001082C	
2589	تعویض کیت اویل استاپ ولو	A001092C	
2590	تعویض ترموستاتیک ولو	A001102C	
2591	تعویض کیت مینیمم پرشرولو	A001112C	
2592	تعویض کیت آنلودر	A001122C	
2593	تعویض تسمه ها	A001132C	
2594	دمونتاژ الکتروموتور	A001142C	
2595	مونتاژ الکتروموتور	A001152C	
2596	تعویض پولی ایراند	A001162C	
2597	تعویض پولی الکتروموتور	A001172C	
2598	دمونتاژ مینیمم پرشرولو	A001182C	
2599	مونتاژ مینیمم پرشرولو	A001192C	
2600	تعویض سوپاپ اطمینان	A001202C	
2601	مونتاژ رادیاتور	A001212C	
2602	دمونتاژ رادیاتور	A001222C	
2603	مونتاژ شاسی متحرک	A001232C	
2604	دمونتاژ شاسی متحرک	A001242C	
2605	مونتاژ/تعویض فن خنک کننده	A001252C	
2606	دمونتاژ فن خنک کننده	A001262C	
2607	تعویض کنتاکتور	A001272C	
2608	تعویض بی متال	A001282C	
2609	تعویض کنترل فاز	A001292C	
2610	تعویض کلید حرارتی	A001302C	
2611	تعویض کلید ON-Off	A001312C	
2612	تعویض emergency stop	A001322C	
2613	تعویض برد کنترلی	A001332C	
2614	تعویض سنسور دما	A001342C	
2615	نعویض سنسور فشار	A001352C	
2616	تعویض شیر یکطرفه ساکشن	A001362C	
2617	تنظیم لوله ساکشن	A001372C	
2618	تعویض شلنگ هوا-روغن	A001382C	
2619	تعویض شلنگ از مینیمم به رادیاتور	A001392C	
2620	تعویض شلنگ از مخزن سپراتور به پایه فیلتر	A001402C	
2621	تعویض شلنگ از پایه فیلتر به ایراند	A001412C	
2622	تعویض شلنگ - لوله از پایه فیلتر به رادیاتور(رفت)	A001422C	
2623	تعویض شلنگ - لوله از پایه فیلتر به رادیاتور(برگشت)	A001432C	
2624	تعویض شلنگ های پنوماتیک 	A001442C	
2625	شستشوی رادیاتور	A001452C	
2626	شستشوی کمپرسور	A001462C	
2627	تعویض فوم ها و غبارگیر	A001472C	
2628	تعویض قفل کابینت(هرعدد)	A001482C	
2629	تعویض کابل قدرت 	A001492C	
2630	تعویض بلبرینگ های الکتروموتور	A001502C	
2631	تعویض بلبرینگ های الکتروموتور فن	A001512C	
2632	تعویض پروانه فن	A001522C	
2633	تعویض توری غبارگیر	A001532C	
2634	تعویض sight glass	A001542C	
2635	شستشوی مخزن سپراتور	A001552C	
2636	تعویض شلنگ تخلیه روغن	A001562C	
2637	تعویض شیر تخلیه روغن مخزن سپراتور	A001572C	
2638	تعویض لرزه گیر	A001582C	
2639	تنظیم پولی ها	A001592C	
2640	TEST RUN	A001602C	
2641	تعویض گیج مخزن سپراتور	A001612C	
2642	زنگ زدایی، لکه گیری و نقاشی	A001622C	
2643	تعویض چک ولو زیر ایراند	A001632C	
2644	تعویض واشر آببندی آنلودر	A001642C	
2645	تعویض واشر آببندی چک ولو زیر ایراند	A001652C	
2646	تعویض کابینت تابلو برق 	A001662C	
2647	تعویض درب تابلو برق  	A001672C	
2648	تعویض صفحه بالائی تابلو برق 	A001682C	
2649	تعویض صفحه پایینی تابلو برق 	A001692C	
2650	تعویض درب کابینت هر کدام	A001702C	
2651	تعویض پنل کابینت هر کدام	A001712C	
2652	تعویض ساپورت زیر  Electro Motor  هوایاری	A001722C	
2653	تعویض رابط ساپورت راست Electro Motor	A001732C	
2654	تعویض رابط ساپورت چپ Electro Motor 	A001742C	
2655	تعویض ساپورت نگهدارنده سقف کمپرسور	A001752C	
2656	تعویض پایه فن 	A001762C	
2657	تعویض پایه خرک 	A001772C	
2658	تعویض صفحه نگهدارنده قاب فن	A001782C	
2659	تعویض صفحه روی خرک 	A001792C	
2660	تعویض قاب رادیاتور 	A001802C	
2661	تعویض قاب تسمه 	A001812C	
2662	تعویض قاب کناری   Electro Motor	A001822C	
2663	تعویض قاب کناری تابلو برق 	A001832C	
2664	تعویض قاب ورودی هوا 	A001842C	
2665	تعویض قاب صداگیر 	A001852C	
2666	تعویض نگهدارنده مخزن 	A001862C	
3785	دمونتاژ ایراند	A031012C	
3786	مونتاژ ایراند	A031022C	
3787	دمونتاژ آنلودر	A031032C	
3788	مونتاژ آنلودر	A031042C	
3789	تعویض فیلتر هوا	A031052C	
3790	تعویض فیلتر روغن	A031062C	
3791	تعویض فیلتر سپراتور 	A031072C	
3792	تعویض روغن	A031082C	
3793	تعویض کیت اویل استاپ ولو	A031092C	
3794	تعویض ترموستاتیک ولو	A031102C	
3795	تعویض کیت مینیمم پرشرولو	A031112C	
3796	تعویض کیت آنلودر	A031122C	
3797	تعویض تسمه ها	A031132C	
3798	دمونتاژ الکتروموتور	A031142C	
3799	مونتاژ الکتروموتور	A031152C	
3800	تعویض پولی ایراند	A031162C	
3801	تعویض پولی الکتروموتور	A031172C	
3802	دمونتاژ مینیمم پرشرولو	A031182C	
3803	مونتاژ مینیمم پرشرولو	A031192C	
3804	تعویض سوپاپ اطمینان	A031202C	
3805	مونتاژ رادیاتور	A031212C	
3806	دمونتاژ رادیاتور	A031222C	
3807	مونتاژ شاسی متحرک	A031232C	
3808	دمونتاژ شاسی متحرک	A031242C	
3809	مونتاژ/تعویض فن خنک کننده	A031252C	
3810	دمونتاژ فن خنک کننده	A031262C	
3811	تعویض کنتاکتور	A031272C	
3812	تعویض بی متال	A031282C	
3813	تعویض کنترل فاز	A031292C	
3814	تعویض کلید حرارتی	A031302C	
3815	تعویض کلید ON-Off	A031312C	
3816	تعویض emergency stop	A031322C	
3817	تعویض برد کنترلی	A031332C	
3818	تعویض سنسور دما	A031342C	
3819	نعویض سنسور فشار	A031352C	
3820	تعویض شیر یکطرفه ساکشن	A031362C	
3821	تنظیم لوله ساکشن	A031372C	
3822	تعویض شلنگ هوا-روغن	A031382C	
3823	تعویض شلنگ از مینیمم به رادیاتور	A031392C	
3824	تعویض شلنگ از مخزن سپراتور به پایه فیلتر	A031402C	
3825	تعویض شلنگ از پایه فیلتر به ایراند	A031412C	
3826	تعویض شلنگ - لوله از پایه فیلتر به رادیاتور(رفت)	A031422C	
3827	تعویض شلنگ - لوله از پایه فیلتر به رادیاتور(برگشت)	A031432C	
3828	تعویض شلنگ های پنوماتیک 	A031442C	
3829	شستشوی رادیاتور	A031452C	
3830	شستشوی کمپرسور	A031462C	
3831	تعویض فوم ها و غبارگیر	A031472C	
3832	تعویض قفل کابینت(هرعدد)	A031482C	
3833	تعویض کابل قدرت 	A031492C	
3834	تعویض بلبرینگ های الکتروموتور	A031502C	
3835	تعویض بلبرینگ های الکتروموتور فن	A031512C	
3836	تعویض پروانه فن	A031522C	
3837	تعویض توری غبارگیر	A031532C	
3838	تعویض sight glass	A031542C	
3839	شستشوی مخزن سپراتور	A031552C	
3840	تعویض شلنگ تخلیه روغن	A031562C	
3841	تعویض شیر تخلیه روغن مخزن سپراتور	A031572C	
3842	تعویض لرزه گیر	A031582C	
3843	تنظیم پولی ها	A031592C	
3844	TEST RUN	A031602C	
3845	تعویض گیج مخزن سپراتور	A031612C	
3846	زنگ زدایی، لکه گیری و نقاشی	A031622C	
3847	تعویض چک ولو زیر ایراند	A031632C	
3848	تعویض واشر آببندی آنلودر	A031642C	
3849	تعویض واشر آببندی چک ولو زیر ایراند	A031652C	
3850	تعویض کابینت تابلو برق 	A031662C	
3851	تعویض درب تابلو برق  	A031672C	
3852	تعویض صفحه بالائی تابلو برق 	A031682C	
3853	تعویض صفحه پایینی تابلو برق 	A031692C	
3854	تعویض درب کابینت هر کدام	A031702C	
3855	تعویض پنل کابینت هر کدام	A031712C	
3856	تعویض ساپورت زیر  Electro Motor  هوایاری	A031722C	
3857	تعویض رابط ساپورت راست Electro Motor	A031732C	
3858	تعویض رابط ساپورت چپ Electro Motor 	A031742C	
3859	تعویض ساپورت نگهدارنده سقف کمپرسور	A031752C	
3860	تعویض پایه فن 	A031762C	
3861	تعویض پایه خرک 	A031772C	
3862	تعویض صفحه نگهدارنده قاب فن	A031782C	
3863	تعویض صفحه روی خرک 	A031792C	
3864	تعویض قاب رادیاتور 	A031802C	
3865	تعویض قاب تسمه 	A031812C	
3866	تعویض قاب کناری   Electro Motor	A031822C	
3867	تعویض قاب کناری تابلو برق 	A031832C	
3868	تعویض قاب ورودی هوا 	A031842C	
3869	تعویض قاب صداگیر 	A031852C	
3870	تعویض نگهدارنده مخزن 	A031862C	
3871	دمونتاژ ایراند	A041012C	
3872	مونتاژ ایراند	A041022C	
3873	دمونتاژ آنلودر	A041032C	
3874	مونتاژ آنلودر	A041042C	
3875	تعویض فیلتر هوا	A041052C	
3876	تعویض فیلتر روغن	A041062C	
3877	تعویض فیلتر سپراتور 	A041072C	
3878	تعویض روغن	A041082C	
3879	تعویض کیت اویل استاپ ولو	A041092C	
3880	تعویض ترموستاتیک ولو	A041102C	
3881	تعویض کیت مینیمم پرشرولو	A041112C	
3882	تعویض کیت آنلودر	A041122C	
3883	تعویض تسمه ها	A041132C	
3884	دمونتاژ الکتروموتور	A041142C	
3885	مونتاژ الکتروموتور	A041152C	
3886	تعویض پولی ایراند	A041162C	
3887	تعویض پولی الکتروموتور	A041172C	
3888	دمونتاژ مینیمم پرشرولو	A041182C	
3889	مونتاژ مینیمم پرشرولو	A041192C	
3890	تعویض سوپاپ اطمینان	A041202C	
3891	مونتاژ رادیاتور	A041212C	
3892	دمونتاژ رادیاتور	A041222C	
3893	مونتاژ شاسی متحرک	A041232C	
3894	دمونتاژ شاسی متحرک	A041242C	
3895	مونتاژ/تعویض فن خنک کننده	A041252C	
3896	دمونتاژ فن خنک کننده	A041262C	
3897	تعویض کنتاکتور	A041272C	
3898	تعویض بی متال	A041282C	
3899	تعویض کنترل فاز	A041292C	
3900	تعویض کلید حرارتی	A041302C	
3901	تعویض کلید ON-Off	A041312C	
3902	تعویض emergency stop	A041322C	
3903	تعویض برد کنترلی	A041332C	
3904	تعویض سنسور دما	A041342C	
3905	نعویض سنسور فشار	A041352C	
3906	تعویض شیر یکطرفه ساکشن	A041362C	
3907	تنظیم لوله ساکشن	A041372C	
3908	تعویض شلنگ هوا-روغن	A041382C	
3909	تعویض شلنگ از مینیمم به رادیاتور	A041392C	
3910	تعویض شلنگ از مخزن سپراتور به پایه فیلتر	A041402C	
3911	تعویض شلنگ از پایه فیلتر به ایراند	A041412C	
3912	تعویض شلنگ - لوله از پایه فیلتر به رادیاتور(رفت)	A041422C	
3913	تعویض شلنگ - لوله از پایه فیلتر به رادیاتور(برگشت)	A041432C	
3914	تعویض شلنگ های پنوماتیک 	A041442C	
3915	شستشوی رادیاتور	A041452C	
3916	شستشوی کمپرسور	A041462C	
3917	تعویض فوم ها و غبارگیر	A041472C	
3918	تعویض قفل کابینت(هرعدد)	A041482C	
3919	تعویض کابل قدرت 	A041492C	
3920	تعویض بلبرینگ های الکتروموتور	A041502C	
3921	تعویض بلبرینگ های الکتروموتور فن	A041512C	
3922	تعویض پروانه فن	A041522C	
3923	تعویض توری غبارگیر	A041532C	
3924	تعویض sight glass	A041542C	
3925	شستشوی مخزن سپراتور	A041552C	
3926	تعویض شلنگ تخلیه روغن	A041562C	
3927	تعویض شیر تخلیه روغن مخزن سپراتور	A041572C	
3928	تعویض لرزه گیر	A041582C	
3929	تنظیم پولی ها	A041592C	
3930	TEST RUN	A041602C	
3931	تعویض گیج مخزن سپراتور	A041612C	
3932	زنگ زدایی، لکه گیری و نقاشی	A041622C	
3933	تعویض چک ولو زیر ایراند	A041632C	
3934	تعویض واشر آببندی آنلودر	A041642C	
3935	تعویض واشر آببندی چک ولو زیر ایراند	A041652C	
3936	تعویض کابینت تابلو برق 	A041662C	
3937	تعویض درب تابلو برق  	A041672C	
3938	تعویض صفحه بالائی تابلو برق 	A041682C	
3939	تعویض صفحه پایینی تابلو برق 	A041692C	
3940	تعویض درب کابینت هر کدام	A041702C	
3941	تعویض پنل کابینت هر کدام	A041712C	
3942	تعویض ساپورت زیر  Electro Motor  هوایاری	A041722C	
3943	تعویض رابط ساپورت راست Electro Motor	A041732C	
3944	تعویض رابط ساپورت چپ Electro Motor 	A041742C	
3945	تعویض ساپورت نگهدارنده سقف کمپرسور	A041752C	
3946	تعویض پایه فن 	A041762C	
3947	تعویض پایه خرک 	A041772C	
3948	تعویض صفحه نگهدارنده قاب فن	A041782C	
3949	تعویض صفحه روی خرک 	A041792C	
3950	تعویض قاب رادیاتور 	A041802C	
3951	تعویض قاب تسمه 	A041812C	
3952	تعویض قاب کناری   Electro Motor	A041822C	
3953	تعویض قاب کناری تابلو برق 	A041832C	
3954	تعویض قاب ورودی هوا 	A041842C	
3955	تعویض قاب صداگیر 	A041852C	
3956	تعویض نگهدارنده مخزن 	A041862C	
3957	دمونتاژ ایراند	A051012C	
3958	مونتاژ ایراند	A051022C	
3959	دمونتاژ آنلودر	A051032C	
3960	مونتاژ آنلودر	A051042C	
3961	تعویض فیلتر هوا	A051052C	
3962	تعویض فیلتر روغن	A051062C	
3963	تعویض فیلتر سپراتور 	A051072C	
3964	تعویض روغن	A051082C	
3965	تعویض کیت اویل استاپ ولو	A051092C	
3966	تعویض ترموستاتیک ولو	A051102C	
3967	تعویض کیت مینیمم پرشرولو	A051112C	
3968	تعویض کیت آنلودر	A051122C	
3969	تعویض تسمه ها	A051132C	
3970	دمونتاژ الکتروموتور	A051142C	
3971	مونتاژ الکتروموتور	A051152C	
3972	تعویض پولی ایراند	A051162C	
3973	تعویض پولی الکتروموتور	A051172C	
3974	دمونتاژ مینیمم پرشرولو	A051182C	
3975	مونتاژ مینیمم پرشرولو	A051192C	
3976	تعویض سوپاپ اطمینان	A051202C	
3977	مونتاژ رادیاتور	A051212C	
3978	دمونتاژ رادیاتور	A051222C	
3979	مونتاژ شاسی متحرک	A051232C	
3980	دمونتاژ شاسی متحرک	A051242C	
3981	مونتاژ/تعویض فن خنک کننده	A051252C	
3982	دمونتاژ فن خنک کننده	A051262C	
3983	تعویض کنتاکتور	A051272C	
3984	تعویض بی متال	A051282C	
3985	تعویض کنترل فاز	A051292C	
3986	تعویض کلید حرارتی	A051302C	
3987	تعویض کلید ON-Off	A051312C	
3988	تعویض emergency stop	A051322C	
3989	تعویض برد کنترلی	A051332C	
3990	تعویض سنسور دما	A051342C	
3991	نعویض سنسور فشار	A051352C	
3992	تعویض شیر یکطرفه ساکشن	A051362C	
3993	تنظیم لوله ساکشن	A051372C	
3994	تعویض شلنگ هوا-روغن	A051382C	
3995	تعویض شلنگ از مینیمم به رادیاتور	A051392C	
3996	تعویض شلنگ از مخزن سپراتور به پایه فیلتر	A051402C	
3997	تعویض شلنگ از پایه فیلتر به ایراند	A051412C	
3998	تعویض شلنگ - لوله از پایه فیلتر به رادیاتور(رفت)	A051422C	
3999	تعویض شلنگ - لوله از پایه فیلتر به رادیاتور(برگشت)	A051432C	
4000	تعویض شلنگ های پنوماتیک 	A051442C	
4001	شستشوی رادیاتور	A051452C	
4002	شستشوی کمپرسور	A051462C	
4003	تعویض فوم ها و غبارگیر	A051472C	
4004	تعویض قفل کابینت(هرعدد)	A051482C	
4005	تعویض کابل قدرت 	A051492C	
4006	تعویض بلبرینگ های الکتروموتور	A051502C	
4007	تعویض بلبرینگ های الکتروموتور فن	A051512C	
4008	تعویض پروانه فن	A051522C	
4009	تعویض توری غبارگیر	A051532C	
4010	تعویض sight glass	A051542C	
4011	شستشوی مخزن سپراتور	A051552C	
4012	تعویض شلنگ تخلیه روغن	A051562C	
4013	تعویض شیر تخلیه روغن مخزن سپراتور	A051572C	
4014	تعویض لرزه گیر	A051582C	
4015	تنظیم پولی ها	A051592C	
4016	TEST RUN	A051602C	
4017	تعویض گیج مخزن سپراتور	A051612C	
4018	زنگ زدایی، لکه گیری و نقاشی	A051622C	
4019	تعویض چک ولو زیر ایراند	A051632C	
4020	تعویض واشر آببندی آنلودر	A051642C	
4021	تعویض واشر آببندی چک ولو زیر ایراند	A051652C	
4022	تعویض کابینت تابلو برق 	A051662C	
4023	تعویض درب تابلو برق  	A051672C	
4024	تعویض صفحه بالائی تابلو برق 	A051682C	
4025	تعویض صفحه پایینی تابلو برق 	A051692C	
4026	تعویض درب کابینت هر کدام	A051702C	
4027	تعویض پنل کابینت هر کدام	A051712C	
4028	تعویض ساپورت زیر  Electro Motor  هوایاری	A051722C	
4029	تعویض رابط ساپورت راست Electro Motor	A051732C	
4030	تعویض رابط ساپورت چپ Electro Motor 	A051742C	
4031	تعویض ساپورت نگهدارنده سقف کمپرسور	A051752C	
4032	تعویض پایه فن 	A051762C	
4033	تعویض پایه خرک 	A051772C	
4034	تعویض صفحه نگهدارنده قاب فن	A051782C	
4035	تعویض صفحه روی خرک 	A051792C	
4036	تعویض قاب رادیاتور 	A051802C	
4037	تعویض قاب تسمه 	A051812C	
4038	تعویض قاب کناری   Electro Motor	A051822C	
4039	تعویض قاب کناری تابلو برق 	A051832C	
4040	تعویض قاب ورودی هوا 	A051842C	
4041	تعویض قاب صداگیر 	A051852C	
4042	تعویض نگهدارنده مخزن 	A051862C	
4043	دمونتاژ ایراند	A061012C	
4044	مونتاژ ایراند	A061022C	
4045	دمونتاژ آنلودر	A061032C	
4046	مونتاژ آنلودر	A061042C	
4047	تعویض فیلتر هوا	A061052C	
4048	تعویض فیلتر روغن	A061062C	
4049	تعویض فیلتر سپراتور 	A061072C	
4050	تعویض روغن	A061082C	
4051	تعویض کیت اویل استاپ ولو	A061092C	
4052	تعویض ترموستاتیک ولو	A061102C	
4053	تعویض کیت مینیمم پرشرولو	A061112C	
4054	تعویض کیت آنلودر	A061122C	
4055	تعویض تسمه ها	A061132C	
4056	دمونتاژ الکتروموتور	A061142C	
4057	مونتاژ الکتروموتور	A061152C	
4058	تعویض پولی ایراند	A061162C	
4059	تعویض پولی الکتروموتور	A061172C	
4060	دمونتاژ مینیمم پرشرولو	A061182C	
4061	مونتاژ مینیمم پرشرولو	A061192C	
4062	تعویض سوپاپ اطمینان	A061202C	
4063	مونتاژ رادیاتور	A061212C	
4064	دمونتاژ رادیاتور	A061222C	
4065	مونتاژ شاسی متحرک	A061232C	
4066	دمونتاژ شاسی متحرک	A061242C	
4067	مونتاژ/تعویض فن خنک کننده	A061252C	
4068	دمونتاژ فن خنک کننده	A061262C	
4069	تعویض کنتاکتور	A061272C	
4070	تعویض بی متال	A061282C	
4071	تعویض کنترل فاز	A061292C	
4072	تعویض کلید حرارتی	A061302C	
4073	تعویض کلید ON-Off	A061312C	
4074	تعویض emergency stop	A061322C	
4075	تعویض برد کنترلی	A061332C	
4076	تعویض سنسور دما	A061342C	
4077	نعویض سنسور فشار	A061352C	
4078	تعویض شیر یکطرفه ساکشن	A061362C	
4079	تنظیم لوله ساکشن	A061372C	
4080	تعویض شلنگ هوا-روغن	A061382C	
4081	تعویض شلنگ از مینیمم به رادیاتور	A061392C	
4082	تعویض شلنگ از مخزن سپراتور به پایه فیلتر	A061402C	
4083	تعویض شلنگ از پایه فیلتر به ایراند	A061412C	
4084	تعویض شلنگ - لوله از پایه فیلتر به رادیاتور(رفت)	A061422C	
4085	تعویض شلنگ - لوله از پایه فیلتر به رادیاتور(برگشت)	A061432C	
4086	تعویض شلنگ های پنوماتیک 	A061442C	
4087	شستشوی رادیاتور	A061452C	
4088	شستشوی کمپرسور	A061462C	
4089	تعویض فوم ها و غبارگیر	A061472C	
4090	تعویض قفل کابینت(هرعدد)	A061482C	
4091	تعویض کابل قدرت 	A061492C	
4092	تعویض بلبرینگ های الکتروموتور	A061502C	
4093	تعویض بلبرینگ های الکتروموتور فن	A061512C	
4094	تعویض پروانه فن	A061522C	
4095	تعویض توری غبارگیر	A061532C	
4096	تعویض sight glass	A061542C	
4097	شستشوی مخزن سپراتور	A061552C	
4098	تعویض شلنگ تخلیه روغن	A061562C	
4099	تعویض شیر تخلیه روغن مخزن سپراتور	A061572C	
4100	تعویض لرزه گیر	A061582C	
4101	تنظیم پولی ها	A061592C	
4102	TEST RUN	A061602C	
4103	تعویض گیج مخزن سپراتور	A061612C	
4104	زنگ زدایی، لکه گیری و نقاشی	A061622C	
4105	تعویض چک ولو زیر ایراند	A061632C	
4106	تعویض واشر آببندی آنلودر	A061642C	
4107	تعویض واشر آببندی چک ولو زیر ایراند	A061652C	
4108	تعویض کابینت تابلو برق 	A061662C	
4109	تعویض درب تابلو برق  	A061672C	
4110	تعویض صفحه بالائی تابلو برق 	A061682C	
4111	تعویض صفحه پایینی تابلو برق 	A061692C	
4112	تعویض درب کابینت هر کدام	A061702C	
4113	تعویض پنل کابینت هر کدام	A061712C	
4114	تعویض ساپورت زیر  Electro Motor  هوایاری	A061722C	
4115	تعویض رابط ساپورت راست Electro Motor	A061732C	
4116	تعویض رابط ساپورت چپ Electro Motor 	A061742C	
4117	تعویض ساپورت نگهدارنده سقف کمپرسور	A061752C	
4118	تعویض پایه فن 	A061762C	
4119	تعویض پایه خرک 	A061772C	
4120	تعویض صفحه نگهدارنده قاب فن	A061782C	
4121	تعویض صفحه روی خرک 	A061792C	
4122	تعویض قاب رادیاتور 	A061802C	
4123	تعویض قاب تسمه 	A061812C	
4124	تعویض قاب کناری   Electro Motor	A061822C	
4125	تعویض قاب کناری تابلو برق 	A061832C	
4126	تعویض قاب ورودی هوا 	A061842C	
4127	تعویض قاب صداگیر 	A061852C	
4128	تعویض نگهدارنده مخزن 	A061862C	
4129	دمونتاژ ایراند	A071012C	
4130	مونتاژ ایراند	A071022C	
4131	دمونتاژ آنلودر	A071032C	
4132	مونتاژ آنلودر	A071042C	
4133	تعویض فیلتر هوا	A071052C	
4134	تعویض فیلتر روغن	A071062C	
4135	تعویض فیلتر سپراتور 	A071072C	
4136	تعویض روغن	A071082C	
4137	تعویض کیت اویل استاپ ولو	A071092C	
4138	تعویض ترموستاتیک ولو	A071102C	
4139	تعویض کیت مینیمم پرشرولو	A071112C	
4140	تعویض کیت آنلودر	A071122C	
4141	تعویض تسمه ها	A071132C	
4142	دمونتاژ الکتروموتور	A071142C	
4143	مونتاژ الکتروموتور	A071152C	
4144	تعویض پولی ایراند	A071162C	
4145	تعویض پولی الکتروموتور	A071172C	
4146	دمونتاژ مینیمم پرشرولو	A071182C	
4147	مونتاژ مینیمم پرشرولو	A071192C	
4148	تعویض سوپاپ اطمینان	A071202C	
4149	مونتاژ رادیاتور	A071212C	
4150	دمونتاژ رادیاتور	A071222C	
4151	مونتاژ شاسی متحرک	A071232C	
4152	دمونتاژ شاسی متحرک	A071242C	
4153	مونتاژ/تعویض فن خنک کننده	A071252C	
4154	دمونتاژ فن خنک کننده	A071262C	
4155	تعویض کنتاکتور	A071272C	
4156	تعویض بی متال	A071282C	
4157	تعویض کنترل فاز	A071292C	
4158	تعویض کلید حرارتی	A071302C	
4159	تعویض کلید ON-Off	A071312C	
4160	تعویض emergency stop	A071322C	
4161	تعویض برد کنترلی	A071332C	
4162	تعویض سنسور دما	A071342C	
4163	نعویض سنسور فشار	A071352C	
4164	تعویض شیر یکطرفه ساکشن	A071362C	
4165	تنظیم لوله ساکشن	A071372C	
4166	تعویض شلنگ هوا-روغن	A071382C	
4167	تعویض شلنگ از مینیمم به رادیاتور	A071392C	
4168	تعویض شلنگ از مخزن سپراتور به پایه فیلتر	A071402C	
4169	تعویض شلنگ از پایه فیلتر به ایراند	A071412C	
4170	تعویض شلنگ - لوله از پایه فیلتر به رادیاتور(رفت)	A071422C	
4171	تعویض شلنگ - لوله از پایه فیلتر به رادیاتور(برگشت)	A071432C	
4172	تعویض شلنگ های پنوماتیک 	A071442C	
4173	شستشوی رادیاتور	A071452C	
4174	شستشوی کمپرسور	A071462C	
4175	تعویض فوم ها و غبارگیر	A071472C	
4176	تعویض قفل کابینت(هرعدد)	A071482C	
4177	تعویض کابل قدرت 	A071492C	
4178	تعویض بلبرینگ های الکتروموتور	A071502C	
4179	تعویض بلبرینگ های الکتروموتور فن	A071512C	
4180	تعویض پروانه فن	A071522C	
4181	تعویض توری غبارگیر	A071532C	
4182	تعویض sight glass	A071542C	
4183	شستشوی مخزن سپراتور	A071552C	
4184	تعویض شلنگ تخلیه روغن	A071562C	
4185	تعویض شیر تخلیه روغن مخزن سپراتور	A071572C	
4186	تعویض لرزه گیر	A071582C	
4187	تنظیم پولی ها	A071592C	
4188	TEST RUN	A071602C	
4189	تعویض گیج مخزن سپراتور	A071612C	
4190	زنگ زدایی، لکه گیری و نقاشی	A071622C	
4191	تعویض چک ولو زیر ایراند	A071632C	
4192	تعویض واشر آببندی آنلودر	A071642C	
4193	تعویض واشر آببندی چک ولو زیر ایراند	A071652C	
4194	تعویض کابینت تابلو برق 	A071662C	
4195	تعویض درب تابلو برق  	A071672C	
4196	تعویض صفحه بالائی تابلو برق 	A071682C	
4197	تعویض صفحه پایینی تابلو برق 	A071692C	
4198	تعویض درب کابینت هر کدام	A071702C	
4199	تعویض پنل کابینت هر کدام	A071712C	
4200	تعویض ساپورت زیر  Electro Motor  هوایاری	A071722C	
4201	تعویض رابط ساپورت راست Electro Motor	A071732C	
4202	تعویض رابط ساپورت چپ Electro Motor 	A071742C	
4203	تعویض ساپورت نگهدارنده سقف کمپرسور	A071752C	
4204	تعویض پایه فن 	A071762C	
4205	تعویض پایه خرک 	A071772C	
4206	تعویض صفحه نگهدارنده قاب فن	A071782C	
4207	تعویض صفحه روی خرک 	A071792C	
4208	تعویض قاب رادیاتور 	A071802C	
4209	تعویض قاب تسمه 	A071812C	
4210	تعویض قاب کناری   Electro Motor	A071822C	
4211	تعویض قاب کناری تابلو برق 	A071832C	
4212	تعویض قاب ورودی هوا 	A071842C	
4213	تعویض قاب صداگیر 	A071852C	
4214	تعویض نگهدارنده مخزن 	A071862C	
4215	دمونتاژ ایراند	A101012C	
4216	مونتاژ ایراند	A101022C	
4217	دمونتاژ آنلودر	A101032C	
4218	مونتاژ آنلودر	A101042C	
4219	تعویض فیلتر هوا	A101052C	
4220	تعویض فیلتر روغن	A101062C	
4221	تعویض فیلتر سپراتور 	A101072C	
4222	تعویض روغن	A101082C	
4223	تعویض کیت اویل استاپ ولو	A101092C	
4224	تعویض ترموستاتیک ولو	A101102C	
4225	تعویض کیت مینیمم پرشرولو	A101112C	
4226	تعویض کیت آنلودر	A101122C	
4227	تعویض تسمه ها	A101132C	
4228	دمونتاژ الکتروموتور	A101142C	
4229	مونتاژ الکتروموتور	A101152C	
4230	تعویض پولی ایراند	A101162C	
4231	تعویض پولی الکتروموتور	A101172C	
4232	دمونتاژ مینیمم پرشرولو	A101182C	
4233	مونتاژ مینیمم پرشرولو	A101192C	
4234	تعویض سوپاپ اطمینان	A101202C	
4235	مونتاژ رادیاتور	A101212C	
4236	دمونتاژ رادیاتور	A101222C	
4237	مونتاژ شاسی متحرک	A101232C	
4238	دمونتاژ شاسی متحرک	A101242C	
4239	مونتاژ/تعویض فن خنک کننده	A101252C	
4240	دمونتاژ فن خنک کننده	A101262C	
4241	تعویض کنتاکتور	A101272C	
4242	تعویض بی متال	A101282C	
4243	تعویض کنترل فاز	A101292C	
4244	تعویض کلید حرارتی	A101302C	
4245	تعویض کلید ON-Off	A101312C	
4246	تعویض emergency stop	A101322C	
4247	تعویض برد کنترلی	A101332C	
4248	تعویض سنسور دما	A101342C	
4249	نعویض سنسور فشار	A101352C	
4250	تعویض شیر یکطرفه ساکشن	A101362C	
4251	تنظیم لوله ساکشن	A101372C	
4252	تعویض شلنگ هوا-روغن	A101382C	
4253	تعویض شلنگ از مینیمم به رادیاتور	A101392C	
4254	تعویض شلنگ از مخزن سپراتور به پایه فیلتر	A101402C	
4255	تعویض شلنگ از پایه فیلتر به ایراند	A101412C	
4256	تعویض شلنگ - لوله از پایه فیلتر به رادیاتور(رفت)	A101422C	
4257	تعویض شلنگ - لوله از پایه فیلتر به رادیاتور(برگشت)	A101432C	
4258	تعویض شلنگ های پنوماتیک 	A101442C	
4259	شستشوی رادیاتور	A101452C	
4260	شستشوی کمپرسور	A101462C	
4261	تعویض فوم ها و غبارگیر	A101472C	
4262	تعویض قفل کابینت(هرعدد)	A101482C	
4263	تعویض کابل قدرت 	A101492C	
4264	تعویض بلبرینگ های الکتروموتور	A101502C	
4265	تعویض بلبرینگ های الکتروموتور فن	A101512C	
4266	تعویض پروانه فن	A101522C	
4267	تعویض توری غبارگیر	A101532C	
4268	تعویض sight glass	A101542C	
4269	شستشوی مخزن سپراتور	A101552C	
4270	تعویض شلنگ تخلیه روغن	A101562C	
4271	تعویض شیر تخلیه روغن مخزن سپراتور	A101572C	
4272	تعویض لرزه گیر	A101582C	
4273	تنظیم پولی ها	A101592C	
4274	TEST RUN	A101602C	
4275	تعویض گیج مخزن سپراتور	A101612C	
4276	زنگ زدایی، لکه گیری و نقاشی	A101622C	
4277	تعویض چک ولو زیر ایراند	A101632C	
4278	تعویض واشر آببندی آنلودر	A101642C	
4279	تعویض واشر آببندی چک ولو زیر ایراند	A101652C	
4280	تعویض کابینت تابلو برق 	A101662C	
4281	تعویض درب تابلو برق  	A101672C	
4282	تعویض صفحه بالائی تابلو برق 	A101682C	
4283	تعویض صفحه پایینی تابلو برق 	A101692C	
4284	تعویض درب کابینت هر کدام	A101702C	
4285	تعویض پنل کابینت هر کدام	A101712C	
4286	تعویض ساپورت زیر  Electro Motor  هوایاری	A101722C	
4287	تعویض رابط ساپورت راست Electro Motor	A101732C	
4288	تعویض رابط ساپورت چپ Electro Motor 	A101742C	
4289	تعویض ساپورت نگهدارنده سقف کمپرسور	A101752C	
4290	تعویض پایه فن 	A101762C	
4291	تعویض پایه خرک 	A101772C	
4292	تعویض صفحه نگهدارنده قاب فن	A101782C	
4293	تعویض صفحه روی خرک 	A101792C	
4294	تعویض قاب رادیاتور 	A101802C	
4295	تعویض قاب تسمه 	A101812C	
4296	تعویض قاب کناری   Electro Motor	A101822C	
4297	تعویض قاب کناری تابلو برق 	A101832C	
4298	تعویض قاب ورودی هوا 	A101842C	
4299	تعویض قاب صداگیر 	A101852C	
4300	تعویض نگهدارنده مخزن 	A101862C	
4301	دمونتاژ ایراند	A111012C	
4302	مونتاژ ایراند	A111022C	
4303	دمونتاژ آنلودر	A111032C	
4304	مونتاژ آنلودر	A111042C	
4305	تعویض فیلتر هوا	A111052C	
4306	تعویض فیلتر روغن	A111062C	
4307	تعویض فیلتر سپراتور 	A111072C	
4308	تعویض روغن	A111082C	
4309	تعویض کیت اویل استاپ ولو	A111092C	
4310	تعویض ترموستاتیک ولو	A111102C	
4311	تعویض کیت مینیمم پرشرولو	A111112C	
4312	تعویض کیت آنلودر	A111122C	
4313	تعویض تسمه ها	A111132C	
4314	دمونتاژ الکتروموتور	A111142C	
4315	مونتاژ الکتروموتور	A111152C	
4316	تعویض پولی ایراند	A111162C	
4317	تعویض پولی الکتروموتور	A111172C	
4318	دمونتاژ مینیمم پرشرولو	A111182C	
4319	مونتاژ مینیمم پرشرولو	A111192C	
4320	تعویض سوپاپ اطمینان	A111202C	
4321	مونتاژ رادیاتور	A111212C	
4322	دمونتاژ رادیاتور	A111222C	
4323	مونتاژ شاسی متحرک	A111232C	
4324	دمونتاژ شاسی متحرک	A111242C	
4325	مونتاژ/تعویض فن خنک کننده	A111252C	
4326	دمونتاژ فن خنک کننده	A111262C	
4327	تعویض کنتاکتور	A111272C	
4328	تعویض بی متال	A111282C	
4329	تعویض کنترل فاز	A111292C	
4330	تعویض کلید حرارتی	A111302C	
4331	تعویض کلید ON-Off	A111312C	
4332	تعویض emergency stop	A111322C	
4333	تعویض برد کنترلی	A111332C	
4334	تعویض سنسور دما	A111342C	
4335	نعویض سنسور فشار	A111352C	
4336	تعویض شیر یکطرفه ساکشن	A111362C	
4337	تنظیم لوله ساکشن	A111372C	
4338	تعویض شلنگ هوا-روغن	A111382C	
4339	تعویض شلنگ از مینیمم به رادیاتور	A111392C	
4340	تعویض شلنگ از مخزن سپراتور به پایه فیلتر	A111402C	
4341	تعویض شلنگ از پایه فیلتر به ایراند	A111412C	
4342	تعویض شلنگ - لوله از پایه فیلتر به رادیاتور(رفت)	A111422C	
4343	تعویض شلنگ - لوله از پایه فیلتر به رادیاتور(برگشت)	A111432C	
4344	تعویض شلنگ های پنوماتیک 	A111442C	
4345	شستشوی رادیاتور	A111452C	
4346	شستشوی کمپرسور	A111462C	
4347	تعویض فوم ها و غبارگیر	A111472C	
4348	تعویض قفل کابینت(هرعدد)	A111482C	
4349	تعویض کابل قدرت 	A111492C	
4350	تعویض بلبرینگ های الکتروموتور	A111502C	
4351	تعویض بلبرینگ های الکتروموتور فن	A111512C	
4352	تعویض پروانه فن	A111522C	
4353	تعویض توری غبارگیر	A111532C	
4354	تعویض sight glass	A111542C	
4355	شستشوی مخزن سپراتور	A111552C	
4356	تعویض شلنگ تخلیه روغن	A111562C	
4357	تعویض شیر تخلیه روغن مخزن سپراتور	A111572C	
4358	تعویض لرزه گیر	A111582C	
4359	تنظیم پولی ها	A111592C	
4360	TEST RUN	A111602C	
4361	تعویض گیج مخزن سپراتور	A111612C	
4362	زنگ زدایی، لکه گیری و نقاشی	A111622C	
4363	تعویض چک ولو زیر ایراند	A111632C	
4364	تعویض واشر آببندی آنلودر	A111642C	
4365	تعویض واشر آببندی چک ولو زیر ایراند	A111652C	
4366	تعویض کابینت تابلو برق 	A111662C	
4367	تعویض درب تابلو برق  	A111672C	
4368	تعویض صفحه بالائی تابلو برق 	A111682C	
4369	تعویض صفحه پایینی تابلو برق 	A111692C	
4370	تعویض درب کابینت هر کدام	A111702C	
4371	تعویض پنل کابینت هر کدام	A111712C	
4372	تعویض ساپورت زیر  Electro Motor  هوایاری	A111722C	
4373	تعویض رابط ساپورت راست Electro Motor	A111732C	
4374	تعویض رابط ساپورت چپ Electro Motor 	A111742C	
4375	تعویض ساپورت نگهدارنده سقف کمپرسور	A111752C	
4376	تعویض پایه فن 	A111762C	
4377	تعویض پایه خرک 	A111772C	
4378	تعویض صفحه نگهدارنده قاب فن	A111782C	
4379	تعویض صفحه روی خرک 	A111792C	
4380	تعویض قاب رادیاتور 	A111802C	
4381	تعویض قاب تسمه 	A111812C	
4382	تعویض قاب کناری   Electro Motor	A111822C	
4383	تعویض قاب کناری تابلو برق 	A111832C	
4384	تعویض قاب ورودی هوا 	A111842C	
4385	تعویض قاب صداگیر 	A111852C	
4386	تعویض نگهدارنده مخزن 	A111862C	
4387	دمونتاژ ایراند	A111012C	
4388	مونتاژ ایراند	A111022C	
4389	دمونتاژ آنلودر	A111032C	
4390	مونتاژ آنلودر	A111042C	
4391	تعویض فیلتر هوا	A111052C	
4392	تعویض فیلتر روغن	A111062C	
4393	تعویض فیلتر سپراتور 	A111072C	
4394	تعویض روغن	A111082C	
4395	تعویض کیت اویل استاپ ولو	A111092C	
4396	تعویض ترموستاتیک ولو	A111102C	
4397	تعویض کیت مینیمم پرشرولو	A111112C	
4398	تعویض کیت آنلودر	A111122C	
4399	تعویض تسمه ها	A111132C	
4400	دمونتاژ الکتروموتور	A111142C	
4401	مونتاژ الکتروموتور	A111152C	
4402	تعویض پولی ایراند	A111162C	
4403	تعویض پولی الکتروموتور	A111172C	
4404	دمونتاژ مینیمم پرشرولو	A111182C	
4405	مونتاژ مینیمم پرشرولو	A111192C	
4406	تعویض سوپاپ اطمینان	A121202C	
4407	مونتاژ رادیاتور	A121212C	
4408	دمونتاژ رادیاتور	A121222C	
4409	مونتاژ شاسی متحرک	A121232C	
4410	دمونتاژ شاسی متحرک	A121242C	
4411	مونتاژ/تعویض فن خنک کننده	A121252C	
4412	دمونتاژ فن خنک کننده	A121262C	
4413	تعویض کنتاکتور	A121272C	
4414	تعویض بی متال	A121282C	
4415	تعویض کنترل فاز	A121292C	
4416	تعویض کلید حرارتی	A121302C	
4417	تعویض کلید ON-Off	A121312C	
4418	تعویض emergency stop	A121322C	
4419	تعویض برد کنترلی	A121332C	
4420	تعویض سنسور دما	A121342C	
4421	نعویض سنسور فشار	A121352C	
4422	تعویض شیر یکطرفه ساکشن	A121362C	
4423	تنظیم لوله ساکشن	A121372C	
4424	تعویض شلنگ هوا-روغن	A121382C	
4425	تعویض شلنگ از مینیمم به رادیاتور	A121392C	
4426	تعویض شلنگ از مخزن سپراتور به پایه فیلتر	A121402C	
4427	تعویض شلنگ از پایه فیلتر به ایراند	A121412C	
4428	تعویض شلنگ - لوله از پایه فیلتر به رادیاتور(رفت)	A121422C	
4429	تعویض شلنگ - لوله از پایه فیلتر به رادیاتور(برگشت)	A121432C	
4430	تعویض شلنگ های پنوماتیک 	A121442C	
4431	شستشوی رادیاتور	A121452C	
4432	شستشوی کمپرسور	A121462C	
4433	تعویض فوم ها و غبارگیر	A121472C	
4434	تعویض قفل کابینت(هرعدد)	A121482C	
4435	تعویض کابل قدرت 	A121492C	
4436	تعویض بلبرینگ های الکتروموتور	A121502C	
4437	تعویض بلبرینگ های الکتروموتور فن	A121512C	
4438	تعویض پروانه فن	A121522C	
4439	تعویض توری غبارگیر	A121532C	
4440	تعویض sight glass	A121542C	
4441	شستشوی مخزن سپراتور	A121552C	
4442	تعویض شلنگ تخلیه روغن	A121562C	
4443	تعویض شیر تخلیه روغن مخزن سپراتور	A121572C	
4444	تعویض لرزه گیر	A121582C	
4445	تنظیم پولی ها	A121592C	
4446	TEST RUN	A121602C	
4447	تعویض گیج مخزن سپراتور	A121612C	
4448	زنگ زدایی، لکه گیری و نقاشی	A121622C	
4449	تعویض چک ولو زیر ایراند	A121632C	
4450	تعویض واشر آببندی آنلودر	A121642C	
4451	تعویض واشر آببندی چک ولو زیر ایراند	A121652C	
4452	تعویض کابینت تابلو برق 	A121662C	
4453	تعویض درب تابلو برق  	A121672C	
4454	تعویض صفحه بالائی تابلو برق 	A121682C	
4455	تعویض صفحه پایینی تابلو برق 	A121692C	
4456	تعویض درب کابینت هر کدام	A121702C	
4457	تعویض پنل کابینت هر کدام	A121712C	
4458	تعویض ساپورت زیر  Electro Motor  هوایاری	A121722C	
4459	تعویض رابط ساپورت راست Electro Motor	A121732C	
4460	تعویض رابط ساپورت چپ Electro Motor 	A121742C	
4461	تعویض ساپورت نگهدارنده سقف کمپرسور	A121752C	
4462	تعویض پایه فن 	A121762C	
4463	تعویض پایه خرک 	A121772C	
4464	تعویض صفحه نگهدارنده قاب فن	A121782C	
4465	تعویض صفحه روی خرک 	A121792C	
4466	تعویض قاب رادیاتور 	A121802C	
4467	تعویض قاب تسمه 	A121812C	
4468	تعویض قاب کناری   Electro Motor	A121822C	
4469	تعویض قاب کناری تابلو برق 	A121832C	
4470	تعویض قاب ورودی هوا 	A121842C	
4471	تعویض قاب صداگیر 	A121852C	
4472	تعویض نگهدارنده مخزن 	A121862C	
4473	دمونتاژ ایراند	A131012C	
4474	مونتاژ ایراند	A131022C	
4475	دمونتاژ آنلودر	A131032C	
4476	مونتاژ آنلودر	A131042C	
4477	تعویض فیلتر هوا	A131052C	
4478	تعویض فیلتر روغن	A131062C	
4479	تعویض فیلتر سپراتور 	A131072C	
4480	تعویض روغن	A131082C	
4481	تعویض کیت اویل استاپ ولو	A131092C	
4482	تعویض ترموستاتیک ولو	A131102C	
4483	تعویض کیت مینیمم پرشرولو	A131112C	
4484	تعویض کیت آنلودر	A131122C	
4485	تعویض تسمه ها	A131132C	
4486	دمونتاژ الکتروموتور	A131142C	
4487	مونتاژ الکتروموتور	A131152C	
4488	تعویض پولی ایراند	A131162C	
4489	تعویض پولی الکتروموتور	A131172C	
4490	دمونتاژ مینیمم پرشرولو	A131182C	
4491	مونتاژ مینیمم پرشرولو	A131192C	
4492	تعویض سوپاپ اطمینان	A131202C	
4493	مونتاژ رادیاتور	A131212C	
4494	دمونتاژ رادیاتور	A131222C	
4495	مونتاژ شاسی متحرک	A131232C	
4496	دمونتاژ شاسی متحرک	A131242C	
4497	مونتاژ/تعویض فن خنک کننده	A131252C	
4498	دمونتاژ فن خنک کننده	A131262C	
4499	تعویض کنتاکتور	A131272C	
4500	تعویض بی متال	A131282C	
4501	تعویض کنترل فاز	A131292C	
4502	تعویض کلید حرارتی	A131302C	
4503	تعویض کلید ON-Off	A131312C	
4504	تعویض emergency stop	A131322C	
4505	تعویض برد کنترلی	A131332C	
4506	تعویض سنسور دما	A131342C	
4507	نعویض سنسور فشار	A131352C	
4508	تعویض شیر یکطرفه ساکشن	A131362C	
4509	تنظیم لوله ساکشن	A131372C	
4510	تعویض شلنگ هوا-روغن	A131382C	
4511	تعویض شلنگ از مینیمم به رادیاتور	A131392C	
4512	تعویض شلنگ از مخزن سپراتور به پایه فیلتر	A131402C	
4513	تعویض شلنگ از پایه فیلتر به ایراند	A131412C	
4514	تعویض شلنگ - لوله از پایه فیلتر به رادیاتور(رفت)	A131422C	
4515	تعویض شلنگ - لوله از پایه فیلتر به رادیاتور(برگشت)	A131432C	
4516	تعویض شلنگ های پنوماتیک 	A131442C	
4517	شستشوی رادیاتور	A131452C	
4518	شستشوی کمپرسور	A131462C	
4519	تعویض فوم ها و غبارگیر	A131472C	
4520	تعویض قفل کابینت(هرعدد)	A131482C	
4521	تعویض کابل قدرت 	A131492C	
4522	تعویض بلبرینگ های الکتروموتور	A131502C	
4523	تعویض بلبرینگ های الکتروموتور فن	A131512C	
4524	تعویض پروانه فن	A131522C	
4525	تعویض توری غبارگیر	A131532C	
4526	تعویض sight glass	A131542C	
4527	شستشوی مخزن سپراتور	A131552C	
4528	تعویض شلنگ تخلیه روغن	A131562C	
4529	تعویض شیر تخلیه روغن مخزن سپراتور	A131572C	
4530	تعویض لرزه گیر	A131582C	
4531	تنظیم پولی ها	A131592C	
4532	TEST RUN	A131602C	
4533	تعویض گیج مخزن سپراتور	A131612C	
4534	زنگ زدایی، لکه گیری و نقاشی	A131622C	
4535	تعویض چک ولو زیر ایراند	A131632C	
4536	تعویض واشر آببندی آنلودر	A131642C	
4537	تعویض واشر آببندی چک ولو زیر ایراند	A131652C	
4538	تعویض کابینت تابلو برق 	A131662C	
4539	تعویض درب تابلو برق  	A131672C	
4540	تعویض صفحه بالائی تابلو برق 	A131682C	
4541	تعویض صفحه پایینی تابلو برق 	A131692C	
4542	تعویض درب کابینت هر کدام	A131702C	
4543	تعویض پنل کابینت هر کدام	A131712C	
4544	تعویض ساپورت زیر  Electro Motor  هوایاری	A131722C	
4545	تعویض رابط ساپورت راست Electro Motor	A131732C	
4546	تعویض رابط ساپورت چپ Electro Motor 	A131742C	
4547	تعویض ساپورت نگهدارنده سقف کمپرسور	A131752C	
4548	تعویض پایه فن 	A131762C	
4549	تعویض پایه خرک 	A131772C	
4550	تعویض صفحه نگهدارنده قاب فن	A131782C	
4551	تعویض صفحه روی خرک 	A131792C	
4552	تعویض قاب رادیاتور 	A131802C	
4553	تعویض قاب تسمه 	A131812C	
4554	تعویض قاب کناری   Electro Motor	A131822C	
4555	تعویض قاب کناری تابلو برق 	A131832C	
4556	تعویض قاب ورودی هوا 	A131842C	
4557	تعویض قاب صداگیر 	A131852C	
4558	تعویض نگهدارنده مخزن 	A131862C	
4559	دمونتاژ ایراند	A141012C	
4560	مونتاژ ایراند	A141022C	
4561	دمونتاژ آنلودر	A141032C	
4562	مونتاژ آنلودر	A141042C	
4563	تعویض فیلتر هوا	A141052C	
4564	تعویض فیلتر روغن	A141062C	
4565	تعویض فیلتر سپراتور 	A141072C	
4566	تعویض روغن	A141082C	
4567	تعویض کیت اویل استاپ ولو	A141092C	
4568	تعویض ترموستاتیک ولو	A141102C	
4569	تعویض کیت مینیمم پرشرولو	A141112C	
4570	تعویض کیت آنلودر	A141122C	
4571	تعویض تسمه ها	A141132C	
4572	دمونتاژ الکتروموتور	A141142C	
4573	مونتاژ الکتروموتور	A141152C	
4574	تعویض پولی ایراند	A141162C	
4575	تعویض پولی الکتروموتور	A141172C	
4576	دمونتاژ مینیمم پرشرولو	A141182C	
4577	مونتاژ مینیمم پرشرولو	A141192C	
4578	تعویض سوپاپ اطمینان	A141202C	
4579	مونتاژ رادیاتور	A141212C	
4580	دمونتاژ رادیاتور	A141222C	
4581	مونتاژ شاسی متحرک	A141232C	
4582	دمونتاژ شاسی متحرک	A141242C	
4583	مونتاژ/تعویض فن خنک کننده	A141252C	
4584	دمونتاژ فن خنک کننده	A141262C	
4585	تعویض کنتاکتور	A141272C	
4586	تعویض بی متال	A141282C	
4587	تعویض کنترل فاز	A141292C	
4588	تعویض کلید حرارتی	A141302C	
4589	تعویض کلید ON-Off	A141312C	
4590	تعویض emergency stop	A141322C	
4591	تعویض برد کنترلی	A141332C	
4592	تعویض سنسور دما	A141342C	
4593	نعویض سنسور فشار	A141352C	
4594	تعویض شیر یکطرفه ساکشن	A141362C	
4595	تنظیم لوله ساکشن	A141372C	
4596	تعویض شلنگ هوا-روغن	A141382C	
4597	تعویض شلنگ از مینیمم به رادیاتور	A141392C	
4598	تعویض شلنگ از مخزن سپراتور به پایه فیلتر	A141402C	
4599	تعویض شلنگ از پایه فیلتر به ایراند	A141412C	
4600	تعویض شلنگ - لوله از پایه فیلتر به رادیاتور(رفت)	A141422C	
4601	تعویض شلنگ - لوله از پایه فیلتر به رادیاتور(برگشت)	A141432C	
4602	تعویض شلنگ های پنوماتیک 	A141442C	
4603	شستشوی رادیاتور	A141452C	
4604	شستشوی کمپرسور	A141462C	
4605	تعویض فوم ها و غبارگیر	A141472C	
4606	تعویض قفل کابینت(هرعدد)	A141482C	
4607	تعویض کابل قدرت 	A141492C	
4608	تعویض بلبرینگ های الکتروموتور	A141502C	
4609	تعویض بلبرینگ های الکتروموتور فن	A141512C	
4610	تعویض پروانه فن	A141522C	
4611	تعویض توری غبارگیر	A141532C	
4612	تعویض sight glass	A141542C	
4613	شستشوی مخزن سپراتور	A141552C	
4614	تعویض شلنگ تخلیه روغن	A141562C	
4615	تعویض شیر تخلیه روغن مخزن سپراتور	A141572C	
4616	تعویض لرزه گیر	A141582C	
4617	تنظیم پولی ها	A141592C	
4618	TEST RUN	A141602C	
4619	تعویض گیج مخزن سپراتور	A141612C	
4620	زنگ زدایی، لکه گیری و نقاشی	A141622C	
4621	تعویض چک ولو زیر ایراند	A141632C	
4622	تعویض واشر آببندی آنلودر	A141642C	
4623	تعویض واشر آببندی چک ولو زیر ایراند	A141652C	
4624	تعویض کابینت تابلو برق 	A141662C	
4625	تعویض درب تابلو برق  	A141672C	
4626	تعویض صفحه بالائی تابلو برق 	A141682C	
4627	تعویض صفحه پایینی تابلو برق 	A141692C	
4628	تعویض درب کابینت هر کدام	A141702C	
4629	تعویض پنل کابینت هر کدام	A141712C	
4630	تعویض ساپورت زیر  Electro Motor  هوایاری	A141722C	
4631	تعویض رابط ساپورت راست Electro Motor	A141732C	
4632	تعویض رابط ساپورت چپ Electro Motor 	A141742C	
4633	تعویض ساپورت نگهدارنده سقف کمپرسور	A141752C	
4634	تعویض پایه فن 	A141762C	
4635	تعویض پایه خرک 	A141772C	
4636	تعویض صفحه نگهدارنده قاب فن	A141782C	
4637	تعویض صفحه روی خرک 	A141792C	
4638	تعویض قاب رادیاتور 	A141802C	
4639	تعویض قاب تسمه 	A141812C	
4640	تعویض قاب کناری   Electro Motor	A141822C	
4641	تعویض قاب کناری تابلو برق 	A141832C	
4642	تعویض قاب ورودی هوا 	A141842C	
4643	تعویض قاب صداگیر 	A141852C	
4644	تعویض نگهدارنده مخزن 	A141862C	
4645	دمونتاژ ایراند	A151012C	
4646	مونتاژ ایراند	A151022C	
4647	دمونتاژ آنلودر	A151032C	
4648	مونتاژ آنلودر	A151042C	
4649	تعویض فیلتر هوا	A151052C	
4650	تعویض فیلتر روغن	A151062C	
4651	تعویض فیلتر سپراتور 	A151072C	
4652	تعویض روغن	A151082C	
4653	تعویض کیت اویل استاپ ولو	A151092C	
4654	تعویض ترموستاتیک ولو	A151102C	
4655	تعویض کیت مینیمم پرشرولو	A151112C	
4656	تعویض کیت آنلودر	A151122C	
4657	تعویض تسمه ها	A151132C	
4658	دمونتاژ الکتروموتور	A151142C	
4659	مونتاژ الکتروموتور	A151152C	
4660	تعویض پولی ایراند	A151162C	
4661	تعویض پولی الکتروموتور	A151172C	
4662	دمونتاژ مینیمم پرشرولو	A151182C	
4663	مونتاژ مینیمم پرشرولو	A151192C	
4664	تعویض سوپاپ اطمینان	A151202C	
4665	مونتاژ رادیاتور	A151212C	
4666	دمونتاژ رادیاتور	A151222C	
4667	مونتاژ شاسی متحرک	A151232C	
4668	دمونتاژ شاسی متحرک	A151242C	
4669	مونتاژ/تعویض فن خنک کننده	A151252C	
4670	دمونتاژ فن خنک کننده	A151262C	
4671	تعویض کنتاکتور	A151272C	
4672	تعویض بی متال	A151282C	
4673	تعویض کنترل فاز	A151292C	
4674	تعویض کلید حرارتی	A151302C	
4675	تعویض کلید ON-Off	A151312C	
4676	تعویض emergency stop	A151322C	
4677	تعویض برد کنترلی	A151332C	
4678	تعویض سنسور دما	A151342C	
4679	نعویض سنسور فشار	A151352C	
4680	تعویض شیر یکطرفه ساکشن	A151362C	
4681	تنظیم لوله ساکشن	A151372C	
4682	تعویض شلنگ هوا-روغن	A151382C	
4683	تعویض شلنگ از مینیمم به رادیاتور	A151392C	
4684	تعویض شلنگ از مخزن سپراتور به پایه فیلتر	A151402C	
4685	تعویض شلنگ از پایه فیلتر به ایراند	A151412C	
4686	تعویض شلنگ - لوله از پایه فیلتر به رادیاتور(رفت)	A151422C	
4687	تعویض شلنگ - لوله از پایه فیلتر به رادیاتور(برگشت)	A151432C	
4688	تعویض شلنگ های پنوماتیک 	A151442C	
4689	شستشوی رادیاتور	A151452C	
4690	شستشوی کمپرسور	A151462C	
4691	تعویض فوم ها و غبارگیر	A151472C	
4692	تعویض قفل کابینت(هرعدد)	A151482C	
4693	تعویض کابل قدرت 	A151492C	
4694	تعویض بلبرینگ های الکتروموتور	A151502C	
4695	تعویض بلبرینگ های الکتروموتور فن	A151512C	
4696	تعویض پروانه فن	A151522C	
4697	تعویض توری غبارگیر	A151532C	
4698	تعویض sight glass	A151542C	
4699	شستشوی مخزن سپراتور	A151552C	
4700	تعویض شلنگ تخلیه روغن	A151562C	
4701	تعویض شیر تخلیه روغن مخزن سپراتور	A151572C	
4702	تعویض لرزه گیر	A151582C	
4703	تنظیم پولی ها	A151592C	
4704	TEST RUN	A151602C	
4705	تعویض گیج مخزن سپراتور	A151612C	
4706	زنگ زدایی، لکه گیری و نقاشی	A151622C	
4707	تعویض چک ولو زیر ایراند	A151632C	
4708	تعویض واشر آببندی آنلودر	A151642C	
4709	تعویض واشر آببندی چک ولو زیر ایراند	A151652C	
4710	تعویض کابینت تابلو برق 	A151662C	
4711	تعویض درب تابلو برق  	A151672C	
4712	تعویض صفحه بالائی تابلو برق 	A151682C	
4713	تعویض صفحه پایینی تابلو برق 	A151692C	
4714	تعویض درب کابینت هر کدام	A151702C	
4715	تعویض پنل کابینت هر کدام	A151712C	
4716	تعویض ساپورت زیر  Electro Motor  هوایاری	A151722C	
4717	تعویض رابط ساپورت راست Electro Motor	A151732C	
4718	تعویض رابط ساپورت چپ Electro Motor 	A151742C	
4719	تعویض ساپورت نگهدارنده سقف کمپرسور	A151752C	
4720	تعویض پایه فن 	A151762C	
4721	تعویض پایه خرک 	A151772C	
4722	تعویض صفحه نگهدارنده قاب فن	A151782C	
4723	تعویض صفحه روی خرک 	A151792C	
4724	تعویض قاب رادیاتور 	A151802C	
4725	تعویض قاب تسمه 	A151812C	
4726	تعویض قاب کناری   Electro Motor	A151822C	
4727	تعویض قاب کناری تابلو برق 	A151832C	
4728	تعویض قاب ورودی هوا 	A151842C	
4729	تعویض قاب صداگیر 	A151852C	
4730	تعویض نگهدارنده مخزن 	A151862C	
4731	دمونتاژ ایراند	M151012C	
4732	مونتاژ ایراند	M151022C	
4733	دمونتاژ آنلودر	M151032C	
4734	مونتاژ آنلودر	M151042C	
4735	تعویض فیلتر هوا	M151052C	
4736	تعویض فیلتر روغن	M151062C	
4737	تعویض فیلتر سپراتور 	M151072C	
4738	تعویض روغن	M151082C	
4739	تعویض کیت اویل استاپ ولو	M151092C	
4740	تعویض ترموستاتیک ولو	M151102C	
4741	تعویض کیت مینیمم پرشرولو	M151112C	
4742	تعویض کیت آنلودر	M151122C	
4743	تعویض تسمه ها	M151132C	
4744	دمونتاژ الکتروموتور	M151142C	
4745	مونتاژ الکتروموتور	M151152C	
4746	تعویض پولی ایراند	M151162C	
4747	تعویض پولی الکتروموتور	M151172C	
4748	دمونتاژ مینیمم پرشرولو	M151182C	
4749	مونتاژ مینیمم پرشرولو	M151192C	
4750	تعویض سوپاپ اطمینان	M151202C	
4751	مونتاژ رادیاتور	M151212C	
4752	دمونتاژ رادیاتور	M151222C	
4753	مونتاژ شاسی متحرک	M151232C	
4754	دمونتاژ شاسی متحرک	M151242C	
4755	مونتاژ/تعویض فن خنک کننده	M151252C	
4756	دمونتاژ فن خنک کننده	M151262C	
4757	تعویض کنتاکتور	M151272C	
4758	تعویض بی متال	M151282C	
4759	تعویض کنترل فاز	M151292C	
4760	تعویض کلید حرارتی	M151302C	
4761	تعویض کلید ON-Off	M151312C	
4762	تعویض emergency stop	M151322C	
4763	تعویض برد کنترلی	M151332C	
4764	تعویض سنسور دما	M151342C	
4765	نعویض سنسور فشار	M151352C	
4766	تعویض شیر یکطرفه ساکشن	M151362C	
4767	تنظیم لوله ساکشن	M151372C	
4768	تعویض شلنگ هوا-روغن	M151382C	
4769	تعویض شلنگ از مینیمم به رادیاتور	M151392C	
4770	تعویض شلنگ از مخزن سپراتور به پایه فیلتر	M151402C	
4771	تعویض شلنگ از پایه فیلتر به ایراند	M151412C	
4772	تعویض شلنگ - لوله از پایه فیلتر به رادیاتور(رفت)	M151422C	
4773	تعویض شلنگ - لوله از پایه فیلتر به رادیاتور(برگشت)	M151432C	
4774	تعویض شلنگ های پنوماتیک 	M151442C	
4775	شستشوی رادیاتور	M151452C	
4776	شستشوی کمپرسور	M151462C	
4777	تعویض فوم ها و غبارگیر	M151472C	
4778	تعویض قفل کابینت(هرعدد)	M151482C	
4779	تعویض کابل قدرت 	M151492C	
4780	تعویض بلبرینگ های الکتروموتور	M151502C	
4781	تعویض بلبرینگ های الکتروموتور فن	M151512C	
4782	تعویض پروانه فن	M151522C	
4783	تعویض توری غبارگیر	M151532C	
4784	تعویض sight glass	M151542C	
4785	شستشوی مخزن سپراتور	M151552C	
4786	تعویض شلنگ تخلیه روغن	M151562C	
4787	تعویض شیر تخلیه روغن مخزن سپراتور	M151572C	
4788	تعویض لرزه گیر	M151582C	
4789	تنظیم پولی ها	M151592C	
4790	TEST RUN	M151602C	
4791	تعویض گیج مخزن سپراتور	M151612C	
4792	زنگ زدایی، لکه گیری و نقاشی	M151622C	
4793	تعویض چک ولو زیر ایراند	M151632C	
4794	تعویض واشر آببندی آنلودر	M151642C	
4795	تعویض واشر آببندی چک ولو زیر ایراند	M151652C	
4796	تعویض کابینت تابلو برق 	M151662C	
4797	تعویض درب تابلو برق  	M151672C	
4798	تعویض صفحه بالائی تابلو برق 	M151682C	
4799	تعویض صفحه پایینی تابلو برق 	M151692C	
4800	تعویض درب کابینت هر کدام	M151702C	
4801	تعویض پنل کابینت هر کدام	M151712C	
4802	تعویض ساپورت زیر  Electro Motor  هوایاری	M151722C	
4803	تعویض رابط ساپورت راست Electro Motor	M151732C	
4804	تعویض رابط ساپورت چپ Electro Motor 	M151742C	
4805	تعویض ساپورت نگهدارنده سقف کمپرسور	M151752C	
4806	تعویض پایه فن 	M151762C	
4807	تعویض پایه خرک 	M151772C	
4808	تعویض صفحه نگهدارنده قاب فن	M151782C	
4809	تعویض صفحه روی خرک 	M151792C	
4810	تعویض قاب رادیاتور 	M151802C	
4811	تعویض قاب تسمه 	M151812C	
4812	تعویض قاب کناری   Electro Motor	M151822C	
4813	تعویض قاب کناری تابلو برق 	M151832C	
4814	تعویض قاب ورودی هوا 	M151842C	
4815	تعویض قاب صداگیر 	M151852C	
4816	تعویض نگهدارنده مخزن 	M151862C	
4817	تعویض کاسه نمد	Y011872C	
4818	تعویض کاسه نمد	Y021872C	
4819	تعویض کاسه نمد	Y031872C	
4820	تعویض کاسه نمد	Y041872C	
4821	تعویض کاسه نمد	Y051872C	
4822	تعویض کاسه نمد	Y061872C	
4823	تعویض کاسه نمد	Y071872C	
4824	تعویض کاسه نمد	Y081872C	
4825	تعویض کاسه نمد	Y091872C	
4826	تعویض کاسه نمد	Y101872C	
4827	تعویض ستون هر کدام	Y101882C	
4828	تعویض لولا	Y101892C	
4829	دمونتاژ کوپلینگ	Y101902C	
4830	مونتاژ کوپلینگ	Y101912C	
4831	تعویض اکسپنشن جوینت هوا روغن	Y101922C	
4832	تعویض اکسپنشن جوینت هوا 	Y101932C	
4833	تعویض سنسور اختلاف فشار هر کدام	Y101942C	
4834	تعویض سوییچ اختلاف فشار هر کدام	Y101952C	
4835	تعویض لوله خروجی هوا	Y101962C	
4836	دمونتاژ تله آبگیر	Y101972C	
4837	مونتاژ تله آبگیر	Y101982C	
4838	تعویض/ سرویس اتودرین	Y101992C	
4839	دمونتاژ سینی کابل	Y102002C	
4840	مونتاژ سینی کابل	Y102012C	
4841	تعویض فن تابلو برق	Y102022C	
4842	تعویض CT	Y102032C	
4843	دمونتاژ گلدانی	Y102042C	
4844	مونتاژ گلدانی	Y102052C	
4845	تعویض کابینت برد	Y102062C	
4846	تعویض کاسه نمد	Y111872C	
4847	تعویض ستون هر کدام	Y111882C	
4848	تعویض لولا	Y111892C	
4849	دمونتاژ کوپلینگ	Y111902C	
4850	مونتاژ کوپلینگ	Y111912C	
4851	تعویض اکسپنشن جوینت هوا روغن	Y111922C	
4852	تعویض اکسپنشن جوینت هوا 	Y111932C	
4853	تعویض سنسور اختلاف فشار هر کدام	Y111942C	
4854	تعویض سوییچ اختلاف فشار هر کدام	Y111952C	
4855	تعویض لوله خروجی هوا	Y111962C	
4856	دمونتاژ تله آبگیر	Y111972C	
4857	مونتاژ تله آبگیر	Y111982C	
4858	تعویض/ سرویس اتودرین	Y111992C	
4859	دمونتاژ سینی کابل	Y112002C	
4860	مونتاژ سینی کابل	Y112012C	
4861	تعویض فن تابلو برق	Y112022C	
4862	تعویض CT	Y112032C	
4863	دمونتاژ گلدانی	Y112042C	
4864	مونتاژ گلدانی	Y112052C	
4865	تعویض کابینت برد	Y112062C	
4866	تعویض کاسه نمد	Y121872C	
4867	تعویض ستون هر کدام	Y121882C	
4868	تعویض لولا	Y121892C	
4869	دمونتاژ کوپلینگ	Y121902C	
4870	مونتاژ کوپلینگ	Y121912C	
4871	تعویض اکسپنشن جوینت هوا روغن	Y121922C	
4872	تعویض اکسپنشن جوینت هوا 	Y121932C	
4873	تعویض سنسور اختلاف فشار هر کدام	Y121942C	
4874	تعویض سوییچ اختلاف فشار هر کدام	Y121952C	
4875	تعویض لوله خروجی هوا	Y121962C	
4876	دمونتاژ تله آبگیر	Y121972C	
4877	مونتاژ تله آبگیر	Y121982C	
4878	تعویض/ سرویس اتودرین	Y121992C	
4879	دمونتاژ سینی کابل	Y122002C	
4880	مونتاژ سینی کابل	Y122012C	
4881	تعویض فن تابلو برق	Y122022C	
4882	تعویض CT	Y122032C	
4883	دمونتاژ گلدانی	Y122042C	
4884	مونتاژ گلدانی	Y122052C	
4885	تعویض کابینت برد	Y122062C	
4886	تعویض کاسه نمد	Y131872C	
4887	تعویض ستون هر کدام	Y131882C	
4888	تعویض لولا	Y131892C	
4889	دمونتاژ کوپلینگ	Y131902C	
4890	مونتاژ کوپلینگ	Y131912C	
4891	تعویض اکسپنشن جوینت هوا روغن	Y131922C	
4892	تعویض اکسپنشن جوینت هوا 	Y131932C	
4893	تعویض سنسور اختلاف فشار هر کدام	Y131942C	
4894	تعویض سوییچ اختلاف فشار هر کدام	Y131952C	
4895	تعویض لوله خروجی هوا	Y131962C	
4896	دمونتاژ تله آبگیر	Y131972C	
4897	مونتاژ تله آبگیر	Y131982C	
4898	تعویض/ سرویس اتودرین	Y131992C	
4899	دمونتاژ سینی کابل	Y132002C	
4900	مونتاژ سینی کابل	Y132012C	
4901	تعویض فن تابلو برق	Y132022C	
4902	تعویض CT	Y132032C	
4903	دمونتاژ گلدانی	Y132042C	
4904	مونتاژ گلدانی	Y132052C	
4905	تعویض کابینت برد	Y132062C	
4906	تعویض کاسه نمد	Y141872C	
4907	تعویض ستون هر کدام	Y141882C	
4908	تعویض لولا	Y141892C	
4909	دمونتاژ کوپلینگ	Y141902C	
4910	مونتاژ کوپلینگ	Y141912C	
4911	تعویض اکسپنشن جوینت هوا روغن	Y141922C	
4912	تعویض اکسپنشن جوینت هوا 	Y141932C	
4913	تعویض سنسور اختلاف فشار هر کدام	Y141942C	
4914	تعویض سوییچ اختلاف فشار هر کدام	Y141952C	
4915	تعویض لوله خروجی هوا	Y141962C	
4916	دمونتاژ تله آبگیر	Y141972C	
4917	مونتاژ تله آبگیر	Y141982C	
4918	تعویض/ سرویس اتودرین	Y141992C	
4919	دمونتاژ سینی کابل	Y142002C	
4920	مونتاژ سینی کابل	Y142012C	
4921	تعویض فن تابلو برق	Y142022C	
4922	تعویض CT	Y142032C	
4923	دمونتاژ گلدانی	Y142042C	
4924	مونتاژ گلدانی	Y142052C	
4925	تعویض کابینت برد	Y142062C	
4926	تعویض کاسه نمد	Y151872C	
4927	تعویض ستون هر کدام	Y151882C	
4928	تعویض لولا	Y151892C	
4929	دمونتاژ کوپلینگ	Y151902C	
4930	مونتاژ کوپلینگ	Y151912C	
4931	تعویض اکسپنشن جوینت هوا روغن	Y151922C	
4932	تعویض اکسپنشن جوینت هوا 	Y151932C	
4933	تعویض سنسور اختلاف فشار هر کدام	Y151942C	
4934	تعویض سوییچ اختلاف فشار هر کدام	Y151952C	
4935	تعویض لوله خروجی هوا	Y151962C	
4936	دمونتاژ تله آبگیر	Y151972C	
4937	مونتاژ تله آبگیر	Y151982C	
4938	تعویض/ سرویس اتودرین	Y151992C	
4939	دمونتاژ سینی کابل	Y152002C	
4940	مونتاژ سینی کابل	Y152012C	
4941	تعویض فن تابلو برق	Y152022C	
4942	تعویض CT	Y152032C	
4943	دمونتاژ گلدانی	Y152042C	
4944	مونتاژ گلدانی	Y152052C	
4945	تعویض کابینت برد	Y152062C	
4946	تعویض کاسه نمد	H101872C	
4947	تعویض ستون هر کدام	H101882C	
4948	تعویض لولا	H101892C	
4949	دمونتاژ کوپلینگ	H101902C	
4950	مونتاژ کوپلینگ	H101912C	
4951	تعویض اکسپنشن جوینت هوا روغن	H101922C	
4952	تعویض اکسپنشن جوینت هوا 	H101932C	
4953	تعویض سنسور اختلاف فشار هر کدام	H101942C	
4954	تعویض سوییچ اختلاف فشار هر کدام	H101952C	
4955	تعویض لوله خروجی هوا	H101962C	
4956	دمونتاژ تله آبگیر	H101972C	
4957	مونتاژ تله آبگیر	H101982C	
4958	تعویض/ سرویس اتودرین	H101992C	
4959	دمونتاژ سینی کابل	H102002C	
4960	مونتاژ سینی کابل	H102012C	
4961	تعویض فن تابلو برق	H102022C	
4962	تعویض CT	H102032C	
4963	دمونتاژ گلدانی	H102042C	
4964	مونتاژ گلدانی	H102052C	
4965	تعویض کابینت برد	H102062C	
4966	تعویض کاسه نمد	H111872C	
4967	تعویض ستون هر کدام	H111882C	
4968	تعویض لولا	H111892C	
4969	دمونتاژ کوپلینگ	H111902C	
4970	مونتاژ کوپلینگ	H111912C	
4971	تعویض اکسپنشن جوینت هوا روغن	H111922C	
4972	تعویض اکسپنشن جوینت هوا 	H111932C	
4973	تعویض سنسور اختلاف فشار هر کدام	H111942C	
4974	تعویض سوییچ اختلاف فشار هر کدام	H111952C	
4975	تعویض لوله خروجی هوا	H111962C	
4976	دمونتاژ تله آبگیر	H111972C	
4977	مونتاژ تله آبگیر	H111982C	
4978	تعویض/ سرویس اتودرین	H111992C	
4979	دمونتاژ سینی کابل	H112002C	
4980	مونتاژ سینی کابل	H112012C	
4981	تعویض فن تابلو برق	H112022C	
4982	تعویض CT	H112032C	
4983	دمونتاژ گلدانی	H112042C	
4984	مونتاژ گلدانی	H112052C	
4985	تعویض کابینت برد	H112062C	
4986	تعویض کاسه نمد	H121872C	
4987	تعویض ستون هر کدام	H121882C	
4988	تعویض لولا	H121892C	
4989	دمونتاژ کوپلینگ	H121902C	
4990	مونتاژ کوپلینگ	H121912C	
4991	تعویض اکسپنشن جوینت هوا روغن	H121922C	
4992	تعویض اکسپنشن جوینت هوا 	H121932C	
4993	تعویض سنسور اختلاف فشار هر کدام	H121942C	
4994	تعویض سوییچ اختلاف فشار هر کدام	H121952C	
4995	تعویض لوله خروجی هوا	H121962C	
4996	دمونتاژ تله آبگیر	H121972C	
4997	مونتاژ تله آبگیر	H121982C	
4998	تعویض/ سرویس اتودرین	H121992C	
4999	دمونتاژ سینی کابل	H122002C	
5000	مونتاژ سینی کابل	H122012C	
5001	تعویض فن تابلو برق	H122022C	
5002	تعویض CT	H122032C	
5003	دمونتاژ گلدانی	H122042C	
5004	مونتاژ گلدانی	H122052C	
5005	تعویض کابینت برد	H122062C	
5006	تعویض کاسه نمد	H131872C	
5007	تعویض ستون هر کدام	H131882C	
5008	تعویض لولا	H131892C	
5009	دمونتاژ کوپلینگ	H131902C	
5010	مونتاژ کوپلینگ	H131912C	
5011	تعویض اکسپنشن جوینت هوا روغن	H131922C	
5012	تعویض اکسپنشن جوینت هوا 	H131932C	
5013	تعویض سنسور اختلاف فشار هر کدام	H131942C	
5014	تعویض سوییچ اختلاف فشار هر کدام	H131952C	
5015	تعویض لوله خروجی هوا	H131962C	
5016	دمونتاژ تله آبگیر	H131972C	
5017	مونتاژ تله آبگیر	H131982C	
5018	تعویض/ سرویس اتودرین	H131992C	
5019	دمونتاژ سینی کابل	H132002C	
5020	مونتاژ سینی کابل	H132012C	
5021	تعویض فن تابلو برق	H132022C	
5022	تعویض CT	H132032C	
5023	دمونتاژ گلدانی	H132042C	
5024	مونتاژ گلدانی	H132052C	
5025	تعویض کابینت برد	H132062C	
5026	تعویض کاسه نمد	H141872C	
5027	تعویض ستون هر کدام	H141882C	
5028	تعویض لولا	H141892C	
5029	دمونتاژ کوپلینگ	H141902C	
5030	مونتاژ کوپلینگ	H141912C	
5031	تعویض اکسپنشن جوینت هوا روغن	H141922C	
5032	تعویض اکسپنشن جوینت هوا 	H141932C	
5033	تعویض سنسور اختلاف فشار هر کدام	H141942C	
5034	تعویض سوییچ اختلاف فشار هر کدام	H141952C	
5035	تعویض لوله خروجی هوا	H141962C	
5036	دمونتاژ تله آبگیر	H141972C	
5037	مونتاژ تله آبگیر	H141982C	
5038	تعویض/ سرویس اتودرین	H141992C	
5039	دمونتاژ سینی کابل	H142002C	
5040	مونتاژ سینی کابل	H142012C	
5041	تعویض فن تابلو برق	H142022C	
5042	تعویض CT	H142032C	
5043	دمونتاژ گلدانی	H142042C	
5044	مونتاژ گلدانی	H142052C	
5045	تعویض کابینت برد	H142062C	
5046	تعویض کاسه نمد	H151872C	
5047	تعویض ستون هر کدام	H151882C	
5048	تعویض لولا	H151892C	
5049	دمونتاژ کوپلینگ	H151902C	
5050	مونتاژ کوپلینگ	H151912C	
5051	تعویض اکسپنشن جوینت هوا روغن	H151922C	
5052	تعویض اکسپنشن جوینت هوا 	H151932C	
5053	تعویض سنسور اختلاف فشار هر کدام	H151942C	
5054	تعویض سوییچ اختلاف فشار هر کدام	H151952C	
5055	تعویض لوله خروجی هوا	H151962C	
5056	دمونتاژ تله آبگیر	H151972C	
5057	مونتاژ تله آبگیر	H151982C	
5058	تعویض/ سرویس اتودرین	H151992C	
5059	دمونتاژ سینی کابل	H152002C	
5060	مونتاژ سینی کابل	H152012C	
5061	تعویض فن تابلو برق	H152022C	
5062	تعویض CT	H152032C	
5063	دمونتاژ گلدانی	H152042C	
5064	مونتاژ گلدانی	H152052C	
5065	تعویض کابینت برد	H152062C	
5066	تعویض ستون هر کدام	H161862C	
5067	تعویض کاسه نمد	H161872C	
5068	تعویض نگهدارنده مخزن 	H161882C	
5069	تعویض لولا	H161892C	
5070	دمونتاژ کوپلینگ	H161902C	
5071	مونتاژ کوپلینگ	H161912C	
5072	تعویض اکسپنشن جوینت هوا روغن	H161922C	
5073	تعویض اکسپنشن جوینت هوا 	H161932C	
5074	تعویض سنسور اختلاف فشار هر کدام	H161942C	
5075	تعویض سوییچ اختلاف فشار هر کدام	H161952C	
5076	تعویض لوله خروجی هوا	H161962C	
5077	دمونتاژ تله آبگیر	H161972C	
5078	مونتاژ تله آبگیر	H161982C	
5079	تعویض/ سرویس اتودرین	H161992C	
5080	دمونتاژ سینی کابل	H162002C	
5081	مونتاژ سینی کابل	H162012C	
5082	تعویض فن تابلو برق	H162022C	
5083	تعویض CT	H162032C	
5084	دمونتاژ گلدانی	H162042C	
5085	مونتاژ گلدانی	H162052C	
5086	تعویض کابینت برد	H162062C	
5087	تعویض کاسه نمد	A001872C	
5088	تعویض کاسه نمد	A031872C	
5089	تعویض کاسه نمد	A041872C	
5090	تعویض کاسه نمد	A051872C	
5091	تعویض کاسه نمد	A061872C	
5092	تعویض کاسه نمد	A071872C	
5093	تعویض کاسه نمد	A101872C	
5094	تعویض ستون هر کدام	A101882C	
5095	تعویض لولا	A101892C	
5096	دمونتاژ کوپلینگ	A101902C	
5097	مونتاژ کوپلینگ	A101912C	
5098	تعویض اکسپنشن جوینت هوا روغن	A101922C	
5099	تعویض اکسپنشن جوینت هوا 	A101932C	
5100	تعویض سنسور اختلاف فشار هر کدام	A101942C	
5101	تعویض سوییچ اختلاف فشار هر کدام	A101952C	
5102	تعویض لوله خروجی هوا	A101962C	
5103	دمونتاژ تله آبگیر	A101972C	
5104	مونتاژ تله آبگیر	A101982C	
5105	تعویض/ سرویس اتودرین	A101992C	
5106	دمونتاژ سینی کابل	A102002C	
5107	مونتاژ سینی کابل	A102012C	
5108	تعویض فن تابلو برق	A102022C	
5109	تعویض CT	A102032C	
5110	دمونتاژ گلدانی	A102042C	
5111	مونتاژ گلدانی	A102052C	
5112	تعویض کابینت برد	A102062C	
5113	تعویض کاسه نمد	A111872C	
5114	تعویض ستون هر کدام	A111882C	
5115	تعویض لولا	A111892C	
5116	دمونتاژ کوپلینگ	A111902C	
5117	مونتاژ کوپلینگ	A111912C	
5118	تعویض اکسپنشن جوینت هوا روغن	A111922C	
5119	تعویض اکسپنشن جوینت هوا 	A111932C	
5120	تعویض سنسور اختلاف فشار هر کدام	A111942C	
5121	تعویض سوییچ اختلاف فشار هر کدام	A111952C	
5122	تعویض لوله خروجی هوا	A111962C	
5123	دمونتاژ تله آبگیر	A111972C	
5124	مونتاژ تله آبگیر	A111982C	
5125	تعویض/ سرویس اتودرین	A111992C	
5126	دمونتاژ سینی کابل	A112002C	
5127	مونتاژ سینی کابل	A112012C	
5128	تعویض فن تابلو برق	A112022C	
5129	تعویض CT	A112032C	
5130	دمونتاژ گلدانی	A112042C	
5131	مونتاژ گلدانی	A112052C	
5132	تعویض کابینت برد	A112062C	
5133	تعویض کاسه نمد	A121872C	
5134	تعویض ستون هر کدام	A121882C	
5135	تعویض لولا	A121892C	
5136	دمونتاژ کوپلینگ	A121902C	
5137	مونتاژ کوپلینگ	A121912C	
5138	تعویض اکسپنشن جوینت هوا روغن	A121922C	
5139	تعویض اکسپنشن جوینت هوا 	A121932C	
5140	تعویض سنسور اختلاف فشار هر کدام	A121942C	
5141	تعویض سوییچ اختلاف فشار هر کدام	A121952C	
5142	تعویض لوله خروجی هوا	A121962C	
5143	دمونتاژ تله آبگیر	A121972C	
5144	مونتاژ تله آبگیر	A121982C	
5145	تعویض/ سرویس اتودرین	A121992C	
5146	دمونتاژ سینی کابل	A122002C	
5147	مونتاژ سینی کابل	A122012C	
5148	تعویض فن تابلو برق	A122022C	
5149	تعویض CT	A122032C	
5150	دمونتاژ گلدانی	A122042C	
5151	مونتاژ گلدانی	A122052C	
5152	تعویض کابینت برد	A122062C	
5153	تعویض کاسه نمد	A131872C	
5154	تعویض ستون هر کدام	A131882C	
5155	تعویض لولا	A131892C	
5156	دمونتاژ کوپلینگ	A131902C	
5157	مونتاژ کوپلینگ	A131912C	
5158	تعویض اکسپنشن جوینت هوا روغن	A131922C	
5159	تعویض اکسپنشن جوینت هوا 	A131932C	
5160	تعویض سنسور اختلاف فشار هر کدام	A131942C	
5161	تعویض سوییچ اختلاف فشار هر کدام	A131952C	
5162	تعویض لوله خروجی هوا	A131962C	
5163	دمونتاژ تله آبگیر	A131972C	
5164	مونتاژ تله آبگیر	A131982C	
5165	تعویض/ سرویس اتودرین	A131992C	
5166	دمونتاژ سینی کابل	A132002C	
5167	مونتاژ سینی کابل	A132012C	
5168	تعویض فن تابلو برق	A132022C	
5169	تعویض CT	A132032C	
5170	دمونتاژ گلدانی	A132042C	
5171	مونتاژ گلدانی	A132052C	
5172	تعویض کابینت برد	A132062C	
5173	تعویض کاسه نمد	A141872C	
5174	تعویض ستون هر کدام	A141882C	
5175	تعویض لولا	A141892C	
5176	دمونتاژ کوپلینگ	A141902C	
5177	مونتاژ کوپلینگ	A141912C	
5178	تعویض اکسپنشن جوینت هوا روغن	A141922C	
5179	تعویض اکسپنشن جوینت هوا 	A141932C	
5180	تعویض سنسور اختلاف فشار هر کدام	A141942C	
5181	تعویض سوییچ اختلاف فشار هر کدام	A141952C	
5182	تعویض لوله خروجی هوا	A141962C	
5183	دمونتاژ تله آبگیر	A141972C	
5184	مونتاژ تله آبگیر	A141982C	
5185	تعویض/ سرویس اتودرین	A141992C	
5186	دمونتاژ سینی کابل	A142002C	
5187	مونتاژ سینی کابل	A142012C	
5188	تعویض فن تابلو برق	A142022C	
5189	تعویض CT	A142032C	
5190	دمونتاژ گلدانی	A142042C	
5191	مونتاژ گلدانی	A142052C	
5192	تعویض کابینت برد	A142062C	
5193	تعویض کاسه نمد	A151872C	
5194	تعویض ستون هر کدام	A151882C	
5195	تعویض لولا	A151892C	
5196	دمونتاژ کوپلینگ	A151902C	
5197	مونتاژ کوپلینگ	A151912C	
5198	تعویض اکسپنشن جوینت هوا روغن	A151922C	
5199	تعویض اکسپنشن جوینت هوا 	A151932C	
5200	تعویض سنسور اختلاف فشار هر کدام	A151942C	
5201	تعویض سوییچ اختلاف فشار هر کدام	A151952C	
5202	تعویض لوله خروجی هوا	A151962C	
5203	دمونتاژ تله آبگیر	A151972C	
5204	مونتاژ تله آبگیر	A151982C	
5205	تعویض/ سرویس اتودرین	A151992C	
5206	دمونتاژ سینی کابل	A152002C	
5207	مونتاژ سینی کابل	A152012C	
5208	تعویض فن تابلو برق	A152022C	
5209	تعویض CT	A152032C	
5210	دمونتاژ گلدانی	A152042C	
5211	مونتاژ گلدانی	A152052C	
5212	تعویض کابینت برد	A152062C	
5213	دمونتاژ ایراند	M171012C	
5214	مونتاژ ایراند	M171022C	
5215	دمونتاژ آنلودر	M171032C	
5216	مونتاژ آنلودر	M171042C	
5217	تعویض فیلتر هوا	M171052C	
5218	تعویض فیلتر روغن	M171062C	
5219	تعویض فیلتر سپراتور 	M171072C	
5220	تعویض روغن	M171082C	
5221	تعویض کیت اویل استاپ ولو	M171092C	
5222	تعویض ترموستاتیک ولو	M171102C	
5223	تعویض کیت مینیمم پرشرولو	M171112C	
5224	تعویض کیت آنلودر	M171122C	
5225	تعویض تسمه ها	M171132C	
5226	دمونتاژ الکتروموتور	M171142C	
5227	مونتاژ الکتروموتور	M171152C	
5228	تعویض پولی ایراند	M171162C	
5229	تعویض پولی الکتروموتور	M171172C	
5230	دمونتاژ مینیمم پرشرولو	M171182C	
5231	مونتاژ مینیمم پرشرولو	M171192C	
5232	تعویض سوپاپ اطمینان	M171202C	
5233	مونتاژ رادیاتور	M171212C	
5234	دمونتاژ رادیاتور	M171222C	
5235	مونتاژ شاسی متحرک	M171232C	
5236	دمونتاژ شاسی متحرک	M171242C	
5237	مونتاژ/تعویض فن خنک کننده	M171252C	
5238	دمونتاژ فن خنک کننده	M171262C	
5239	تعویض کنتاکتور	M171272C	
5240	تعویض بی متال	M171282C	
5241	تعویض کنترل فاز	M171292C	
5242	تعویض کلید حرارتی	M171302C	
5243	تعویض کلید ON-Off	M171312C	
5244	تعویض emergency stop	M171322C	
5245	تعویض برد کنترلی	M171332C	
5246	تعویض سنسور دما	M171342C	
5247	نعویض سنسور فشار	M171352C	
5248	تعویض شیر یکطرفه ساکشن	M171362C	
5249	تنظیم لوله ساکشن	M171372C	
5250	تعویض شلنگ هوا-روغن	M171382C	
5251	تعویض شلنگ از مینیمم به رادیاتور	M171392C	
5252	تعویض شلنگ از مخزن سپراتور به پایه فیلتر	M171402C	
5253	تعویض شلنگ از پایه فیلتر به ایراند	M171412C	
5254	تعویض شلنگ - لوله از پایه فیلتر به رادیاتور(رفت)	M171422C	
5255	تعویض شلنگ - لوله از پایه فیلتر به رادیاتور(برگشت)	M171432C	
5256	تعویض شلنگ های پنوماتیک 	M171442C	
5257	شستشوی رادیاتور	M171452C	
5258	شستشوی کمپرسور	M171462C	
5259	تعویض فوم ها و غبارگیر	M171472C	
5260	تعویض قفل کابینت(هرعدد)	M171482C	
5261	تعویض کابل قدرت 	M171492C	
5262	تعویض بلبرینگ های الکتروموتور	M171502C	
5263	تعویض بلبرینگ های الکتروموتور فن	M171512C	
5264	تعویض پروانه فن	M171522C	
5265	تعویض توری غبارگیر	M171532C	
5266	تعویض sight glass	M171542C	
5267	شستشوی مخزن سپراتور	M171552C	
5268	تعویض شلنگ تخلیه روغن	M171562C	
5269	تعویض شیر تخلیه روغن مخزن سپراتور	M171572C	
5270	تعویض لرزه گیر	M171582C	
5271	تنظیم پولی ها	M171592C	
5272	TEST RUN	M171602C	
5273	تعویض گیج مخزن سپراتور	M171612C	
5274	زنگ زدایی، لکه گیری و نقاشی	M171622C	
5275	تعویض چک ولو زیر ایراند	M171632C	
5276	تعویض واشر آببندی آنلودر	M171642C	
5277	تعویض واشر آببندی چک ولو زیر ایراند	M171652C	
5278	تعویض کابینت تابلو برق 	M171662C	
5279	تعویض درب تابلو برق  	M171672C	
5280	تعویض صفحه بالائی تابلو برق 	M171682C	
5281	تعویض صفحه پایینی تابلو برق 	M171692C	
5282	تعویض درب کابینت هر کدام	M171702C	
5283	تعویض پنل کابینت هر کدام	M171712C	
5284	تعویض ساپورت زیر  Electro Motor  هوایاری	M171722C	
5285	تعویض رابط ساپورت راست Electro Motor	M171732C	
5286	تعویض رابط ساپورت چپ Electro Motor 	M171742C	
5287	تعویض ساپورت نگهدارنده سقف کمپرسور	M171752C	
5288	تعویض پایه فن 	M171762C	
5289	تعویض پایه خرک 	M171772C	
5290	تعویض صفحه نگهدارنده قاب فن	M171782C	
5291	تعویض صفحه روی خرک 	M171792C	
5292	تعویض قاب رادیاتور 	M171802C	
5293	تعویض قاب تسمه 	M171812C	
5294	تعویض قاب کناری   Electro Motor	M171822C	
5295	تعویض قاب کناری تابلو برق 	M171832C	
5296	تعویض قاب ورودی هوا 	M171842C	
5297	تعویض قاب صداگیر 	M171852C	
5298	تعویض نگهدارنده مخزن 	M171862C	
5299	تعویض کاسه نمد	M171872C	
5300	تعویض ستون هر کدام	M171882C	
5301	تعویض لولا	M171892C	
5302	دمونتاژ کوپلینگ	M171902C	
5303	مونتاژ کوپلینگ	M171912C	
5304	تعویض اکسپنشن جوینت هوا روغن	M171922C	
5305	تعویض اکسپنشن جوینت هوا 	M171932C	
5306	تعویض سنسور اختلاف فشار هر کدام	M171942C	
5307	تعویض سوییچ اختلاف فشار هر کدام	M171952C	
5308	تعویض لوله خروجی هوا	M171962C	
5309	دمونتاژ تله آبگیر	M171972C	
5310	مونتاژ تله آبگیر	M171982C	
5311	تعویض/ سرویس اتودرین	M171992C	
5312	دمونتاژ سینی کابل	M172002C	
5313	مونتاژ سینی کابل	M172012C	
5314	تعویض فن تابلو برق	M172022C	
5315	تعویض CT	M172032C	
5316	دمونتاژ گلدانی	M172042C	
5317	مونتاژ گلدانی	M172052C	
5318	تعویض کابینت برد	M172062C	
5319	دمونتاژ ایراند	Y011011C	
5320	مونتاژ ایراند	Y011021C	
5321	دمونتاژ آنلودر	Y011031C	
5322	مونتاژ آنلودر	Y011041C	
5323	تعویض فیلتر هوا	Y011051C	
5324	تعویض فیلتر روغن	Y011061C	
5325	تعویض فیلتر سپراتور 	Y011071C	
5326	تعویض روغن	Y011081C	
5327	تعویض کیت اویل استاپ ولو	Y011091C	
5328	تعویض ترموستاتیک ولو	Y011101C	
5329	تعویض کیت مینیمم پرشرولو	Y011111C	
5330	تعویض کیت آنلودر	Y011121C	
5331	تعویض تسمه ها	Y011131C	
5332	دمونتاژ الکتروموتور	Y011141C	
5333	مونتاژ الکتروموتور	Y011151C	
5334	تعویض پولی ایراند	Y011161C	
5335	تعویض پولی الکتروموتور	Y011171C	
5336	دمونتاژ مینیمم پرشرولو	Y011181C	
5337	مونتاژ مینیمم پرشرولو	Y011191C	
5338	تعویض سوپاپ اطمینان	Y011201C	
5339	مونتاژ رادیاتور	Y011211C	
5340	دمونتاژ رادیاتور	Y011221C	
5341	مونتاژ شاسی متحرک	Y011231C	
5342	دمونتاژ شاسی متحرک	Y011241C	
5343	مونتاژ/تعویض فن خنک کننده	Y011251C	
5344	دمونتاژ فن خنک کننده	Y011261C	
5345	تعویض کنتاکتور	Y011271C	
5346	تعویض بی متال	Y011281C	
5347	تعویض کنترل فاز	Y011291C	
5348	تعویض کلید حرارتی	Y011301C	
5349	تعویض کلید ON-Off	Y011311C	
5350	تعویض emergency stop	Y011321C	
5351	تعویض برد کنترلی	Y011331C	
5352	تعویض سنسور دما	Y011341C	
5353	نعویض سنسور فشار	Y011351C	
5354	تعویض شیر یکطرفه ساکشن	Y011361C	
5355	تنظیم لوله ساکشن	Y011371C	
5356	تعویض شلنگ هوا-روغن	Y011381C	
5357	تعویض شلنگ از مینیمم به رادیاتور	Y011391C	
5358	تعویض شلنگ از مخزن سپراتور به پایه فیلتر	Y011401C	
5359	تعویض شلنگ از پایه فیلتر به ایراند	Y011411C	
5360	تعویض شلنگ - لوله از پایه فیلتر به رادیاتور(رفت)	Y011421C	
5361	تعویض شلنگ - لوله از پایه فیلتر به رادیاتور(برگشت)	Y011431C	
5362	تعویض شلنگ های پنوماتیک 	Y011441C	
5363	شستشوی رادیاتور	Y011451C	
5364	شستشوی کمپرسور	Y011461C	
5365	تعویض فوم ها و غبارگیر	Y011471C	
5366	تعویض قفل کابینت(هرعدد)	Y011481C	
5367	تعویض کابل قدرت 	Y011491C	
5368	تعویض بلبرینگ های الکتروموتور	Y011501C	
5369	تعویض بلبرینگ های الکتروموتور فن	Y011511C	
5370	تعویض پروانه فن	Y011521C	
5371	تعویض توری غبارگیر	Y011531C	
5372	تعویض sight glass	Y011541C	
5373	شستشوی مخزن سپراتور	Y011551C	
5374	تعویض شلنگ تخلیه روغن	Y011561C	
5375	تعویض شیر تخلیه روغن مخزن سپراتور	Y011571C	
5376	تعویض لرزه گیر	Y011581C	
5377	تنظیم پولی ها	Y011591C	
5378	TEST RUN	Y011601C	
5379	تعویض گیج مخزن سپراتور	Y011611C	
5380	زنگ زدایی، لکه گیری و نقاشی	Y011621C	
5381	تعویض چک ولو زیر ایراند	Y011631C	
5382	تعویض واشر آببندی آنلودر	Y011641C	
5383	تعویض واشر آببندی چک ولو زیر ایراند	Y011651C	
5384	تعویض کابینت تابلو برق 	Y011661C	
5385	تعویض درب تابلو برق  	Y011671C	
5386	تعویض صفحه بالائی تابلو برق 	Y011681C	
5387	تعویض صفحه پایینی تابلو برق 	Y011691C	
5388	تعویض درب کابینت هر کدام	Y011701C	
5389	تعویض پنل کابینت هر کدام	Y011711C	
5390	تعویض ساپورت زیر  Electro Motor  هوایاری	Y011721C	
5391	تعویض رابط ساپورت راست Electro Motor	Y011731C	
5392	تعویض رابط ساپورت چپ Electro Motor 	Y011741C	
5393	تعویض ساپورت نگهدارنده سقف کمپرسور	Y011751C	
5394	تعویض پایه فن 	Y011761C	
5395	تعویض پایه خرک 	Y011771C	
5396	تعویض صفحه نگهدارنده قاب فن	Y011781C	
5397	تعویض صفحه روی خرک 	Y011791C	
5398	تعویض قاب رادیاتور 	Y011801C	
5399	تعویض قاب تسمه 	Y011811C	
5400	تعویض قاب کناری   Electro Motor	Y011821C	
5401	تعویض قاب کناری تابلو برق 	Y011831C	
5402	تعویض قاب ورودی هوا 	Y011841C	
5403	تعویض قاب صداگیر 	Y011851C	
5404	تعویض نگهدارنده مخزن 	Y011861C	
5405	تعویض کاسه نمد	Y011871C	
5406	دمونتاژ ایراند	Y021011C	
5407	مونتاژ ایراند	Y021021C	
5408	دمونتاژ آنلودر	Y021031C	
5409	مونتاژ آنلودر	Y021041C	
5410	تعویض فیلتر هوا	Y021051C	
5411	تعویض فیلتر روغن	Y021061C	
5412	تعویض فیلتر سپراتور 	Y021071C	
5413	تعویض روغن	Y021081C	
5414	تعویض کیت اویل استاپ ولو	Y021091C	
5415	تعویض ترموستاتیک ولو	Y021101C	
5416	تعویض کیت مینیمم پرشرولو	Y021111C	
5417	تعویض کیت آنلودر	Y021121C	
5418	تعویض تسمه ها	Y021131C	
5419	دمونتاژ الکتروموتور	Y021141C	
5420	مونتاژ الکتروموتور	Y021151C	
5421	تعویض پولی ایراند	Y021161C	
5422	تعویض پولی الکتروموتور	Y021171C	
5423	دمونتاژ مینیمم پرشرولو	Y021181C	
5424	مونتاژ مینیمم پرشرولو	Y021191C	
5425	تعویض سوپاپ اطمینان	Y021201C	
5426	مونتاژ رادیاتور	Y021211C	
5427	دمونتاژ رادیاتور	Y021221C	
5428	مونتاژ شاسی متحرک	Y021231C	
5429	دمونتاژ شاسی متحرک	Y021241C	
5430	مونتاژ/تعویض فن خنک کننده	Y021251C	
5431	دمونتاژ فن خنک کننده	Y021261C	
5432	تعویض کنتاکتور	Y021271C	
5433	تعویض بی متال	Y021281C	
5434	تعویض کنترل فاز	Y021291C	
5435	تعویض کلید حرارتی	Y021301C	
5436	تعویض کلید ON-Off	Y021311C	
5437	تعویض emergency stop	Y021321C	
5438	تعویض برد کنترلی	Y021331C	
5439	تعویض سنسور دما	Y021341C	
5440	نعویض سنسور فشار	Y021351C	
5441	تعویض شیر یکطرفه ساکشن	Y021361C	
5442	تنظیم لوله ساکشن	Y021371C	
5443	تعویض شلنگ هوا-روغن	Y021381C	
5444	تعویض شلنگ از مینیمم به رادیاتور	Y021391C	
5445	تعویض شلنگ از مخزن سپراتور به پایه فیلتر	Y021401C	
5446	تعویض شلنگ از پایه فیلتر به ایراند	Y021411C	
5447	تعویض شلنگ - لوله از پایه فیلتر به رادیاتور(رفت)	Y021421C	
5448	تعویض شلنگ - لوله از پایه فیلتر به رادیاتور(برگشت)	Y021431C	
5449	تعویض شلنگ های پنوماتیک 	Y021441C	
5450	شستشوی رادیاتور	Y021451C	
5451	شستشوی کمپرسور	Y021461C	
5452	تعویض فوم ها و غبارگیر	Y021471C	
5453	تعویض قفل کابینت(هرعدد)	Y021481C	
5454	تعویض کابل قدرت 	Y021491C	
5455	تعویض بلبرینگ های الکتروموتور	Y021501C	
5456	تعویض بلبرینگ های الکتروموتور فن	Y021511C	
5457	تعویض پروانه فن	Y021521C	
5458	تعویض توری غبارگیر	Y021531C	
5459	تعویض sight glass	Y021541C	
5460	شستشوی مخزن سپراتور	Y021551C	
5461	تعویض شلنگ تخلیه روغن	Y021561C	
5462	تعویض شیر تخلیه روغن مخزن سپراتور	Y021571C	
5463	تعویض لرزه گیر	Y021581C	
5464	تنظیم پولی ها	Y021591C	
5465	TEST RUN	Y021601C	
5466	تعویض گیج مخزن سپراتور	Y021611C	
5467	زنگ زدایی، لکه گیری و نقاشی	Y021621C	
5468	تعویض چک ولو زیر ایراند	Y021631C	
5469	تعویض واشر آببندی آنلودر	Y021641C	
5470	تعویض واشر آببندی چک ولو زیر ایراند	Y021651C	
5471	تعویض کابینت تابلو برق 	Y021661C	
5472	تعویض درب تابلو برق  	Y021671C	
5473	تعویض صفحه بالائی تابلو برق 	Y021681C	
5474	تعویض صفحه پایینی تابلو برق 	Y021691C	
5475	تعویض درب کابینت هر کدام	Y021701C	
5476	تعویض پنل کابینت هر کدام	Y021711C	
5477	تعویض ساپورت زیر  Electro Motor  هوایاری	Y021721C	
5478	تعویض رابط ساپورت راست Electro Motor	Y021731C	
5479	تعویض رابط ساپورت چپ Electro Motor 	Y021741C	
5480	تعویض ساپورت نگهدارنده سقف کمپرسور	Y021751C	
5481	تعویض پایه فن 	Y021761C	
5482	تعویض پایه خرک 	Y021771C	
5483	تعویض صفحه نگهدارنده قاب فن	Y021781C	
5484	تعویض صفحه روی خرک 	Y021791C	
5485	تعویض قاب رادیاتور 	Y021801C	
5486	تعویض قاب تسمه 	Y021811C	
5487	تعویض قاب کناری   Electro Motor	Y021821C	
5488	تعویض قاب کناری تابلو برق 	Y021831C	
5489	تعویض قاب ورودی هوا 	Y021841C	
5490	تعویض قاب صداگیر 	Y021851C	
5491	تعویض نگهدارنده مخزن 	Y021861C	
5492	تعویض کاسه نمد	Y021871C	
5493	دمونتاژ ایراند	Y031011C	
5494	مونتاژ ایراند	Y031021C	
5495	دمونتاژ آنلودر	Y031031C	
5496	مونتاژ آنلودر	Y031041C	
5497	تعویض فیلتر هوا	Y031051C	
5498	تعویض فیلتر روغن	Y031061C	
5499	تعویض فیلتر سپراتور 	Y031071C	
5500	تعویض روغن	Y031081C	
5501	تعویض کیت اویل استاپ ولو	Y031091C	
5502	تعویض ترموستاتیک ولو	Y031101C	
5503	تعویض کیت مینیمم پرشرولو	Y031111C	
5504	تعویض کیت آنلودر	Y031121C	
5505	تعویض تسمه ها	Y031131C	
5506	دمونتاژ الکتروموتور	Y031141C	
5507	مونتاژ الکتروموتور	Y031151C	
5508	تعویض پولی ایراند	Y031161C	
5509	تعویض پولی الکتروموتور	Y031171C	
5510	دمونتاژ مینیمم پرشرولو	Y031181C	
5511	مونتاژ مینیمم پرشرولو	Y031191C	
5512	تعویض سوپاپ اطمینان	Y031201C	
5513	مونتاژ رادیاتور	Y031211C	
5514	دمونتاژ رادیاتور	Y031221C	
5515	مونتاژ شاسی متحرک	Y031231C	
5516	دمونتاژ شاسی متحرک	Y031241C	
5517	مونتاژ/تعویض فن خنک کننده	Y031251C	
5518	دمونتاژ فن خنک کننده	Y031261C	
5519	تعویض کنتاکتور	Y031271C	
5520	تعویض بی متال	Y031281C	
5521	تعویض کنترل فاز	Y031291C	
5522	تعویض کلید حرارتی	Y031301C	
5523	تعویض کلید ON-Off	Y031311C	
5524	تعویض emergency stop	Y031321C	
5525	تعویض برد کنترلی	Y031331C	
5526	تعویض سنسور دما	Y031341C	
5527	نعویض سنسور فشار	Y031351C	
5528	تعویض شیر یکطرفه ساکشن	Y031361C	
5529	تنظیم لوله ساکشن	Y031371C	
5530	تعویض شلنگ هوا-روغن	Y031381C	
5531	تعویض شلنگ از مینیمم به رادیاتور	Y031391C	
5532	تعویض شلنگ از مخزن سپراتور به پایه فیلتر	Y031401C	
5533	تعویض شلنگ از پایه فیلتر به ایراند	Y031411C	
5534	تعویض شلنگ - لوله از پایه فیلتر به رادیاتور(رفت)	Y031421C	
5535	تعویض شلنگ - لوله از پایه فیلتر به رادیاتور(برگشت)	Y031431C	
5536	تعویض شلنگ های پنوماتیک 	Y031441C	
5537	شستشوی رادیاتور	Y031451C	
5538	شستشوی کمپرسور	Y031461C	
5539	تعویض فوم ها و غبارگیر	Y031471C	
5540	تعویض قفل کابینت(هرعدد)	Y031481C	
5541	تعویض کابل قدرت 	Y031491C	
5542	تعویض بلبرینگ های الکتروموتور	Y031501C	
5543	تعویض بلبرینگ های الکتروموتور فن	Y031511C	
5544	تعویض پروانه فن	Y031521C	
5545	تعویض توری غبارگیر	Y031531C	
5546	تعویض sight glass	Y031541C	
5547	شستشوی مخزن سپراتور	Y031551C	
5548	تعویض شلنگ تخلیه روغن	Y031561C	
5549	تعویض شیر تخلیه روغن مخزن سپراتور	Y031571C	
5550	تعویض لرزه گیر	Y031581C	
5551	تنظیم پولی ها	Y031591C	
5552	TEST RUN	Y031601C	
5553	تعویض گیج مخزن سپراتور	Y031611C	
5554	زنگ زدایی، لکه گیری و نقاشی	Y031621C	
5555	تعویض چک ولو زیر ایراند	Y031631C	
5556	تعویض واشر آببندی آنلودر	Y031641C	
5557	تعویض واشر آببندی چک ولو زیر ایراند	Y031651C	
5558	تعویض کابینت تابلو برق 	Y031661C	
5559	تعویض درب تابلو برق  	Y031671C	
5560	تعویض صفحه بالائی تابلو برق 	Y031681C	
5561	تعویض صفحه پایینی تابلو برق 	Y031691C	
5562	تعویض درب کابینت هر کدام	Y031701C	
5563	تعویض پنل کابینت هر کدام	Y031711C	
5564	تعویض ساپورت زیر  Electro Motor  هوایاری	Y031721C	
5565	تعویض رابط ساپورت راست Electro Motor	Y031731C	
5566	تعویض رابط ساپورت چپ Electro Motor 	Y031741C	
5567	تعویض ساپورت نگهدارنده سقف کمپرسور	Y031751C	
5568	تعویض پایه فن 	Y031761C	
5569	تعویض پایه خرک 	Y031771C	
5570	تعویض صفحه نگهدارنده قاب فن	Y031781C	
5571	تعویض صفحه روی خرک 	Y031791C	
5572	تعویض قاب رادیاتور 	Y031801C	
5573	تعویض قاب تسمه 	Y031811C	
5574	تعویض قاب کناری   Electro Motor	Y031821C	
5575	تعویض قاب کناری تابلو برق 	Y031831C	
5576	تعویض قاب ورودی هوا 	Y031841C	
5577	تعویض قاب صداگیر 	Y031851C	
5578	تعویض نگهدارنده مخزن 	Y031861C	
5579	تعویض کاسه نمد	Y031871C	
5580	دمونتاژ ایراند	Y041011C	
5581	مونتاژ ایراند	Y041021C	
5582	دمونتاژ آنلودر	Y041031C	
5583	مونتاژ آنلودر	Y041041C	
5584	تعویض فیلتر هوا	Y041051C	
5585	تعویض فیلتر روغن	Y041061C	
5586	تعویض فیلتر سپراتور 	Y041071C	
5587	تعویض روغن	Y041081C	
5588	تعویض کیت اویل استاپ ولو	Y041091C	
5589	تعویض ترموستاتیک ولو	Y041101C	
5590	تعویض کیت مینیمم پرشرولو	Y041111C	
5591	تعویض کیت آنلودر	Y041121C	
5592	تعویض تسمه ها	Y041131C	
5593	دمونتاژ الکتروموتور	Y041141C	
5594	مونتاژ الکتروموتور	Y041151C	
5595	تعویض پولی ایراند	Y041161C	
5596	تعویض پولی الکتروموتور	Y041171C	
5597	دمونتاژ مینیمم پرشرولو	Y041181C	
5598	مونتاژ مینیمم پرشرولو	Y041191C	
5599	تعویض سوپاپ اطمینان	Y041201C	
5600	مونتاژ رادیاتور	Y041211C	
5601	دمونتاژ رادیاتور	Y041221C	
5602	مونتاژ شاسی متحرک	Y041231C	
5603	دمونتاژ شاسی متحرک	Y041241C	
5604	مونتاژ/تعویض فن خنک کننده	Y041251C	
5605	دمونتاژ فن خنک کننده	Y041261C	
5606	تعویض کنتاکتور	Y041271C	
5607	تعویض بی متال	Y041281C	
5608	تعویض کنترل فاز	Y041291C	
5609	تعویض کلید حرارتی	Y041301C	
5610	تعویض کلید ON-Off	Y041311C	
5611	تعویض emergency stop	Y041321C	
5612	تعویض برد کنترلی	Y041331C	
5613	تعویض سنسور دما	Y041341C	
5614	نعویض سنسور فشار	Y041351C	
5615	تعویض شیر یکطرفه ساکشن	Y041361C	
5616	تنظیم لوله ساکشن	Y041371C	
5617	تعویض شلنگ هوا-روغن	Y041381C	
5618	تعویض شلنگ از مینیمم به رادیاتور	Y041391C	
5619	تعویض شلنگ از مخزن سپراتور به پایه فیلتر	Y041401C	
5620	تعویض شلنگ از پایه فیلتر به ایراند	Y041411C	
5621	تعویض شلنگ - لوله از پایه فیلتر به رادیاتور(رفت)	Y041421C	
5622	تعویض شلنگ - لوله از پایه فیلتر به رادیاتور(برگشت)	Y041431C	
5623	تعویض شلنگ های پنوماتیک 	Y041441C	
5624	شستشوی رادیاتور	Y041451C	
5625	شستشوی کمپرسور	Y041461C	
5626	تعویض فوم ها و غبارگیر	Y041471C	
5627	تعویض قفل کابینت(هرعدد)	Y041481C	
5628	تعویض کابل قدرت 	Y041491C	
5629	تعویض بلبرینگ های الکتروموتور	Y041501C	
5630	تعویض بلبرینگ های الکتروموتور فن	Y041511C	
5631	تعویض پروانه فن	Y041521C	
5632	تعویض توری غبارگیر	Y041531C	
5633	تعویض sight glass	Y041541C	
5634	شستشوی مخزن سپراتور	Y041551C	
5635	تعویض شلنگ تخلیه روغن	Y041561C	
5636	تعویض شیر تخلیه روغن مخزن سپراتور	Y041571C	
5637	تعویض لرزه گیر	Y041581C	
5638	تنظیم پولی ها	Y041591C	
5639	TEST RUN	Y041601C	
5640	تعویض گیج مخزن سپراتور	Y041611C	
5641	زنگ زدایی، لکه گیری و نقاشی	Y041621C	
5642	تعویض چک ولو زیر ایراند	Y041631C	
5643	تعویض واشر آببندی آنلودر	Y041641C	
5644	تعویض واشر آببندی چک ولو زیر ایراند	Y041651C	
5645	تعویض کابینت تابلو برق 	Y041661C	
5646	تعویض درب تابلو برق  	Y041671C	
5647	تعویض صفحه بالائی تابلو برق 	Y041681C	
5648	تعویض صفحه پایینی تابلو برق 	Y041691C	
5649	تعویض درب کابینت هر کدام	Y041701C	
5650	تعویض پنل کابینت هر کدام	Y041711C	
5651	تعویض ساپورت زیر  Electro Motor  هوایاری	Y041721C	
5652	تعویض رابط ساپورت راست Electro Motor	Y041731C	
5653	تعویض رابط ساپورت چپ Electro Motor 	Y041741C	
5654	تعویض ساپورت نگهدارنده سقف کمپرسور	Y041751C	
5655	تعویض پایه فن 	Y041761C	
5656	تعویض پایه خرک 	Y041771C	
5657	تعویض صفحه نگهدارنده قاب فن	Y041781C	
5658	تعویض صفحه روی خرک 	Y041791C	
5659	تعویض قاب رادیاتور 	Y041801C	
5660	تعویض قاب تسمه 	Y041811C	
5661	تعویض قاب کناری   Electro Motor	Y041821C	
5662	تعویض قاب کناری تابلو برق 	Y041831C	
5663	تعویض قاب ورودی هوا 	Y041841C	
5664	تعویض قاب صداگیر 	Y041851C	
5665	تعویض نگهدارنده مخزن 	Y041861C	
5666	تعویض کاسه نمد	Y041871C	
5667	دمونتاژ ایراند	Y051011C	
5668	مونتاژ ایراند	Y051021C	
5669	دمونتاژ آنلودر	Y051031C	
5670	مونتاژ آنلودر	Y051041C	
5671	تعویض فیلتر هوا	Y051051C	
5672	تعویض فیلتر روغن	Y051061C	
5673	تعویض فیلتر سپراتور 	Y051071C	
5674	تعویض روغن	Y051081C	
5675	تعویض کیت اویل استاپ ولو	Y051091C	
5676	تعویض ترموستاتیک ولو	Y051101C	
5677	تعویض کیت مینیمم پرشرولو	Y051111C	
5678	تعویض کیت آنلودر	Y051121C	
5679	تعویض تسمه ها	Y051131C	
5680	دمونتاژ الکتروموتور	Y051141C	
5681	مونتاژ الکتروموتور	Y051151C	
5682	تعویض پولی ایراند	Y051161C	
5683	تعویض پولی الکتروموتور	Y051171C	
5684	دمونتاژ مینیمم پرشرولو	Y051181C	
5685	مونتاژ مینیمم پرشرولو	Y051191C	
5686	تعویض سوپاپ اطمینان	Y051201C	
5687	مونتاژ رادیاتور	Y051211C	
5688	دمونتاژ رادیاتور	Y051221C	
5689	مونتاژ شاسی متحرک	Y051231C	
5690	دمونتاژ شاسی متحرک	Y051241C	
5691	مونتاژ/تعویض فن خنک کننده	Y051251C	
5692	دمونتاژ فن خنک کننده	Y051261C	
5693	تعویض کنتاکتور	Y051271C	
5694	تعویض بی متال	Y051281C	
5695	تعویض کنترل فاز	Y051291C	
5696	تعویض کلید حرارتی	Y051301C	
5697	تعویض کلید ON-Off	Y051311C	
5698	تعویض emergency stop	Y051321C	
5699	تعویض برد کنترلی	Y051331C	
5700	تعویض سنسور دما	Y051341C	
5701	نعویض سنسور فشار	Y051351C	
5702	تعویض شیر یکطرفه ساکشن	Y051361C	
5703	تنظیم لوله ساکشن	Y051371C	
5704	تعویض شلنگ هوا-روغن	Y051381C	
5705	تعویض شلنگ از مینیمم به رادیاتور	Y051391C	
5706	تعویض شلنگ از مخزن سپراتور به پایه فیلتر	Y051401C	
5707	تعویض شلنگ از پایه فیلتر به ایراند	Y051411C	
5708	تعویض شلنگ - لوله از پایه فیلتر به رادیاتور(رفت)	Y051421C	
5709	تعویض شلنگ - لوله از پایه فیلتر به رادیاتور(برگشت)	Y051431C	
5710	تعویض شلنگ های پنوماتیک 	Y051441C	
5711	شستشوی رادیاتور	Y051451C	
5712	شستشوی کمپرسور	Y051461C	
5713	تعویض فوم ها و غبارگیر	Y051471C	
5714	تعویض قفل کابینت(هرعدد)	Y051481C	
5715	تعویض کابل قدرت 	Y051491C	
5716	تعویض بلبرینگ های الکتروموتور	Y051501C	
5717	تعویض بلبرینگ های الکتروموتور فن	Y051511C	
5718	تعویض پروانه فن	Y051521C	
5719	تعویض توری غبارگیر	Y051531C	
5720	تعویض sight glass	Y051541C	
5721	شستشوی مخزن سپراتور	Y051551C	
5722	تعویض شلنگ تخلیه روغن	Y051561C	
5723	تعویض شیر تخلیه روغن مخزن سپراتور	Y051571C	
5724	تعویض لرزه گیر	Y051581C	
5725	تنظیم پولی ها	Y051591C	
5726	TEST RUN	Y051601C	
5727	تعویض گیج مخزن سپراتور	Y051611C	
5728	زنگ زدایی، لکه گیری و نقاشی	Y051621C	
5729	تعویض چک ولو زیر ایراند	Y051631C	
5730	تعویض واشر آببندی آنلودر	Y051641C	
5731	تعویض واشر آببندی چک ولو زیر ایراند	Y051651C	
5732	تعویض کابینت تابلو برق 	Y051661C	
5733	تعویض درب تابلو برق  	Y051671C	
5734	تعویض صفحه بالائی تابلو برق 	Y051681C	
5735	تعویض صفحه پایینی تابلو برق 	Y051691C	
5736	تعویض درب کابینت هر کدام	Y051701C	
5737	تعویض پنل کابینت هر کدام	Y051711C	
5738	تعویض ساپورت زیر  Electro Motor  هوایاری	Y051721C	
5739	تعویض رابط ساپورت راست Electro Motor	Y051731C	
5740	تعویض رابط ساپورت چپ Electro Motor 	Y051741C	
5741	تعویض ساپورت نگهدارنده سقف کمپرسور	Y051751C	
5742	تعویض پایه فن 	Y051761C	
5743	تعویض پایه خرک 	Y051771C	
5744	تعویض صفحه نگهدارنده قاب فن	Y051781C	
5745	تعویض صفحه روی خرک 	Y051791C	
5746	تعویض قاب رادیاتور 	Y051801C	
5747	تعویض قاب تسمه 	Y051811C	
5748	تعویض قاب کناری   Electro Motor	Y051821C	
5749	تعویض قاب کناری تابلو برق 	Y051831C	
5750	تعویض قاب ورودی هوا 	Y051841C	
5751	تعویض قاب صداگیر 	Y051851C	
5752	تعویض نگهدارنده مخزن 	Y051861C	
5753	تعویض کاسه نمد	Y051871C	
5754	دمونتاژ ایراند	Y061011C	
5755	مونتاژ ایراند	Y061021C	
5756	دمونتاژ آنلودر	Y061031C	
5757	مونتاژ آنلودر	Y061041C	
5758	تعویض فیلتر هوا	Y061051C	
5759	تعویض فیلتر روغن	Y061061C	
5760	تعویض فیلتر سپراتور 	Y061071C	
5761	تعویض روغن	Y061081C	
5762	تعویض کیت اویل استاپ ولو	Y061091C	
5763	تعویض ترموستاتیک ولو	Y061101C	
5764	تعویض کیت مینیمم پرشرولو	Y061111C	
5765	تعویض کیت آنلودر	Y061121C	
5766	تعویض تسمه ها	Y061131C	
5767	دمونتاژ الکتروموتور	Y061141C	
5768	مونتاژ الکتروموتور	Y061151C	
5769	تعویض پولی ایراند	Y061161C	
5770	تعویض پولی الکتروموتور	Y061171C	
5771	دمونتاژ مینیمم پرشرولو	Y061181C	
5772	مونتاژ مینیمم پرشرولو	Y061191C	
5773	تعویض سوپاپ اطمینان	Y061201C	
5774	مونتاژ رادیاتور	Y061211C	
5775	دمونتاژ رادیاتور	Y061221C	
5776	مونتاژ شاسی متحرک	Y061231C	
5777	دمونتاژ شاسی متحرک	Y061241C	
5778	مونتاژ/تعویض فن خنک کننده	Y061251C	
5779	دمونتاژ فن خنک کننده	Y061261C	
5780	تعویض کنتاکتور	Y061271C	
5781	تعویض بی متال	Y061281C	
5782	تعویض کنترل فاز	Y061291C	
5783	تعویض کلید حرارتی	Y061301C	
5784	تعویض کلید ON-Off	Y061311C	
5785	تعویض emergency stop	Y061321C	
5786	تعویض برد کنترلی	Y061331C	
5787	تعویض سنسور دما	Y061341C	
5788	نعویض سنسور فشار	Y061351C	
5789	تعویض شیر یکطرفه ساکشن	Y061361C	
5790	تنظیم لوله ساکشن	Y061371C	
5791	تعویض شلنگ هوا-روغن	Y061381C	
5792	تعویض شلنگ از مینیمم به رادیاتور	Y061391C	
5793	تعویض شلنگ از مخزن سپراتور به پایه فیلتر	Y061401C	
5794	تعویض شلنگ از پایه فیلتر به ایراند	Y061411C	
5795	تعویض شلنگ - لوله از پایه فیلتر به رادیاتور(رفت)	Y061421C	
5796	تعویض شلنگ - لوله از پایه فیلتر به رادیاتور(برگشت)	Y061431C	
5797	تعویض شلنگ های پنوماتیک 	Y061441C	
5798	شستشوی رادیاتور	Y061451C	
5799	شستشوی کمپرسور	Y061461C	
5800	تعویض فوم ها و غبارگیر	Y061471C	
5801	تعویض قفل کابینت(هرعدد)	Y061481C	
5802	تعویض کابل قدرت 	Y061491C	
5803	تعویض بلبرینگ های الکتروموتور	Y061501C	
5804	تعویض بلبرینگ های الکتروموتور فن	Y061511C	
5805	تعویض پروانه فن	Y061521C	
5806	تعویض توری غبارگیر	Y061531C	
5807	تعویض sight glass	Y061541C	
5808	شستشوی مخزن سپراتور	Y061551C	
5809	تعویض شلنگ تخلیه روغن	Y061561C	
5810	تعویض شیر تخلیه روغن مخزن سپراتور	Y061571C	
5811	تعویض لرزه گیر	Y061581C	
5812	تنظیم پولی ها	Y061591C	
5813	TEST RUN	Y061601C	
5814	تعویض گیج مخزن سپراتور	Y061611C	
5815	زنگ زدایی، لکه گیری و نقاشی	Y061621C	
5816	تعویض چک ولو زیر ایراند	Y061631C	
5817	تعویض واشر آببندی آنلودر	Y061641C	
5818	تعویض واشر آببندی چک ولو زیر ایراند	Y061651C	
5819	تعویض کابینت تابلو برق 	Y061661C	
5820	تعویض درب تابلو برق  	Y061671C	
5821	تعویض صفحه بالائی تابلو برق 	Y061681C	
5822	تعویض صفحه پایینی تابلو برق 	Y061691C	
5823	تعویض درب کابینت هر کدام	Y061701C	
5824	تعویض پنل کابینت هر کدام	Y061711C	
5825	تعویض ساپورت زیر  Electro Motor  هوایاری	Y061721C	
5826	تعویض رابط ساپورت راست Electro Motor	Y061731C	
5827	تعویض رابط ساپورت چپ Electro Motor 	Y061741C	
5828	تعویض ساپورت نگهدارنده سقف کمپرسور	Y061751C	
5829	تعویض پایه فن 	Y061761C	
5830	تعویض پایه خرک 	Y061771C	
5831	تعویض صفحه نگهدارنده قاب فن	Y061781C	
5832	تعویض صفحه روی خرک 	Y061791C	
5833	تعویض قاب رادیاتور 	Y061801C	
5834	تعویض قاب تسمه 	Y061811C	
5835	تعویض قاب کناری   Electro Motor	Y061821C	
5836	تعویض قاب کناری تابلو برق 	Y061831C	
5837	تعویض قاب ورودی هوا 	Y061841C	
5838	تعویض قاب صداگیر 	Y061851C	
5839	تعویض نگهدارنده مخزن 	Y061861C	
5840	تعویض کاسه نمد	Y061871C	
5841	دمونتاژ ایراند	Y071011C	
5842	مونتاژ ایراند	Y071021C	
5843	دمونتاژ آنلودر	Y071031C	
5844	مونتاژ آنلودر	Y071041C	
5845	تعویض فیلتر هوا	Y071051C	
5846	تعویض فیلتر روغن	Y071061C	
5847	تعویض فیلتر سپراتور 	Y071071C	
5848	تعویض روغن	Y071081C	
5849	تعویض کیت اویل استاپ ولو	Y071091C	
5850	تعویض ترموستاتیک ولو	Y071101C	
5851	تعویض کیت مینیمم پرشرولو	Y071111C	
5852	تعویض کیت آنلودر	Y071121C	
5853	تعویض تسمه ها	Y071131C	
5854	دمونتاژ الکتروموتور	Y071141C	
5855	مونتاژ الکتروموتور	Y071151C	
5856	تعویض پولی ایراند	Y071161C	
5857	تعویض پولی الکتروموتور	Y071171C	
5858	دمونتاژ مینیمم پرشرولو	Y071181C	
5859	مونتاژ مینیمم پرشرولو	Y071191C	
5860	تعویض سوپاپ اطمینان	Y071201C	
5861	مونتاژ رادیاتور	Y071211C	
5862	دمونتاژ رادیاتور	Y071221C	
5863	مونتاژ شاسی متحرک	Y071231C	
5864	دمونتاژ شاسی متحرک	Y071241C	
5865	مونتاژ/تعویض فن خنک کننده	Y071251C	
5866	دمونتاژ فن خنک کننده	Y071261C	
5867	تعویض کنتاکتور	Y071271C	
5868	تعویض بی متال	Y071281C	
5869	تعویض کنترل فاز	Y071291C	
5870	تعویض کلید حرارتی	Y071301C	
5871	تعویض کلید ON-Off	Y071311C	
5872	تعویض emergency stop	Y071321C	
5873	تعویض برد کنترلی	Y071331C	
5874	تعویض سنسور دما	Y071341C	
5875	نعویض سنسور فشار	Y071351C	
5876	تعویض شیر یکطرفه ساکشن	Y071361C	
5877	تنظیم لوله ساکشن	Y071371C	
5878	تعویض شلنگ هوا-روغن	Y071381C	
5879	تعویض شلنگ از مینیمم به رادیاتور	Y071391C	
5880	تعویض شلنگ از مخزن سپراتور به پایه فیلتر	Y071401C	
5881	تعویض شلنگ از پایه فیلتر به ایراند	Y071411C	
5882	تعویض شلنگ - لوله از پایه فیلتر به رادیاتور(رفت)	Y071421C	
5883	تعویض شلنگ - لوله از پایه فیلتر به رادیاتور(برگشت)	Y071431C	
5884	تعویض شلنگ های پنوماتیک 	Y071441C	
5885	شستشوی رادیاتور	Y071451C	
5886	شستشوی کمپرسور	Y071461C	
5887	تعویض فوم ها و غبارگیر	Y071471C	
5888	تعویض قفل کابینت(هرعدد)	Y071481C	
5889	تعویض کابل قدرت 	Y071491C	
5890	تعویض بلبرینگ های الکتروموتور	Y071501C	
5891	تعویض بلبرینگ های الکتروموتور فن	Y071511C	
5892	تعویض پروانه فن	Y071521C	
5893	تعویض توری غبارگیر	Y071531C	
5894	تعویض sight glass	Y071541C	
5895	شستشوی مخزن سپراتور	Y071551C	
5896	تعویض شلنگ تخلیه روغن	Y071561C	
5897	تعویض شیر تخلیه روغن مخزن سپراتور	Y071571C	
5898	تعویض لرزه گیر	Y071581C	
5899	تنظیم پولی ها	Y071591C	
5900	TEST RUN	Y071601C	
5901	تعویض گیج مخزن سپراتور	Y071611C	
5902	زنگ زدایی، لکه گیری و نقاشی	Y071621C	
5903	تعویض چک ولو زیر ایراند	Y071631C	
5904	تعویض واشر آببندی آنلودر	Y071641C	
5905	تعویض واشر آببندی چک ولو زیر ایراند	Y071651C	
5906	تعویض کابینت تابلو برق 	Y071661C	
5907	تعویض درب تابلو برق  	Y071671C	
5908	تعویض صفحه بالائی تابلو برق 	Y071681C	
5909	تعویض صفحه پایینی تابلو برق 	Y071691C	
5910	تعویض درب کابینت هر کدام	Y071701C	
5911	تعویض پنل کابینت هر کدام	Y071711C	
5912	تعویض ساپورت زیر  Electro Motor  هوایاری	Y071721C	
5913	تعویض رابط ساپورت راست Electro Motor	Y071731C	
5914	تعویض رابط ساپورت چپ Electro Motor 	Y071741C	
5915	تعویض ساپورت نگهدارنده سقف کمپرسور	Y071751C	
5916	تعویض پایه فن 	Y071761C	
5917	تعویض پایه خرک 	Y071771C	
5918	تعویض صفحه نگهدارنده قاب فن	Y071781C	
5919	تعویض صفحه روی خرک 	Y071791C	
5920	تعویض قاب رادیاتور 	Y071801C	
5921	تعویض قاب تسمه 	Y071811C	
5922	تعویض قاب کناری   Electro Motor	Y071821C	
5923	تعویض قاب کناری تابلو برق 	Y071831C	
5924	تعویض قاب ورودی هوا 	Y071841C	
5925	تعویض قاب صداگیر 	Y071851C	
5926	تعویض نگهدارنده مخزن 	Y071861C	
5927	تعویض کاسه نمد	Y071871C	
5928	دمونتاژ ایراند	Y081011C	
5929	مونتاژ ایراند	Y081021C	
5930	دمونتاژ آنلودر	Y081031C	
5931	مونتاژ آنلودر	Y081041C	
5932	تعویض فیلتر هوا	Y081051C	
5933	تعویض فیلتر روغن	Y081061C	
5934	تعویض فیلتر سپراتور 	Y081071C	
5935	تعویض روغن	Y081081C	
5936	تعویض کیت اویل استاپ ولو	Y081091C	
5937	تعویض ترموستاتیک ولو	Y081101C	
5938	تعویض کیت مینیمم پرشرولو	Y081111C	
5939	تعویض کیت آنلودر	Y081121C	
5940	تعویض تسمه ها	Y081131C	
5941	دمونتاژ الکتروموتور	Y081141C	
5942	مونتاژ الکتروموتور	Y081151C	
5943	تعویض پولی ایراند	Y081161C	
5944	تعویض پولی الکتروموتور	Y081171C	
5945	دمونتاژ مینیمم پرشرولو	Y081181C	
5946	مونتاژ مینیمم پرشرولو	Y081191C	
5947	تعویض سوپاپ اطمینان	Y081201C	
5948	مونتاژ رادیاتور	Y081211C	
5949	دمونتاژ رادیاتور	Y081221C	
5950	مونتاژ شاسی متحرک	Y081231C	
5951	دمونتاژ شاسی متحرک	Y081241C	
5952	مونتاژ/تعویض فن خنک کننده	Y081251C	
5953	دمونتاژ فن خنک کننده	Y081261C	
5954	تعویض کنتاکتور	Y081271C	
5955	تعویض بی متال	Y081281C	
5956	تعویض کنترل فاز	Y081291C	
5957	تعویض کلید حرارتی	Y081301C	
5958	تعویض کلید ON-Off	Y081311C	
5959	تعویض emergency stop	Y081321C	
5960	تعویض برد کنترلی	Y081331C	
5961	تعویض سنسور دما	Y081341C	
5962	نعویض سنسور فشار	Y081351C	
5963	تعویض شیر یکطرفه ساکشن	Y081361C	
5964	تنظیم لوله ساکشن	Y081371C	
5965	تعویض شلنگ هوا-روغن	Y081381C	
5966	تعویض شلنگ از مینیمم به رادیاتور	Y081391C	
5967	تعویض شلنگ از مخزن سپراتور به پایه فیلتر	Y081401C	
5968	تعویض شلنگ از پایه فیلتر به ایراند	Y081411C	
5969	تعویض شلنگ - لوله از پایه فیلتر به رادیاتور(رفت)	Y081421C	
5970	تعویض شلنگ - لوله از پایه فیلتر به رادیاتور(برگشت)	Y081431C	
5971	تعویض شلنگ های پنوماتیک 	Y081441C	
5972	شستشوی رادیاتور	Y081451C	
5973	شستشوی کمپرسور	Y081461C	
5974	تعویض فوم ها و غبارگیر	Y081471C	
5975	تعویض قفل کابینت(هرعدد)	Y081481C	
5976	تعویض کابل قدرت 	Y081491C	
5977	تعویض بلبرینگ های الکتروموتور	Y081501C	
5978	تعویض بلبرینگ های الکتروموتور فن	Y081511C	
5979	تعویض پروانه فن	Y081521C	
5980	تعویض توری غبارگیر	Y081531C	
5981	تعویض sight glass	Y081541C	
5982	شستشوی مخزن سپراتور	Y081551C	
5983	تعویض شلنگ تخلیه روغن	Y081561C	
5984	تعویض شیر تخلیه روغن مخزن سپراتور	Y081571C	
5985	تعویض لرزه گیر	Y081581C	
5986	تنظیم پولی ها	Y081591C	
5987	TEST RUN	Y081601C	
5988	تعویض گیج مخزن سپراتور	Y081611C	
5989	زنگ زدایی، لکه گیری و نقاشی	Y081621C	
5990	تعویض چک ولو زیر ایراند	Y081631C	
5991	تعویض واشر آببندی آنلودر	Y081641C	
5992	تعویض واشر آببندی چک ولو زیر ایراند	Y081651C	
5993	تعویض کابینت تابلو برق 	Y081661C	
5994	تعویض درب تابلو برق  	Y081671C	
5995	تعویض صفحه بالائی تابلو برق 	Y081681C	
5996	تعویض صفحه پایینی تابلو برق 	Y081691C	
5997	تعویض درب کابینت هر کدام	Y081701C	
5998	تعویض پنل کابینت هر کدام	Y081711C	
5999	تعویض ساپورت زیر  Electro Motor  هوایاری	Y081721C	
6000	تعویض رابط ساپورت راست Electro Motor	Y081731C	
6001	تعویض رابط ساپورت چپ Electro Motor 	Y081741C	
6002	تعویض ساپورت نگهدارنده سقف کمپرسور	Y081751C	
6003	تعویض پایه فن 	Y081761C	
6004	تعویض پایه خرک 	Y081771C	
6005	تعویض صفحه نگهدارنده قاب فن	Y081781C	
6006	تعویض صفحه روی خرک 	Y081791C	
6007	تعویض قاب رادیاتور 	Y081801C	
6008	تعویض قاب تسمه 	Y081811C	
6009	تعویض قاب کناری   Electro Motor	Y081821C	
6010	تعویض قاب کناری تابلو برق 	Y081831C	
6011	تعویض قاب ورودی هوا 	Y081841C	
6012	تعویض قاب صداگیر 	Y081851C	
6013	تعویض نگهدارنده مخزن 	Y081861C	
6014	تعویض کاسه نمد	Y081871C	
6015	دمونتاژ ایراند	Y091011C	
6016	مونتاژ ایراند	Y091021C	
6017	دمونتاژ آنلودر	Y091031C	
6018	مونتاژ آنلودر	Y091041C	
6019	تعویض فیلتر هوا	Y091051C	
6020	تعویض فیلتر روغن	Y091061C	
6021	تعویض فیلتر سپراتور 	Y091071C	
6022	تعویض روغن	Y091081C	
6023	تعویض کیت اویل استاپ ولو	Y091091C	
6024	تعویض ترموستاتیک ولو	Y091101C	
6025	تعویض کیت مینیمم پرشرولو	Y091111C	
6026	تعویض کیت آنلودر	Y091121C	
6027	تعویض تسمه ها	Y091131C	
6028	دمونتاژ الکتروموتور	Y091141C	
6029	مونتاژ الکتروموتور	Y091151C	
6030	تعویض پولی ایراند	Y091161C	
6031	تعویض پولی الکتروموتور	Y091171C	
6032	دمونتاژ مینیمم پرشرولو	Y091181C	
6033	مونتاژ مینیمم پرشرولو	Y091191C	
6034	تعویض سوپاپ اطمینان	Y091201C	
6035	مونتاژ رادیاتور	Y091211C	
6036	دمونتاژ رادیاتور	Y091221C	
6037	مونتاژ شاسی متحرک	Y091231C	
6038	دمونتاژ شاسی متحرک	Y091241C	
6039	مونتاژ/تعویض فن خنک کننده	Y091251C	
6040	دمونتاژ فن خنک کننده	Y091261C	
6041	تعویض کنتاکتور	Y091271C	
6042	تعویض بی متال	Y091281C	
6043	تعویض کنترل فاز	Y091291C	
6044	تعویض کلید حرارتی	Y091301C	
6045	تعویض کلید ON-Off	Y091311C	
6046	تعویض emergency stop	Y091321C	
6047	تعویض برد کنترلی	Y091331C	
6048	تعویض سنسور دما	Y091341C	
6049	نعویض سنسور فشار	Y091351C	
6050	تعویض شیر یکطرفه ساکشن	Y091361C	
6051	تنظیم لوله ساکشن	Y091371C	
6052	تعویض شلنگ هوا-روغن	Y091381C	
6053	تعویض شلنگ از مینیمم به رادیاتور	Y091391C	
6054	تعویض شلنگ از مخزن سپراتور به پایه فیلتر	Y091401C	
6055	تعویض شلنگ از پایه فیلتر به ایراند	Y091411C	
6056	تعویض شلنگ - لوله از پایه فیلتر به رادیاتور(رفت)	Y091421C	
6057	تعویض شلنگ - لوله از پایه فیلتر به رادیاتور(برگشت)	Y091431C	
6058	تعویض شلنگ های پنوماتیک 	Y091441C	
6059	شستشوی رادیاتور	Y091451C	
6060	شستشوی کمپرسور	Y091461C	
6061	تعویض فوم ها و غبارگیر	Y091471C	
6062	تعویض قفل کابینت(هرعدد)	Y091481C	
6063	تعویض کابل قدرت 	Y091491C	
6064	تعویض بلبرینگ های الکتروموتور	Y091501C	
6065	تعویض بلبرینگ های الکتروموتور فن	Y091511C	
6066	تعویض پروانه فن	Y091521C	
6067	تعویض توری غبارگیر	Y091531C	
6068	تعویض sight glass	Y091541C	
6069	شستشوی مخزن سپراتور	Y091551C	
6070	تعویض شلنگ تخلیه روغن	Y091561C	
6071	تعویض شیر تخلیه روغن مخزن سپراتور	Y091571C	
6072	تعویض لرزه گیر	Y091581C	
6073	تنظیم پولی ها	Y091591C	
6074	TEST RUN	Y091601C	
6075	تعویض گیج مخزن سپراتور	Y091611C	
6076	زنگ زدایی، لکه گیری و نقاشی	Y091621C	
6077	تعویض چک ولو زیر ایراند	Y091631C	
6078	تعویض واشر آببندی آنلودر	Y091641C	
6079	تعویض واشر آببندی چک ولو زیر ایراند	Y091651C	
6080	تعویض کابینت تابلو برق 	Y091661C	
6081	تعویض درب تابلو برق  	Y091671C	
6082	تعویض صفحه بالائی تابلو برق 	Y091681C	
6083	تعویض صفحه پایینی تابلو برق 	Y091691C	
6084	تعویض درب کابینت هر کدام	Y091701C	
6085	تعویض پنل کابینت هر کدام	Y091711C	
6086	تعویض ساپورت زیر  Electro Motor  هوایاری	Y091721C	
6087	تعویض رابط ساپورت راست Electro Motor	Y091731C	
6088	تعویض رابط ساپورت چپ Electro Motor 	Y091741C	
6089	تعویض ساپورت نگهدارنده سقف کمپرسور	Y091751C	
6090	تعویض پایه فن 	Y091761C	
6091	تعویض پایه خرک 	Y091771C	
6092	تعویض صفحه نگهدارنده قاب فن	Y091781C	
6093	تعویض صفحه روی خرک 	Y091791C	
6094	تعویض قاب رادیاتور 	Y091801C	
6095	تعویض قاب تسمه 	Y091811C	
6096	تعویض قاب کناری   Electro Motor	Y091821C	
6097	تعویض قاب کناری تابلو برق 	Y091831C	
6098	تعویض قاب ورودی هوا 	Y091841C	
6099	تعویض قاب صداگیر 	Y091851C	
6100	تعویض نگهدارنده مخزن 	Y091861C	
6101	تعویض کاسه نمد	Y091871C	
6102	دمونتاژ ایراند	Y101011C	
6103	مونتاژ ایراند	Y101021C	
6104	دمونتاژ آنلودر	Y101031C	
6105	مونتاژ آنلودر	Y101041C	
6106	تعویض فیلتر هوا	Y101051C	
6107	تعویض فیلتر روغن	Y101061C	
6108	تعویض فیلتر سپراتور 	Y101071C	
6109	تعویض روغن	Y101081C	
6110	تعویض کیت اویل استاپ ولو	Y101091C	
6111	تعویض ترموستاتیک ولو	Y101101C	
6112	تعویض کیت مینیمم پرشرولو	Y101111C	
6113	تعویض کیت آنلودر	Y101121C	
6114	تعویض تسمه ها	Y101131C	
6115	دمونتاژ الکتروموتور	Y101141C	
6116	مونتاژ الکتروموتور	Y101151C	
6117	تعویض پولی ایراند	Y101161C	
6118	تعویض پولی الکتروموتور	Y101171C	
6119	دمونتاژ مینیمم پرشرولو	Y101181C	
6120	مونتاژ مینیمم پرشرولو	Y101191C	
6121	تعویض سوپاپ اطمینان	Y101201C	
6122	مونتاژ رادیاتور	Y101211C	
6123	دمونتاژ رادیاتور	Y101221C	
6124	مونتاژ شاسی متحرک	Y101231C	
6125	دمونتاژ شاسی متحرک	Y101241C	
6126	مونتاژ/تعویض فن خنک کننده	Y101251C	
6127	دمونتاژ فن خنک کننده	Y101261C	
6128	تعویض کنتاکتور	Y101271C	
6129	تعویض بی متال	Y101281C	
6130	تعویض کنترل فاز	Y101291C	
6131	تعویض کلید حرارتی	Y101301C	
6132	تعویض کلید ON-Off	Y101311C	
6133	تعویض emergency stop	Y101321C	
6134	تعویض برد کنترلی	Y101331C	
6135	تعویض سنسور دما	Y101341C	
6136	نعویض سنسور فشار	Y101351C	
6137	تعویض شیر یکطرفه ساکشن	Y101361C	
6138	تنظیم لوله ساکشن	Y101371C	
6139	تعویض شلنگ هوا-روغن	Y101381C	
6140	تعویض شلنگ از مینیمم به رادیاتور	Y101391C	
6141	تعویض شلنگ از مخزن سپراتور به پایه فیلتر	Y101401C	
6142	تعویض شلنگ از پایه فیلتر به ایراند	Y101411C	
6143	تعویض شلنگ - لوله از پایه فیلتر به رادیاتور(رفت)	Y101421C	
6144	تعویض شلنگ - لوله از پایه فیلتر به رادیاتور(برگشت)	Y101431C	
6145	تعویض شلنگ های پنوماتیک 	Y101441C	
6146	شستشوی رادیاتور	Y101451C	
6147	شستشوی کمپرسور	Y101461C	
6148	تعویض فوم ها و غبارگیر	Y101471C	
6149	تعویض قفل کابینت(هرعدد)	Y101481C	
6150	تعویض کابل قدرت 	Y101491C	
6151	تعویض بلبرینگ های الکتروموتور	Y101501C	
6152	تعویض بلبرینگ های الکتروموتور فن	Y101511C	
6153	تعویض پروانه فن	Y101521C	
6154	تعویض توری غبارگیر	Y101531C	
6155	تعویض sight glass	Y101541C	
6156	شستشوی مخزن سپراتور	Y101551C	
6157	تعویض شلنگ تخلیه روغن	Y101561C	
6158	تعویض شیر تخلیه روغن مخزن سپراتور	Y101571C	
6159	تعویض لرزه گیر	Y101581C	
6160	تنظیم پولی ها	Y101591C	
6161	TEST RUN	Y101601C	
6162	تعویض گیج مخزن سپراتور	Y101611C	
6163	زنگ زدایی، لکه گیری و نقاشی	Y101621C	
6164	تعویض چک ولو زیر ایراند	Y101631C	
6165	تعویض واشر آببندی آنلودر	Y101641C	
6166	تعویض واشر آببندی چک ولو زیر ایراند	Y101651C	
6167	تعویض کابینت تابلو برق 	Y101661C	
6168	تعویض درب تابلو برق  	Y101671C	
6169	تعویض صفحه بالائی تابلو برق 	Y101681C	
6170	تعویض صفحه پایینی تابلو برق 	Y101691C	
6171	تعویض درب کابینت هر کدام	Y101701C	
6172	تعویض پنل کابینت هر کدام	Y101711C	
6173	تعویض ساپورت زیر  Electro Motor  هوایاری	Y101721C	
6174	تعویض رابط ساپورت راست Electro Motor	Y101731C	
6175	تعویض رابط ساپورت چپ Electro Motor 	Y101741C	
6176	تعویض ساپورت نگهدارنده سقف کمپرسور	Y101751C	
6177	تعویض پایه فن 	Y101761C	
6178	تعویض پایه خرک 	Y101771C	
6179	تعویض صفحه نگهدارنده قاب فن	Y101781C	
6180	تعویض صفحه روی خرک 	Y101791C	
6181	تعویض قاب رادیاتور 	Y101801C	
6182	تعویض قاب تسمه 	Y101811C	
6183	تعویض قاب کناری   Electro Motor	Y101821C	
6184	تعویض قاب کناری تابلو برق 	Y101831C	
6185	تعویض قاب ورودی هوا 	Y101841C	
6186	تعویض قاب صداگیر 	Y101851C	
6187	تعویض نگهدارنده مخزن 	Y101861C	
6188	تعویض کاسه نمد	Y101871C	
6189	تعویض ستون هر کدام	Y101881C	
6190	تعویض لولا	Y101891C	
6191	دمونتاژ کوپلینگ	Y101901C	
6192	مونتاژ کوپلینگ	Y101911C	
6193	تعویض اکسپنشن جوینت هوا روغن	Y101921C	
6194	تعویض اکسپنشن جوینت هوا 	Y101931C	
6195	تعویض سنسور اختلاف فشار هر کدام	Y101941C	
6196	تعویض سوییچ اختلاف فشار هر کدام	Y101951C	
6197	تعویض لوله خروجی هوا	Y101961C	
6198	دمونتاژ تله آبگیر	Y101971C	
6199	مونتاژ تله آبگیر	Y101981C	
6200	تعویض/ سرویس اتودرین	Y101991C	
6201	دمونتاژ سینی کابل	Y102001C	
6202	مونتاژ سینی کابل	Y102011C	
6203	تعویض فن تابلو برق	Y102021C	
6204	تعویض CT	Y102031C	
6205	دمونتاژ گلدانی	Y102041C	
6206	مونتاژ گلدانی	Y102051C	
6207	تعویض کابینت برد	Y102061C	
6208	دمونتاژ ایراند	Y111011C	
6209	مونتاژ ایراند	Y111021C	
6210	دمونتاژ آنلودر	Y111031C	
6211	مونتاژ آنلودر	Y111041C	
6212	تعویض فیلتر هوا	Y111051C	
6213	تعویض فیلتر روغن	Y111061C	
6214	تعویض فیلتر سپراتور 	Y111071C	
6215	تعویض روغن	Y111081C	
6216	تعویض کیت اویل استاپ ولو	Y111091C	
6217	تعویض ترموستاتیک ولو	Y111101C	
6218	تعویض کیت مینیمم پرشرولو	Y111111C	
6219	تعویض کیت آنلودر	Y111121C	
6220	تعویض تسمه ها	Y111131C	
6221	دمونتاژ الکتروموتور	Y111141C	
6222	مونتاژ الکتروموتور	Y111151C	
6223	تعویض پولی ایراند	Y111161C	
6224	تعویض پولی الکتروموتور	Y111171C	
6225	دمونتاژ مینیمم پرشرولو	Y111181C	
6226	مونتاژ مینیمم پرشرولو	Y111191C	
6227	تعویض سوپاپ اطمینان	Y111201C	
6228	مونتاژ رادیاتور	Y111211C	
6229	دمونتاژ رادیاتور	Y111221C	
6230	مونتاژ شاسی متحرک	Y111231C	
6231	دمونتاژ شاسی متحرک	Y111241C	
6232	مونتاژ/تعویض فن خنک کننده	Y111251C	
6233	دمونتاژ فن خنک کننده	Y111261C	
6234	تعویض کنتاکتور	Y111271C	
6235	تعویض بی متال	Y111281C	
6236	تعویض کنترل فاز	Y111291C	
6237	تعویض کلید حرارتی	Y111301C	
6238	تعویض کلید ON-Off	Y111311C	
6239	تعویض emergency stop	Y111321C	
6240	تعویض برد کنترلی	Y111331C	
6241	تعویض سنسور دما	Y111341C	
6242	نعویض سنسور فشار	Y111351C	
6243	تعویض شیر یکطرفه ساکشن	Y111361C	
6244	تنظیم لوله ساکشن	Y111371C	
6245	تعویض شلنگ هوا-روغن	Y111381C	
6246	تعویض شلنگ از مینیمم به رادیاتور	Y111391C	
6247	تعویض شلنگ از مخزن سپراتور به پایه فیلتر	Y111401C	
6248	تعویض شلنگ از پایه فیلتر به ایراند	Y111411C	
6249	تعویض شلنگ - لوله از پایه فیلتر به رادیاتور(رفت)	Y111421C	
6250	تعویض شلنگ - لوله از پایه فیلتر به رادیاتور(برگشت)	Y111431C	
6251	تعویض شلنگ های پنوماتیک 	Y111441C	
6252	شستشوی رادیاتور	Y111451C	
6253	شستشوی کمپرسور	Y111461C	
6254	تعویض فوم ها و غبارگیر	Y111471C	
6255	تعویض قفل کابینت(هرعدد)	Y111481C	
6256	تعویض کابل قدرت 	Y111491C	
6257	تعویض بلبرینگ های الکتروموتور	Y111501C	
6258	تعویض بلبرینگ های الکتروموتور فن	Y111511C	
6259	تعویض پروانه فن	Y111521C	
6260	تعویض توری غبارگیر	Y111531C	
6261	تعویض sight glass	Y111541C	
6262	شستشوی مخزن سپراتور	Y111551C	
6263	تعویض شلنگ تخلیه روغن	Y111561C	
6264	تعویض شیر تخلیه روغن مخزن سپراتور	Y111571C	
6265	تعویض لرزه گیر	Y111581C	
6266	تنظیم پولی ها	Y111591C	
6267	TEST RUN	Y111601C	
6268	تعویض گیج مخزن سپراتور	Y111611C	
6269	زنگ زدایی، لکه گیری و نقاشی	Y111621C	
6270	تعویض چک ولو زیر ایراند	Y111631C	
6271	تعویض واشر آببندی آنلودر	Y111641C	
6272	تعویض واشر آببندی چک ولو زیر ایراند	Y111651C	
6273	تعویض کابینت تابلو برق 	Y111661C	
6274	تعویض درب تابلو برق  	Y111671C	
6275	تعویض صفحه بالائی تابلو برق 	Y111681C	
6276	تعویض صفحه پایینی تابلو برق 	Y111691C	
6277	تعویض درب کابینت هر کدام	Y111701C	
6278	تعویض پنل کابینت هر کدام	Y111711C	
6279	تعویض ساپورت زیر  Electro Motor  هوایاری	Y111721C	
6280	تعویض رابط ساپورت راست Electro Motor	Y111731C	
6281	تعویض رابط ساپورت چپ Electro Motor 	Y111741C	
6282	تعویض ساپورت نگهدارنده سقف کمپرسور	Y111751C	
6283	تعویض پایه فن 	Y111761C	
6284	تعویض پایه خرک 	Y111771C	
6285	تعویض صفحه نگهدارنده قاب فن	Y111781C	
6286	تعویض صفحه روی خرک 	Y111791C	
6287	تعویض قاب رادیاتور 	Y111801C	
6288	تعویض قاب تسمه 	Y111811C	
6289	تعویض قاب کناری   Electro Motor	Y111821C	
6290	تعویض قاب کناری تابلو برق 	Y111831C	
6291	تعویض قاب ورودی هوا 	Y111841C	
6292	تعویض قاب صداگیر 	Y111851C	
6293	تعویض نگهدارنده مخزن 	Y111861C	
6294	تعویض کاسه نمد	Y111871C	
6295	تعویض ستون هر کدام	Y111881C	
6296	تعویض لولا	Y111891C	
6297	دمونتاژ کوپلینگ	Y111901C	
6298	مونتاژ کوپلینگ	Y111911C	
6299	تعویض اکسپنشن جوینت هوا روغن	Y111921C	
6300	تعویض اکسپنشن جوینت هوا 	Y111931C	
6301	تعویض سنسور اختلاف فشار هر کدام	Y111941C	
6302	تعویض سوییچ اختلاف فشار هر کدام	Y111951C	
6303	تعویض لوله خروجی هوا	Y111961C	
6304	دمونتاژ تله آبگیر	Y111971C	
6305	مونتاژ تله آبگیر	Y111981C	
6306	تعویض/ سرویس اتودرین	Y111991C	
6307	دمونتاژ سینی کابل	Y112001C	
6308	مونتاژ سینی کابل	Y112011C	
6309	تعویض فن تابلو برق	Y112021C	
6310	تعویض CT	Y112031C	
6311	دمونتاژ گلدانی	Y112041C	
6312	مونتاژ گلدانی	Y112051C	
6313	تعویض کابینت برد	Y112061C	
6314	دمونتاژ ایراند	Y121011C	
6315	مونتاژ ایراند	Y121021C	
6316	دمونتاژ آنلودر	Y121031C	
6317	مونتاژ آنلودر	Y121041C	
6318	تعویض فیلتر هوا	Y121051C	
6319	تعویض فیلتر روغن	Y121061C	
6320	تعویض فیلتر سپراتور 	Y121071C	
6321	تعویض روغن	Y121081C	
6322	تعویض کیت اویل استاپ ولو	Y121091C	
6323	تعویض ترموستاتیک ولو	Y121101C	
6324	تعویض کیت مینیمم پرشرولو	Y121111C	
6325	تعویض کیت آنلودر	Y121121C	
6326	تعویض تسمه ها	Y121131C	
6327	دمونتاژ الکتروموتور	Y121141C	
6328	مونتاژ الکتروموتور	Y121151C	
6329	تعویض پولی ایراند	Y121161C	
6330	تعویض پولی الکتروموتور	Y121171C	
6331	دمونتاژ مینیمم پرشرولو	Y121181C	
6332	مونتاژ مینیمم پرشرولو	Y121191C	
6333	تعویض سوپاپ اطمینان	Y121201C	
6334	مونتاژ رادیاتور	Y121211C	
6335	دمونتاژ رادیاتور	Y121221C	
6336	مونتاژ شاسی متحرک	Y121231C	
6337	دمونتاژ شاسی متحرک	Y121241C	
6338	مونتاژ/تعویض فن خنک کننده	Y121251C	
6339	دمونتاژ فن خنک کننده	Y121261C	
6340	تعویض کنتاکتور	Y121271C	
6341	تعویض بی متال	Y121281C	
6342	تعویض کنترل فاز	Y121291C	
6343	تعویض کلید حرارتی	Y121301C	
6344	تعویض کلید ON-Off	Y121311C	
6345	تعویض emergency stop	Y121321C	
6346	تعویض برد کنترلی	Y121331C	
6347	تعویض سنسور دما	Y121341C	
6348	نعویض سنسور فشار	Y121351C	
6349	تعویض شیر یکطرفه ساکشن	Y121361C	
6350	تنظیم لوله ساکشن	Y121371C	
6351	تعویض شلنگ هوا-روغن	Y121381C	
6352	تعویض شلنگ از مینیمم به رادیاتور	Y121391C	
6353	تعویض شلنگ از مخزن سپراتور به پایه فیلتر	Y121401C	
6354	تعویض شلنگ از پایه فیلتر به ایراند	Y121411C	
6355	تعویض شلنگ - لوله از پایه فیلتر به رادیاتور(رفت)	Y121421C	
6356	تعویض شلنگ - لوله از پایه فیلتر به رادیاتور(برگشت)	Y121431C	
6357	تعویض شلنگ های پنوماتیک 	Y121441C	
6358	شستشوی رادیاتور	Y121451C	
6359	شستشوی کمپرسور	Y121461C	
6360	تعویض فوم ها و غبارگیر	Y121471C	
6361	تعویض قفل کابینت(هرعدد)	Y121481C	
6362	تعویض کابل قدرت 	Y121491C	
6363	تعویض بلبرینگ های الکتروموتور	Y121501C	
6364	تعویض بلبرینگ های الکتروموتور فن	Y121511C	
6365	تعویض پروانه فن	Y121521C	
6366	تعویض توری غبارگیر	Y121531C	
6367	تعویض sight glass	Y121541C	
6368	شستشوی مخزن سپراتور	Y121551C	
6369	تعویض شلنگ تخلیه روغن	Y121561C	
6370	تعویض شیر تخلیه روغن مخزن سپراتور	Y121571C	
6371	تعویض لرزه گیر	Y121581C	
6372	تنظیم پولی ها	Y121591C	
6373	TEST RUN	Y121601C	
6374	تعویض گیج مخزن سپراتور	Y121611C	
6375	زنگ زدایی، لکه گیری و نقاشی	Y121621C	
6376	تعویض چک ولو زیر ایراند	Y121631C	
6377	تعویض واشر آببندی آنلودر	Y121641C	
6378	تعویض واشر آببندی چک ولو زیر ایراند	Y121651C	
6379	تعویض کابینت تابلو برق 	Y121661C	
6380	تعویض درب تابلو برق  	Y121671C	
6381	تعویض صفحه بالائی تابلو برق 	Y121681C	
6382	تعویض صفحه پایینی تابلو برق 	Y121691C	
6383	تعویض درب کابینت هر کدام	Y121701C	
6384	تعویض پنل کابینت هر کدام	Y121711C	
6385	تعویض ساپورت زیر  Electro Motor  هوایاری	Y121721C	
6386	تعویض رابط ساپورت راست Electro Motor	Y121731C	
6387	تعویض رابط ساپورت چپ Electro Motor 	Y121741C	
6388	تعویض ساپورت نگهدارنده سقف کمپرسور	Y121751C	
6389	تعویض پایه فن 	Y121761C	
6390	تعویض پایه خرک 	Y121771C	
6391	تعویض صفحه نگهدارنده قاب فن	Y121781C	
6392	تعویض صفحه روی خرک 	Y121791C	
6393	تعویض قاب رادیاتور 	Y121801C	
6394	تعویض قاب تسمه 	Y121811C	
6395	تعویض قاب کناری   Electro Motor	Y121821C	
6396	تعویض قاب کناری تابلو برق 	Y121831C	
6397	تعویض قاب ورودی هوا 	Y121841C	
6398	تعویض قاب صداگیر 	Y121851C	
6399	تعویض نگهدارنده مخزن 	Y121861C	
6400	تعویض کاسه نمد	Y121871C	
6401	تعویض ستون هر کدام	Y121881C	
6402	تعویض لولا	Y121891C	
6403	دمونتاژ کوپلینگ	Y121901C	
6404	مونتاژ کوپلینگ	Y121911C	
6405	تعویض اکسپنشن جوینت هوا روغن	Y121921C	
6406	تعویض اکسپنشن جوینت هوا 	Y121931C	
6407	تعویض سنسور اختلاف فشار هر کدام	Y121941C	
6408	تعویض سوییچ اختلاف فشار هر کدام	Y121951C	
6409	تعویض لوله خروجی هوا	Y121961C	
6410	دمونتاژ تله آبگیر	Y121971C	
6411	مونتاژ تله آبگیر	Y121981C	
6412	تعویض/ سرویس اتودرین	Y121991C	
6413	دمونتاژ سینی کابل	Y122001C	
6414	مونتاژ سینی کابل	Y122011C	
6415	تعویض فن تابلو برق	Y122021C	
6416	تعویض CT	Y122031C	
6417	دمونتاژ گلدانی	Y122041C	
6418	مونتاژ گلدانی	Y122051C	
6419	تعویض کابینت برد	Y122061C	
6420	دمونتاژ ایراند	Y131011C	
6421	مونتاژ ایراند	Y131021C	
6422	دمونتاژ آنلودر	Y131031C	
6423	مونتاژ آنلودر	Y131041C	
6424	تعویض فیلتر هوا	Y131051C	
6425	تعویض فیلتر روغن	Y131061C	
6426	تعویض فیلتر سپراتور 	Y131071C	
6427	تعویض روغن	Y131081C	
6428	تعویض کیت اویل استاپ ولو	Y131091C	
6429	تعویض ترموستاتیک ولو	Y131101C	
6430	تعویض کیت مینیمم پرشرولو	Y131111C	
6431	تعویض کیت آنلودر	Y131121C	
6432	تعویض تسمه ها	Y131131C	
6433	دمونتاژ الکتروموتور	Y131141C	
6434	مونتاژ الکتروموتور	Y131151C	
6435	تعویض پولی ایراند	Y131161C	
6436	تعویض پولی الکتروموتور	Y131171C	
6437	دمونتاژ مینیمم پرشرولو	Y131181C	
6438	مونتاژ مینیمم پرشرولو	Y131191C	
6439	تعویض سوپاپ اطمینان	Y131201C	
6440	مونتاژ رادیاتور	Y131211C	
6441	دمونتاژ رادیاتور	Y131221C	
6442	مونتاژ شاسی متحرک	Y131231C	
6443	دمونتاژ شاسی متحرک	Y131241C	
6444	مونتاژ/تعویض فن خنک کننده	Y131251C	
6445	دمونتاژ فن خنک کننده	Y131261C	
6446	تعویض کنتاکتور	Y131271C	
6447	تعویض بی متال	Y131281C	
6448	تعویض کنترل فاز	Y131291C	
6449	تعویض کلید حرارتی	Y131301C	
6450	تعویض کلید ON-Off	Y131311C	
6451	تعویض emergency stop	Y131321C	
6452	تعویض برد کنترلی	Y131331C	
6453	تعویض سنسور دما	Y131341C	
6454	نعویض سنسور فشار	Y131351C	
6455	تعویض شیر یکطرفه ساکشن	Y131361C	
6456	تنظیم لوله ساکشن	Y131371C	
6457	تعویض شلنگ هوا-روغن	Y131381C	
6458	تعویض شلنگ از مینیمم به رادیاتور	Y131391C	
6459	تعویض شلنگ از مخزن سپراتور به پایه فیلتر	Y131401C	
6460	تعویض شلنگ از پایه فیلتر به ایراند	Y131411C	
6461	تعویض شلنگ - لوله از پایه فیلتر به رادیاتور(رفت)	Y131421C	
6462	تعویض شلنگ - لوله از پایه فیلتر به رادیاتور(برگشت)	Y131431C	
6463	تعویض شلنگ های پنوماتیک 	Y131441C	
6464	شستشوی رادیاتور	Y131451C	
6465	شستشوی کمپرسور	Y131461C	
6466	تعویض فوم ها و غبارگیر	Y131471C	
6467	تعویض قفل کابینت(هرعدد)	Y131481C	
6468	تعویض کابل قدرت 	Y131491C	
6469	تعویض بلبرینگ های الکتروموتور	Y131501C	
6470	تعویض بلبرینگ های الکتروموتور فن	Y131511C	
6471	تعویض پروانه فن	Y131521C	
6472	تعویض توری غبارگیر	Y131531C	
6473	تعویض sight glass	Y131541C	
6474	شستشوی مخزن سپراتور	Y131551C	
6475	تعویض شلنگ تخلیه روغن	Y131561C	
6476	تعویض شیر تخلیه روغن مخزن سپراتور	Y131571C	
6477	تعویض لرزه گیر	Y131581C	
6478	تنظیم پولی ها	Y131591C	
6479	TEST RUN	Y131601C	
6480	تعویض گیج مخزن سپراتور	Y131611C	
6481	زنگ زدایی، لکه گیری و نقاشی	Y131621C	
6482	تعویض چک ولو زیر ایراند	Y131631C	
6483	تعویض واشر آببندی آنلودر	Y131641C	
6484	تعویض واشر آببندی چک ولو زیر ایراند	Y131651C	
6485	تعویض کابینت تابلو برق 	Y131661C	
6486	تعویض درب تابلو برق  	Y131671C	
6487	تعویض صفحه بالائی تابلو برق 	Y131681C	
6488	تعویض صفحه پایینی تابلو برق 	Y131691C	
6489	تعویض درب کابینت هر کدام	Y131701C	
6490	تعویض پنل کابینت هر کدام	Y131711C	
6491	تعویض ساپورت زیر  Electro Motor  هوایاری	Y131721C	
6492	تعویض رابط ساپورت راست Electro Motor	Y131731C	
6493	تعویض رابط ساپورت چپ Electro Motor 	Y131741C	
6494	تعویض ساپورت نگهدارنده سقف کمپرسور	Y131751C	
6495	تعویض پایه فن 	Y131761C	
6496	تعویض پایه خرک 	Y131771C	
6497	تعویض صفحه نگهدارنده قاب فن	Y131781C	
6498	تعویض صفحه روی خرک 	Y131791C	
6499	تعویض قاب رادیاتور 	Y131801C	
6500	تعویض قاب تسمه 	Y131811C	
6501	تعویض قاب کناری   Electro Motor	Y131821C	
6502	تعویض قاب کناری تابلو برق 	Y131831C	
6503	تعویض قاب ورودی هوا 	Y131841C	
6504	تعویض قاب صداگیر 	Y131851C	
6505	تعویض نگهدارنده مخزن 	Y131861C	
6506	تعویض کاسه نمد	Y131871C	
6507	تعویض ستون هر کدام	Y131881C	
6508	تعویض لولا	Y131891C	
6509	دمونتاژ کوپلینگ	Y131901C	
6510	مونتاژ کوپلینگ	Y131911C	
6511	تعویض اکسپنشن جوینت هوا روغن	Y131921C	
6512	تعویض اکسپنشن جوینت هوا 	Y131931C	
6513	تعویض سنسور اختلاف فشار هر کدام	Y131941C	
6514	تعویض سوییچ اختلاف فشار هر کدام	Y131951C	
6515	تعویض لوله خروجی هوا	Y131961C	
6516	دمونتاژ تله آبگیر	Y131971C	
6517	مونتاژ تله آبگیر	Y131981C	
6518	تعویض/ سرویس اتودرین	Y131991C	
6519	دمونتاژ سینی کابل	Y132001C	
6520	مونتاژ سینی کابل	Y132011C	
6521	تعویض فن تابلو برق	Y132021C	
6522	تعویض CT	Y132031C	
6523	دمونتاژ گلدانی	Y132041C	
6524	مونتاژ گلدانی	Y132051C	
6525	تعویض کابینت برد	Y132061C	
6526	دمونتاژ ایراند	Y141011C	
6527	مونتاژ ایراند	Y141021C	
6528	دمونتاژ آنلودر	Y141031C	
6529	مونتاژ آنلودر	Y141041C	
6530	تعویض فیلتر هوا	Y141051C	
6531	تعویض فیلتر روغن	Y141061C	
6532	تعویض فیلتر سپراتور 	Y141071C	
6533	تعویض روغن	Y141081C	
6534	تعویض کیت اویل استاپ ولو	Y141091C	
6535	تعویض ترموستاتیک ولو	Y141101C	
6536	تعویض کیت مینیمم پرشرولو	Y141111C	
6537	تعویض کیت آنلودر	Y141121C	
6538	تعویض تسمه ها	Y141131C	
6539	دمونتاژ الکتروموتور	Y141141C	
6540	مونتاژ الکتروموتور	Y141151C	
6541	تعویض پولی ایراند	Y141161C	
6542	تعویض پولی الکتروموتور	Y141171C	
6543	دمونتاژ مینیمم پرشرولو	Y141181C	
6544	مونتاژ مینیمم پرشرولو	Y141191C	
6545	تعویض سوپاپ اطمینان	Y141201C	
6546	مونتاژ رادیاتور	Y141211C	
6547	دمونتاژ رادیاتور	Y141221C	
6548	مونتاژ شاسی متحرک	Y141231C	
6549	دمونتاژ شاسی متحرک	Y141241C	
6550	مونتاژ/تعویض فن خنک کننده	Y141251C	
6551	دمونتاژ فن خنک کننده	Y141261C	
6552	تعویض کنتاکتور	Y141271C	
6553	تعویض بی متال	Y141281C	
6554	تعویض کنترل فاز	Y141291C	
6555	تعویض کلید حرارتی	Y141301C	
6556	تعویض کلید ON-Off	Y141311C	
6557	تعویض emergency stop	Y141321C	
6558	تعویض برد کنترلی	Y141331C	
6559	تعویض سنسور دما	Y141341C	
6560	نعویض سنسور فشار	Y141351C	
6561	تعویض شیر یکطرفه ساکشن	Y141361C	
6562	تنظیم لوله ساکشن	Y141371C	
6563	تعویض شلنگ هوا-روغن	Y141381C	
6564	تعویض شلنگ از مینیمم به رادیاتور	Y141391C	
6565	تعویض شلنگ از مخزن سپراتور به پایه فیلتر	Y141401C	
6566	تعویض شلنگ از پایه فیلتر به ایراند	Y141411C	
6567	تعویض شلنگ - لوله از پایه فیلتر به رادیاتور(رفت)	Y141421C	
6568	تعویض شلنگ - لوله از پایه فیلتر به رادیاتور(برگشت)	Y141431C	
6569	تعویض شلنگ های پنوماتیک 	Y141441C	
6570	شستشوی رادیاتور	Y141451C	
6571	شستشوی کمپرسور	Y141461C	
6572	تعویض فوم ها و غبارگیر	Y141471C	
6573	تعویض قفل کابینت(هرعدد)	Y141481C	
6574	تعویض کابل قدرت 	Y141491C	
6575	تعویض بلبرینگ های الکتروموتور	Y141501C	
6576	تعویض بلبرینگ های الکتروموتور فن	Y141511C	
6577	تعویض پروانه فن	Y141521C	
6578	تعویض توری غبارگیر	Y141531C	
6579	تعویض sight glass	Y141541C	
6580	شستشوی مخزن سپراتور	Y141551C	
6581	تعویض شلنگ تخلیه روغن	Y141561C	
6582	تعویض شیر تخلیه روغن مخزن سپراتور	Y141571C	
6583	تعویض لرزه گیر	Y141581C	
6584	تنظیم پولی ها	Y141591C	
6585	TEST RUN	Y141601C	
6586	تعویض گیج مخزن سپراتور	Y141611C	
6587	زنگ زدایی، لکه گیری و نقاشی	Y141621C	
6588	تعویض چک ولو زیر ایراند	Y141631C	
6589	تعویض واشر آببندی آنلودر	Y141641C	
6590	تعویض واشر آببندی چک ولو زیر ایراند	Y141651C	
6591	تعویض کابینت تابلو برق 	Y141661C	
6592	تعویض درب تابلو برق  	Y141671C	
6593	تعویض صفحه بالائی تابلو برق 	Y141681C	
6594	تعویض صفحه پایینی تابلو برق 	Y141691C	
6595	تعویض درب کابینت هر کدام	Y141701C	
6596	تعویض پنل کابینت هر کدام	Y141711C	
6597	تعویض ساپورت زیر  Electro Motor  هوایاری	Y141721C	
6598	تعویض رابط ساپورت راست Electro Motor	Y141731C	
6599	تعویض رابط ساپورت چپ Electro Motor 	Y141741C	
6600	تعویض ساپورت نگهدارنده سقف کمپرسور	Y141751C	
6601	تعویض پایه فن 	Y141761C	
6602	تعویض پایه خرک 	Y141771C	
6603	تعویض صفحه نگهدارنده قاب فن	Y141781C	
6604	تعویض صفحه روی خرک 	Y141791C	
6605	تعویض قاب رادیاتور 	Y141801C	
6606	تعویض قاب تسمه 	Y141811C	
6607	تعویض قاب کناری   Electro Motor	Y141821C	
6608	تعویض قاب کناری تابلو برق 	Y141831C	
6609	تعویض قاب ورودی هوا 	Y141841C	
6610	تعویض قاب صداگیر 	Y141851C	
6611	تعویض نگهدارنده مخزن 	Y141861C	
6612	تعویض کاسه نمد	Y141871C	
6613	تعویض ستون هر کدام	Y141881C	
6614	تعویض لولا	Y141891C	
6615	دمونتاژ کوپلینگ	Y141901C	
6616	مونتاژ کوپلینگ	Y141911C	
6617	تعویض اکسپنشن جوینت هوا روغن	Y141921C	
6618	تعویض اکسپنشن جوینت هوا 	Y141931C	
6619	تعویض سنسور اختلاف فشار هر کدام	Y141941C	
6620	تعویض سوییچ اختلاف فشار هر کدام	Y141951C	
6621	تعویض لوله خروجی هوا	Y141961C	
6622	دمونتاژ تله آبگیر	Y141971C	
6623	مونتاژ تله آبگیر	Y141981C	
6624	تعویض/ سرویس اتودرین	Y141991C	
6625	دمونتاژ سینی کابل	Y142001C	
6626	مونتاژ سینی کابل	Y142011C	
6627	تعویض فن تابلو برق	Y142021C	
6628	تعویض CT	Y142031C	
6629	دمونتاژ گلدانی	Y142041C	
6630	مونتاژ گلدانی	Y142051C	
6631	تعویض کابینت برد	Y142061C	
6632	دمونتاژ ایراند	Y151011C	
6633	مونتاژ ایراند	Y151021C	
6634	دمونتاژ آنلودر	Y151031C	
6635	مونتاژ آنلودر	Y151041C	
6636	تعویض فیلتر هوا	Y151051C	
6637	تعویض فیلتر روغن	Y151061C	
6638	تعویض فیلتر سپراتور 	Y151071C	
6639	تعویض روغن	Y151081C	
6640	تعویض کیت اویل استاپ ولو	Y151091C	
6641	تعویض ترموستاتیک ولو	Y151101C	
6642	تعویض کیت مینیمم پرشرولو	Y151111C	
6643	تعویض کیت آنلودر	Y151121C	
6644	تعویض تسمه ها	Y151131C	
6645	دمونتاژ الکتروموتور	Y151141C	
6646	مونتاژ الکتروموتور	Y151151C	
6647	تعویض پولی ایراند	Y151161C	
6648	تعویض پولی الکتروموتور	Y151171C	
6649	دمونتاژ مینیمم پرشرولو	Y151181C	
6650	مونتاژ مینیمم پرشرولو	Y151191C	
6651	تعویض سوپاپ اطمینان	Y151201C	
6652	مونتاژ رادیاتور	Y151211C	
6653	دمونتاژ رادیاتور	Y151221C	
6654	مونتاژ شاسی متحرک	Y151231C	
6655	دمونتاژ شاسی متحرک	Y151241C	
6656	مونتاژ/تعویض فن خنک کننده	Y151251C	
6657	دمونتاژ فن خنک کننده	Y151261C	
6658	تعویض کنتاکتور	Y151271C	
6659	تعویض بی متال	Y151281C	
6660	تعویض کنترل فاز	Y151291C	
6661	تعویض کلید حرارتی	Y151301C	
6662	تعویض کلید ON-Off	Y151311C	
6663	تعویض emergency stop	Y151321C	
6664	تعویض برد کنترلی	Y151331C	
6665	تعویض سنسور دما	Y151341C	
6666	نعویض سنسور فشار	Y151351C	
6667	تعویض شیر یکطرفه ساکشن	Y151361C	
6668	تنظیم لوله ساکشن	Y151371C	
6669	تعویض شلنگ هوا-روغن	Y151381C	
6670	تعویض شلنگ از مینیمم به رادیاتور	Y151391C	
6671	تعویض شلنگ از مخزن سپراتور به پایه فیلتر	Y151401C	
6672	تعویض شلنگ از پایه فیلتر به ایراند	Y151411C	
6673	تعویض شلنگ - لوله از پایه فیلتر به رادیاتور(رفت)	Y151421C	
6674	تعویض شلنگ - لوله از پایه فیلتر به رادیاتور(برگشت)	Y151431C	
6675	تعویض شلنگ های پنوماتیک 	Y151441C	
6676	شستشوی رادیاتور	Y151451C	
6677	شستشوی کمپرسور	Y151461C	
6678	تعویض فوم ها و غبارگیر	Y151471C	
6679	تعویض قفل کابینت(هرعدد)	Y151481C	
6680	تعویض کابل قدرت 	Y151491C	
6681	تعویض بلبرینگ های الکتروموتور	Y151501C	
6682	تعویض بلبرینگ های الکتروموتور فن	Y151511C	
6683	تعویض پروانه فن	Y151521C	
6684	تعویض توری غبارگیر	Y151531C	
6685	تعویض sight glass	Y151541C	
6686	شستشوی مخزن سپراتور	Y151551C	
6687	تعویض شلنگ تخلیه روغن	Y151561C	
6688	تعویض شیر تخلیه روغن مخزن سپراتور	Y151571C	
6689	تعویض لرزه گیر	Y151581C	
6690	تنظیم پولی ها	Y151591C	
6691	TEST RUN	Y151601C	
6692	تعویض گیج مخزن سپراتور	Y151611C	
6693	زنگ زدایی، لکه گیری و نقاشی	Y151621C	
6694	تعویض چک ولو زیر ایراند	Y151631C	
6695	تعویض واشر آببندی آنلودر	Y151641C	
6696	تعویض واشر آببندی چک ولو زیر ایراند	Y151651C	
6697	تعویض کابینت تابلو برق 	Y151661C	
6698	تعویض درب تابلو برق  	Y151671C	
6699	تعویض صفحه بالائی تابلو برق 	Y151681C	
6700	تعویض صفحه پایینی تابلو برق 	Y151691C	
6701	تعویض درب کابینت هر کدام	Y151701C	
6702	تعویض پنل کابینت هر کدام	Y151711C	
6703	تعویض ساپورت زیر  Electro Motor  هوایاری	Y151721C	
6704	تعویض رابط ساپورت راست Electro Motor	Y151731C	
6705	تعویض رابط ساپورت چپ Electro Motor 	Y151741C	
6706	تعویض ساپورت نگهدارنده سقف کمپرسور	Y151751C	
6707	تعویض پایه فن 	Y151761C	
6708	تعویض پایه خرک 	Y151771C	
6709	تعویض صفحه نگهدارنده قاب فن	Y151781C	
6710	تعویض صفحه روی خرک 	Y151791C	
6711	تعویض قاب رادیاتور 	Y151801C	
6712	تعویض قاب تسمه 	Y151811C	
6713	تعویض قاب کناری   Electro Motor	Y151821C	
6714	تعویض قاب کناری تابلو برق 	Y151831C	
6715	تعویض قاب ورودی هوا 	Y151841C	
6716	تعویض قاب صداگیر 	Y151851C	
6717	تعویض نگهدارنده مخزن 	Y151861C	
6718	تعویض کاسه نمد	Y151871C	
6719	تعویض ستون هر کدام	Y151881C	
6720	تعویض لولا	Y151891C	
6721	دمونتاژ کوپلینگ	Y151901C	
6722	مونتاژ کوپلینگ	Y151911C	
6723	تعویض اکسپنشن جوینت هوا روغن	Y151921C	
6724	تعویض اکسپنشن جوینت هوا 	Y151931C	
6725	تعویض سنسور اختلاف فشار هر کدام	Y151941C	
6726	تعویض سوییچ اختلاف فشار هر کدام	Y151951C	
6727	تعویض لوله خروجی هوا	Y151961C	
6728	دمونتاژ تله آبگیر	Y151971C	
6729	مونتاژ تله آبگیر	Y151981C	
6730	تعویض/ سرویس اتودرین	Y151991C	
6731	دمونتاژ سینی کابل	Y152001C	
6732	مونتاژ سینی کابل	Y152011C	
6733	تعویض فن تابلو برق	Y152021C	
6734	تعویض CT	Y152031C	
6735	دمونتاژ گلدانی	Y152041C	
6736	مونتاژ گلدانی	Y152051C	
6737	تعویض کابینت برد	Y152061C	
6738	دمونتاژ ایراند	H011011C	
6739	مونتاژ ایراند	H011021C	
6740	دمونتاژ آنلودر	H011031C	
6741	مونتاژ آنلودر	H011041C	
6742	تعویض فیلتر هوا	H011051C	
6743	تعویض فیلتر روغن	H011061C	
6744	تعویض فیلتر سپراتور 	H011071C	
6745	تعویض روغن	H011081C	
6746	تعویض کیت اویل استاپ ولو	H011091C	
6747	تعویض ترموستاتیک ولو	H011101C	
6748	تعویض کیت مینیمم پرشرولو	H011111C	
6749	تعویض کیت آنلودر	H011121C	
6750	تعویض تسمه ها	H011131C	
6751	دمونتاژ الکتروموتور	H011141C	
6752	مونتاژ الکتروموتور	H011151C	
6753	تعویض پولی ایراند	H011161C	
6754	تعویض پولی الکتروموتور	H011171C	
6755	دمونتاژ مینیمم پرشرولو	H011181C	
6756	مونتاژ مینیمم پرشرولو	H011191C	
6757	تعویض سوپاپ اطمینان	H011201C	
6758	مونتاژ رادیاتور	H011211C	
6759	دمونتاژ رادیاتور	H011221C	
6760	مونتاژ شاسی متحرک	H011231C	
6761	دمونتاژ شاسی متحرک	H011241C	
6762	مونتاژ/تعویض فن خنک کننده	H011251C	
6763	دمونتاژ فن خنک کننده	H011261C	
6764	تعویض کنتاکتور	H011271C	
6765	تعویض بی متال	H011281C	
6766	تعویض کنترل فاز	H011291C	
6767	تعویض کلید حرارتی	H011301C	
6768	تعویض کلید ON-Off	H011311C	
6769	تعویض emergency stop	H011321C	
6770	تعویض برد کنترلی	H011331C	
6771	تعویض سنسور دما	H011341C	
6772	نعویض سنسور فشار	H011351C	
6773	تعویض شیر یکطرفه ساکشن	H011361C	
6774	تنظیم لوله ساکشن	H011371C	
6775	تعویض شلنگ هوا-روغن	H011381C	
6776	تعویض شلنگ از مینیمم به رادیاتور	H011391C	
6777	تعویض شلنگ از مخزن سپراتور به پایه فیلتر	H011401C	
6778	تعویض شلنگ از پایه فیلتر به ایراند	H011411C	
6779	تعویض شلنگ - لوله از پایه فیلتر به رادیاتور(رفت)	H011421C	
6780	تعویض شلنگ - لوله از پایه فیلتر به رادیاتور(برگشت)	H011431C	
6781	تعویض شلنگ های پنوماتیک 	H011441C	
6782	شستشوی رادیاتور	H011451C	
6783	شستشوی کمپرسور	H011461C	
6784	تعویض فوم ها و غبارگیر	H011471C	
6785	تعویض قفل کابینت(هرعدد)	H011481C	
6786	تعویض کابل قدرت 	H011491C	
6787	تعویض بلبرینگ های الکتروموتور	H011501C	
6788	تعویض بلبرینگ های الکتروموتور فن	H011511C	
6789	تعویض پروانه فن	H011521C	
6790	تعویض توری غبارگیر	H011531C	
6791	تعویض sight glass	H011541C	
6792	شستشوی مخزن سپراتور	H011551C	
6793	تعویض شلنگ تخلیه روغن	H011561C	
6794	تعویض شیر تخلیه روغن مخزن سپراتور	H011571C	
6795	تعویض لرزه گیر	H011581C	
6796	تنظیم پولی ها	H011591C	
6797	TEST RUN	H011601C	
6798	تعویض گیج مخزن سپراتور	H011611C	
6799	زنگ زدایی، لکه گیری و نقاشی	H011621C	
6800	تعویض چک ولو زیر ایراند	H011631C	
6801	تعویض واشر آببندی آنلودر	H011641C	
6802	تعویض واشر آببندی چک ولو زیر ایراند	H011651C	
6803	تعویض کابینت تابلو برق 	H011661C	
6804	تعویض درب تابلو برق  	H011671C	
6805	تعویض صفحه بالائی تابلو برق 	H011681C	
6806	تعویض صفحه پایینی تابلو برق 	H011691C	
6807	تعویض درب کابینت هر کدام	H011701C	
6808	تعویض پنل کابینت هر کدام	H011711C	
6809	تعویض ساپورت زیر  Electro Motor  هوایاری	H011721C	
6810	تعویض رابط ساپورت راست Electro Motor	H011731C	
6811	تعویض رابط ساپورت چپ Electro Motor 	H011741C	
6812	تعویض ساپورت نگهدارنده سقف کمپرسور	H011751C	
6813	تعویض پایه فن 	H011761C	
6814	تعویض پایه خرک 	H011771C	
6815	تعویض صفحه نگهدارنده قاب فن	H011781C	
6816	تعویض صفحه روی خرک 	H011791C	
6817	تعویض قاب رادیاتور 	H011801C	
6818	تعویض قاب تسمه 	H011811C	
6819	تعویض قاب کناری   Electro Motor	H011821C	
6820	تعویض قاب کناری تابلو برق 	H011831C	
6821	تعویض قاب ورودی هوا 	H011841C	
6822	تعویض قاب صداگیر 	H011851C	
6823	تعویض نگهدارنده مخزن 	H011861C	
6824	دمونتاژ ایراند	H021011C	
6825	مونتاژ ایراند	H021021C	
6826	دمونتاژ آنلودر	H021031C	
6827	مونتاژ آنلودر	H021041C	
6828	تعویض فیلتر هوا	H021051C	
6829	تعویض فیلتر روغن	H021061C	
6830	تعویض فیلتر سپراتور 	H021071C	
6831	تعویض روغن	H021081C	
6832	تعویض کیت اویل استاپ ولو	H021091C	
6833	تعویض ترموستاتیک ولو	H021101C	
6834	تعویض کیت مینیمم پرشرولو	H021111C	
6835	تعویض کیت آنلودر	H021121C	
6836	تعویض تسمه ها	H021131C	
6837	دمونتاژ الکتروموتور	H021141C	
6838	مونتاژ الکتروموتور	H021151C	
6839	تعویض پولی ایراند	H021161C	
6840	تعویض پولی الکتروموتور	H021171C	
6841	دمونتاژ مینیمم پرشرولو	H021181C	
6842	مونتاژ مینیمم پرشرولو	H021191C	
6843	تعویض سوپاپ اطمینان	H021201C	
6844	مونتاژ رادیاتور	H021211C	
6845	دمونتاژ رادیاتور	H021221C	
6846	مونتاژ شاسی متحرک	H021231C	
6847	دمونتاژ شاسی متحرک	H021241C	
6848	مونتاژ/تعویض فن خنک کننده	H021251C	
6849	دمونتاژ فن خنک کننده	H021261C	
6850	تعویض کنتاکتور	H021271C	
6851	تعویض بی متال	H021281C	
6852	تعویض کنترل فاز	H021291C	
6853	تعویض کلید حرارتی	H021301C	
6854	تعویض کلید ON-Off	H021311C	
6855	تعویض emergency stop	H021321C	
6856	تعویض برد کنترلی	H021331C	
6857	تعویض سنسور دما	H021341C	
6858	نعویض سنسور فشار	H021351C	
6859	تعویض شیر یکطرفه ساکشن	H021361C	
6860	تنظیم لوله ساکشن	H021371C	
6861	تعویض شلنگ هوا-روغن	H021381C	
6862	تعویض شلنگ از مینیمم به رادیاتور	H021391C	
6863	تعویض شلنگ از مخزن سپراتور به پایه فیلتر	H021401C	
6864	تعویض شلنگ از پایه فیلتر به ایراند	H021411C	
6865	تعویض شلنگ - لوله از پایه فیلتر به رادیاتور(رفت)	H021421C	
6866	تعویض شلنگ - لوله از پایه فیلتر به رادیاتور(برگشت)	H021431C	
6867	تعویض شلنگ های پنوماتیک 	H021441C	
6868	شستشوی رادیاتور	H021451C	
6869	شستشوی کمپرسور	H021461C	
6870	تعویض فوم ها و غبارگیر	H021471C	
6871	تعویض قفل کابینت(هرعدد)	H021481C	
6872	تعویض کابل قدرت 	H021491C	
6873	تعویض بلبرینگ های الکتروموتور	H021501C	
6874	تعویض بلبرینگ های الکتروموتور فن	H021511C	
6875	تعویض پروانه فن	H021521C	
6876	تعویض توری غبارگیر	H021531C	
6877	تعویض sight glass	H021541C	
6878	شستشوی مخزن سپراتور	H021551C	
6879	تعویض شلنگ تخلیه روغن	H021561C	
6880	تعویض شیر تخلیه روغن مخزن سپراتور	H021571C	
6881	تعویض لرزه گیر	H021581C	
6882	تنظیم پولی ها	H021591C	
6883	TEST RUN	H021601C	
6884	تعویض گیج مخزن سپراتور	H021611C	
6885	زنگ زدایی، لکه گیری و نقاشی	H021621C	
6886	تعویض چک ولو زیر ایراند	H021631C	
6887	تعویض واشر آببندی آنلودر	H021641C	
6888	تعویض واشر آببندی چک ولو زیر ایراند	H021651C	
6889	تعویض کابینت تابلو برق 	H021661C	
6890	تعویض درب تابلو برق  	H021671C	
6891	تعویض صفحه بالائی تابلو برق 	H021681C	
6892	تعویض صفحه پایینی تابلو برق 	H021691C	
6893	تعویض درب کابینت هر کدام	H021701C	
6894	تعویض پنل کابینت هر کدام	H021711C	
6895	تعویض ساپورت زیر  Electro Motor  هوایاری	H021721C	
6896	تعویض رابط ساپورت راست Electro Motor	H021731C	
6897	تعویض رابط ساپورت چپ Electro Motor 	H021741C	
6898	تعویض ساپورت نگهدارنده سقف کمپرسور	H021751C	
6899	تعویض پایه فن 	H021761C	
6900	تعویض پایه خرک 	H021771C	
6901	تعویض صفحه نگهدارنده قاب فن	H021781C	
6902	تعویض صفحه روی خرک 	H021791C	
6903	تعویض قاب رادیاتور 	H021801C	
6904	تعویض قاب تسمه 	H021811C	
6905	تعویض قاب کناری   Electro Motor	H021821C	
6906	تعویض قاب کناری تابلو برق 	H021831C	
6907	تعویض قاب ورودی هوا 	H021841C	
6908	تعویض قاب صداگیر 	H021851C	
6909	تعویض نگهدارنده مخزن 	H021861C	
6910	دمونتاژ ایراند	H031011C	
6911	مونتاژ ایراند	H031021C	
6912	دمونتاژ آنلودر	H031031C	
6913	مونتاژ آنلودر	H031041C	
6914	تعویض فیلتر هوا	H031051C	
6915	تعویض فیلتر روغن	H031061C	
6916	تعویض فیلتر سپراتور 	H031071C	
6917	تعویض روغن	H031081C	
6918	تعویض کیت اویل استاپ ولو	H031091C	
6919	تعویض ترموستاتیک ولو	H031101C	
6920	تعویض کیت مینیمم پرشرولو	H031111C	
6921	تعویض کیت آنلودر	H031121C	
6922	تعویض تسمه ها	H031131C	
6923	دمونتاژ الکتروموتور	H031141C	
6924	مونتاژ الکتروموتور	H031151C	
6925	تعویض پولی ایراند	H031161C	
6926	تعویض پولی الکتروموتور	H031171C	
6927	دمونتاژ مینیمم پرشرولو	H031181C	
6928	مونتاژ مینیمم پرشرولو	H031191C	
6929	تعویض سوپاپ اطمینان	H031201C	
6930	مونتاژ رادیاتور	H031211C	
6931	دمونتاژ رادیاتور	H031221C	
6932	مونتاژ شاسی متحرک	H031231C	
6933	دمونتاژ شاسی متحرک	H031241C	
6934	مونتاژ/تعویض فن خنک کننده	H031251C	
6935	دمونتاژ فن خنک کننده	H031261C	
6936	تعویض کنتاکتور	H031271C	
6937	تعویض بی متال	H031281C	
6938	تعویض کنترل فاز	H031291C	
6939	تعویض کلید حرارتی	H031301C	
6940	تعویض کلید ON-Off	H031311C	
6941	تعویض emergency stop	H031321C	
6942	تعویض برد کنترلی	H031331C	
6943	تعویض سنسور دما	H031341C	
6944	نعویض سنسور فشار	H031351C	
6945	تعویض شیر یکطرفه ساکشن	H031361C	
6946	تنظیم لوله ساکشن	H031371C	
6947	تعویض شلنگ هوا-روغن	H031381C	
6948	تعویض شلنگ از مینیمم به رادیاتور	H031391C	
6949	تعویض شلنگ از مخزن سپراتور به پایه فیلتر	H031401C	
6950	تعویض شلنگ از پایه فیلتر به ایراند	H031411C	
6951	تعویض شلنگ - لوله از پایه فیلتر به رادیاتور(رفت)	H031421C	
6952	تعویض شلنگ - لوله از پایه فیلتر به رادیاتور(برگشت)	H031431C	
6953	تعویض شلنگ های پنوماتیک 	H031441C	
6954	شستشوی رادیاتور	H031451C	
6955	شستشوی کمپرسور	H031461C	
6956	تعویض فوم ها و غبارگیر	H031471C	
6957	تعویض قفل کابینت(هرعدد)	H031481C	
6958	تعویض کابل قدرت 	H031491C	
6959	تعویض بلبرینگ های الکتروموتور	H031501C	
6960	تعویض بلبرینگ های الکتروموتور فن	H031511C	
6961	تعویض پروانه فن	H031521C	
6962	تعویض توری غبارگیر	H031531C	
6963	تعویض sight glass	H031541C	
6964	شستشوی مخزن سپراتور	H031551C	
6965	تعویض شلنگ تخلیه روغن	H031561C	
6966	تعویض شیر تخلیه روغن مخزن سپراتور	H031571C	
6967	تعویض لرزه گیر	H031581C	
6968	تنظیم پولی ها	H031591C	
6969	TEST RUN	H031601C	
6970	تعویض گیج مخزن سپراتور	H031611C	
6971	زنگ زدایی، لکه گیری و نقاشی	H031621C	
6972	تعویض چک ولو زیر ایراند	H031631C	
6973	تعویض واشر آببندی آنلودر	H031641C	
6974	تعویض واشر آببندی چک ولو زیر ایراند	H031651C	
6975	تعویض کابینت تابلو برق 	H031661C	
6976	تعویض درب تابلو برق  	H031671C	
6977	تعویض صفحه بالائی تابلو برق 	H031681C	
6978	تعویض صفحه پایینی تابلو برق 	H031691C	
6979	تعویض درب کابینت هر کدام	H031701C	
6980	تعویض پنل کابینت هر کدام	H031711C	
6981	تعویض ساپورت زیر  Electro Motor  هوایاری	H031721C	
6982	تعویض رابط ساپورت راست Electro Motor	H031731C	
6983	تعویض رابط ساپورت چپ Electro Motor 	H031741C	
6984	تعویض ساپورت نگهدارنده سقف کمپرسور	H031751C	
6985	تعویض پایه فن 	H031761C	
6986	تعویض پایه خرک 	H031771C	
6987	تعویض صفحه نگهدارنده قاب فن	H031781C	
6988	تعویض صفحه روی خرک 	H031791C	
6989	تعویض قاب رادیاتور 	H031801C	
6990	تعویض قاب تسمه 	H031811C	
6991	تعویض قاب کناری   Electro Motor	H031821C	
6992	تعویض قاب کناری تابلو برق 	H031831C	
6993	تعویض قاب ورودی هوا 	H031841C	
6994	تعویض قاب صداگیر 	H031851C	
6995	تعویض نگهدارنده مخزن 	H031861C	
6996	دمونتاژ ایراند	H041011C	
6997	مونتاژ ایراند	H041021C	
6998	دمونتاژ آنلودر	H041031C	
6999	مونتاژ آنلودر	H041041C	
7000	تعویض فیلتر هوا	H041051C	
7001	تعویض فیلتر روغن	H041061C	
7002	تعویض فیلتر سپراتور 	H041071C	
7003	تعویض روغن	H041081C	
7004	تعویض کیت اویل استاپ ولو	H041091C	
7005	تعویض ترموستاتیک ولو	H041101C	
7006	تعویض کیت مینیمم پرشرولو	H041111C	
7007	تعویض کیت آنلودر	H041121C	
7008	تعویض تسمه ها	H041131C	
7009	دمونتاژ الکتروموتور	H041141C	
7010	مونتاژ الکتروموتور	H041151C	
7011	تعویض پولی ایراند	H041161C	
7012	تعویض پولی الکتروموتور	H041171C	
7013	دمونتاژ مینیمم پرشرولو	H041181C	
7014	مونتاژ مینیمم پرشرولو	H041191C	
7015	تعویض سوپاپ اطمینان	H041201C	
7016	مونتاژ رادیاتور	H041211C	
7017	دمونتاژ رادیاتور	H041221C	
7018	مونتاژ شاسی متحرک	H041231C	
7019	دمونتاژ شاسی متحرک	H041241C	
7020	مونتاژ/تعویض فن خنک کننده	H041251C	
7021	دمونتاژ فن خنک کننده	H041261C	
7022	تعویض کنتاکتور	H041271C	
7023	تعویض بی متال	H041281C	
7024	تعویض کنترل فاز	H041291C	
7025	تعویض کلید حرارتی	H041301C	
7026	تعویض کلید ON-Off	H041311C	
7027	تعویض emergency stop	H041321C	
7028	تعویض برد کنترلی	H041331C	
7029	تعویض سنسور دما	H041341C	
7030	نعویض سنسور فشار	H041351C	
7031	تعویض شیر یکطرفه ساکشن	H041361C	
7032	تنظیم لوله ساکشن	H041371C	
7033	تعویض شلنگ هوا-روغن	H041381C	
7034	تعویض شلنگ از مینیمم به رادیاتور	H041391C	
7035	تعویض شلنگ از مخزن سپراتور به پایه فیلتر	H041401C	
7036	تعویض شلنگ از پایه فیلتر به ایراند	H041411C	
7037	تعویض شلنگ - لوله از پایه فیلتر به رادیاتور(رفت)	H041421C	
7038	تعویض شلنگ - لوله از پایه فیلتر به رادیاتور(برگشت)	H041431C	
7039	تعویض شلنگ های پنوماتیک 	H041441C	
7040	شستشوی رادیاتور	H041451C	
7041	شستشوی کمپرسور	H041461C	
7042	تعویض فوم ها و غبارگیر	H041471C	
7043	تعویض قفل کابینت(هرعدد)	H041481C	
7044	تعویض کابل قدرت 	H041491C	
7045	تعویض بلبرینگ های الکتروموتور	H041501C	
7046	تعویض بلبرینگ های الکتروموتور فن	H041511C	
7047	تعویض پروانه فن	H041521C	
7048	تعویض توری غبارگیر	H041531C	
7049	تعویض sight glass	H041541C	
7050	شستشوی مخزن سپراتور	H041551C	
7051	تعویض شلنگ تخلیه روغن	H041561C	
7052	تعویض شیر تخلیه روغن مخزن سپراتور	H041571C	
7053	تعویض لرزه گیر	H041581C	
7054	تنظیم پولی ها	H041591C	
7055	TEST RUN	H041601C	
7056	تعویض گیج مخزن سپراتور	H041611C	
7057	زنگ زدایی، لکه گیری و نقاشی	H041621C	
7058	تعویض چک ولو زیر ایراند	H041631C	
7059	تعویض واشر آببندی آنلودر	H041641C	
7060	تعویض واشر آببندی چک ولو زیر ایراند	H041651C	
7061	تعویض کابینت تابلو برق 	H041661C	
7062	تعویض درب تابلو برق  	H041671C	
7063	تعویض صفحه بالائی تابلو برق 	H041681C	
7064	تعویض صفحه پایینی تابلو برق 	H041691C	
7065	تعویض درب کابینت هر کدام	H041701C	
7066	تعویض پنل کابینت هر کدام	H041711C	
7067	تعویض ساپورت زیر  Electro Motor  هوایاری	H041721C	
7068	تعویض رابط ساپورت راست Electro Motor	H041731C	
7069	تعویض رابط ساپورت چپ Electro Motor 	H041741C	
7070	تعویض ساپورت نگهدارنده سقف کمپرسور	H041751C	
7071	تعویض پایه فن 	H041761C	
7072	تعویض پایه خرک 	H041771C	
7073	تعویض صفحه نگهدارنده قاب فن	H041781C	
7074	تعویض صفحه روی خرک 	H041791C	
7075	تعویض قاب رادیاتور 	H041801C	
7076	تعویض قاب تسمه 	H041811C	
7077	تعویض قاب کناری   Electro Motor	H041821C	
7078	تعویض قاب کناری تابلو برق 	H041831C	
7079	تعویض قاب ورودی هوا 	H041841C	
7080	تعویض قاب صداگیر 	H041851C	
7081	تعویض نگهدارنده مخزن 	H041861C	
7082	دمونتاژ ایراند	H051011C	
7083	مونتاژ ایراند	H051021C	
7084	دمونتاژ آنلودر	H051031C	
7085	مونتاژ آنلودر	H051041C	
7086	تعویض فیلتر هوا	H051051C	
7087	تعویض فیلتر روغن	H051061C	
7088	تعویض فیلتر سپراتور 	H051071C	
7089	تعویض روغن	H051081C	
7090	تعویض کیت اویل استاپ ولو	H051091C	
7091	تعویض ترموستاتیک ولو	H051101C	
7092	تعویض کیت مینیمم پرشرولو	H051111C	
7093	تعویض کیت آنلودر	H051121C	
7094	تعویض تسمه ها	H051131C	
7095	دمونتاژ الکتروموتور	H051141C	
7096	مونتاژ الکتروموتور	H051151C	
7097	تعویض پولی ایراند	H051161C	
7098	تعویض پولی الکتروموتور	H051171C	
7099	دمونتاژ مینیمم پرشرولو	H051181C	
7100	مونتاژ مینیمم پرشرولو	H051191C	
7101	تعویض سوپاپ اطمینان	H051201C	
7102	مونتاژ رادیاتور	H051211C	
7103	دمونتاژ رادیاتور	H051221C	
7104	مونتاژ شاسی متحرک	H051231C	
7105	دمونتاژ شاسی متحرک	H051241C	
7106	مونتاژ/تعویض فن خنک کننده	H051251C	
7107	دمونتاژ فن خنک کننده	H051261C	
7108	تعویض کنتاکتور	H051271C	
7109	تعویض بی متال	H051281C	
7110	تعویض کنترل فاز	H051291C	
7111	تعویض کلید حرارتی	H051301C	
7112	تعویض کلید ON-Off	H051311C	
7113	تعویض emergency stop	H051321C	
7114	تعویض برد کنترلی	H051331C	
7115	تعویض سنسور دما	H051341C	
7116	نعویض سنسور فشار	H051351C	
7117	تعویض شیر یکطرفه ساکشن	H051361C	
7118	تنظیم لوله ساکشن	H051371C	
7119	تعویض شلنگ هوا-روغن	H051381C	
7120	تعویض شلنگ از مینیمم به رادیاتور	H051391C	
7121	تعویض شلنگ از مخزن سپراتور به پایه فیلتر	H051401C	
7122	تعویض شلنگ از پایه فیلتر به ایراند	H051411C	
7123	تعویض شلنگ - لوله از پایه فیلتر به رادیاتور(رفت)	H051421C	
7124	تعویض شلنگ - لوله از پایه فیلتر به رادیاتور(برگشت)	H051431C	
7125	تعویض شلنگ های پنوماتیک 	H051441C	
7126	شستشوی رادیاتور	H051451C	
7127	شستشوی کمپرسور	H051461C	
7128	تعویض فوم ها و غبارگیر	H051471C	
7129	تعویض قفل کابینت(هرعدد)	H051481C	
7130	تعویض کابل قدرت 	H051491C	
7131	تعویض بلبرینگ های الکتروموتور	H051501C	
7132	تعویض بلبرینگ های الکتروموتور فن	H051511C	
7133	تعویض پروانه فن	H051521C	
7134	تعویض توری غبارگیر	H051531C	
7135	تعویض sight glass	H051541C	
7136	شستشوی مخزن سپراتور	H051551C	
7137	تعویض شلنگ تخلیه روغن	H051561C	
7138	تعویض شیر تخلیه روغن مخزن سپراتور	H051571C	
7139	تعویض لرزه گیر	H051581C	
7140	تنظیم پولی ها	H051591C	
7141	TEST RUN	H051601C	
7142	تعویض گیج مخزن سپراتور	H051611C	
7143	زنگ زدایی، لکه گیری و نقاشی	H051621C	
7144	تعویض چک ولو زیر ایراند	H051631C	
7145	تعویض واشر آببندی آنلودر	H051641C	
7146	تعویض واشر آببندی چک ولو زیر ایراند	H051651C	
7147	تعویض کابینت تابلو برق 	H051661C	
7148	تعویض درب تابلو برق  	H051671C	
7149	تعویض صفحه بالائی تابلو برق 	H051681C	
7150	تعویض صفحه پایینی تابلو برق 	H051691C	
7151	تعویض درب کابینت هر کدام	H051701C	
7152	تعویض پنل کابینت هر کدام	H051711C	
7153	تعویض ساپورت زیر  Electro Motor  هوایاری	H051721C	
7154	تعویض رابط ساپورت راست Electro Motor	H051731C	
7155	تعویض رابط ساپورت چپ Electro Motor 	H051741C	
7156	تعویض ساپورت نگهدارنده سقف کمپرسور	H051751C	
7157	تعویض پایه فن 	H051761C	
7158	تعویض پایه خرک 	H051771C	
7159	تعویض صفحه نگهدارنده قاب فن	H051781C	
7160	تعویض صفحه روی خرک 	H051791C	
7161	تعویض قاب رادیاتور 	H051801C	
7162	تعویض قاب تسمه 	H051811C	
7163	تعویض قاب کناری   Electro Motor	H051821C	
7164	تعویض قاب کناری تابلو برق 	H051831C	
7165	تعویض قاب ورودی هوا 	H051841C	
7166	تعویض قاب صداگیر 	H051851C	
7167	تعویض نگهدارنده مخزن 	H051861C	
7168	دمونتاژ ایراند	H061011C	
7169	مونتاژ ایراند	H061021C	
7170	دمونتاژ آنلودر	H061031C	
7171	مونتاژ آنلودر	H061041C	
7172	تعویض فیلتر هوا	H061051C	
7173	تعویض فیلتر روغن	H061061C	
7174	تعویض فیلتر سپراتور 	H061071C	
7175	تعویض روغن	H061081C	
7176	تعویض کیت اویل استاپ ولو	H061091C	
7177	تعویض ترموستاتیک ولو	H061101C	
7178	تعویض کیت مینیمم پرشرولو	H061111C	
7179	تعویض کیت آنلودر	H061121C	
7180	تعویض تسمه ها	H061131C	
7181	دمونتاژ الکتروموتور	H061141C	
7182	مونتاژ الکتروموتور	H061151C	
7183	تعویض پولی ایراند	H061161C	
7184	تعویض پولی الکتروموتور	H061171C	
7185	دمونتاژ مینیمم پرشرولو	H061181C	
7186	مونتاژ مینیمم پرشرولو	H061191C	
7187	تعویض سوپاپ اطمینان	H061201C	
7188	مونتاژ رادیاتور	H061211C	
7189	دمونتاژ رادیاتور	H061221C	
7190	مونتاژ شاسی متحرک	H061231C	
7191	دمونتاژ شاسی متحرک	H061241C	
7192	مونتاژ/تعویض فن خنک کننده	H061251C	
7193	دمونتاژ فن خنک کننده	H061261C	
7194	تعویض کنتاکتور	H061271C	
7195	تعویض بی متال	H061281C	
7196	تعویض کنترل فاز	H061291C	
7197	تعویض کلید حرارتی	H061301C	
7198	تعویض کلید ON-Off	H061311C	
7199	تعویض emergency stop	H061321C	
7200	تعویض برد کنترلی	H061331C	
7201	تعویض سنسور دما	H061341C	
7202	نعویض سنسور فشار	H061351C	
7203	تعویض شیر یکطرفه ساکشن	H061361C	
7204	تنظیم لوله ساکشن	H061371C	
7205	تعویض شلنگ هوا-روغن	H061381C	
7206	تعویض شلنگ از مینیمم به رادیاتور	H061391C	
7207	تعویض شلنگ از مخزن سپراتور به پایه فیلتر	H061401C	
7208	تعویض شلنگ از پایه فیلتر به ایراند	H061411C	
7209	تعویض شلنگ - لوله از پایه فیلتر به رادیاتور(رفت)	H061421C	
7210	تعویض شلنگ - لوله از پایه فیلتر به رادیاتور(برگشت)	H061431C	
7211	تعویض شلنگ های پنوماتیک 	H061441C	
7212	شستشوی رادیاتور	H061451C	
7213	شستشوی کمپرسور	H061461C	
7214	تعویض فوم ها و غبارگیر	H061471C	
7215	تعویض قفل کابینت(هرعدد)	H061481C	
7216	تعویض کابل قدرت 	H061491C	
7217	تعویض بلبرینگ های الکتروموتور	H061501C	
7218	تعویض بلبرینگ های الکتروموتور فن	H061511C	
7219	تعویض پروانه فن	H061521C	
7220	تعویض توری غبارگیر	H061531C	
7221	تعویض sight glass	H061541C	
7222	شستشوی مخزن سپراتور	H061551C	
7223	تعویض شلنگ تخلیه روغن	H061561C	
7224	تعویض شیر تخلیه روغن مخزن سپراتور	H061571C	
7225	تعویض لرزه گیر	H061581C	
7226	تنظیم پولی ها	H061591C	
7227	TEST RUN	H061601C	
7228	تعویض گیج مخزن سپراتور	H061611C	
7229	زنگ زدایی، لکه گیری و نقاشی	H061621C	
7230	تعویض چک ولو زیر ایراند	H061631C	
7231	تعویض واشر آببندی آنلودر	H061641C	
7232	تعویض واشر آببندی چک ولو زیر ایراند	H061651C	
7233	تعویض کابینت تابلو برق 	H061661C	
7234	تعویض درب تابلو برق  	H061671C	
7235	تعویض صفحه بالائی تابلو برق 	H061681C	
7236	تعویض صفحه پایینی تابلو برق 	H061691C	
7237	تعویض درب کابینت هر کدام	H061701C	
7238	تعویض پنل کابینت هر کدام	H061711C	
7239	تعویض ساپورت زیر  Electro Motor  هوایاری	H061721C	
7240	تعویض رابط ساپورت راست Electro Motor	H061731C	
7241	تعویض رابط ساپورت چپ Electro Motor 	H061741C	
7242	تعویض ساپورت نگهدارنده سقف کمپرسور	H061751C	
7243	تعویض پایه فن 	H061761C	
7244	تعویض پایه خرک 	H061771C	
7245	تعویض صفحه نگهدارنده قاب فن	H061781C	
7246	تعویض صفحه روی خرک 	H061791C	
7247	تعویض قاب رادیاتور 	H061801C	
7248	تعویض قاب تسمه 	H061811C	
7249	تعویض قاب کناری   Electro Motor	H061821C	
7250	تعویض قاب کناری تابلو برق 	H061831C	
7251	تعویض قاب ورودی هوا 	H061841C	
7252	تعویض قاب صداگیر 	H061851C	
7253	تعویض نگهدارنده مخزن 	H061861C	
7254	دمونتاژ ایراند	H071011C	
7255	مونتاژ ایراند	H071021C	
7256	دمونتاژ آنلودر	H071031C	
7257	مونتاژ آنلودر	H071041C	
7258	تعویض فیلتر هوا	H071051C	
7259	تعویض فیلتر روغن	H071061C	
7260	تعویض فیلتر سپراتور 	H071071C	
7261	تعویض روغن	H071081C	
7262	تعویض کیت اویل استاپ ولو	H071091C	
7263	تعویض ترموستاتیک ولو	H071101C	
7264	تعویض کیت مینیمم پرشرولو	H071111C	
7265	تعویض کیت آنلودر	H071121C	
7266	تعویض تسمه ها	H071131C	
7267	دمونتاژ الکتروموتور	H071141C	
7268	مونتاژ الکتروموتور	H071151C	
7269	تعویض پولی ایراند	H071161C	
7270	تعویض پولی الکتروموتور	H071171C	
7271	دمونتاژ مینیمم پرشرولو	H071181C	
7272	مونتاژ مینیمم پرشرولو	H071191C	
7273	تعویض سوپاپ اطمینان	H071201C	
7274	مونتاژ رادیاتور	H071211C	
7275	دمونتاژ رادیاتور	H071221C	
7276	مونتاژ شاسی متحرک	H071231C	
7277	دمونتاژ شاسی متحرک	H071241C	
7278	مونتاژ/تعویض فن خنک کننده	H071251C	
7279	دمونتاژ فن خنک کننده	H071261C	
7280	تعویض کنتاکتور	H071271C	
7281	تعویض بی متال	H071281C	
7282	تعویض کنترل فاز	H071291C	
7283	تعویض کلید حرارتی	H071301C	
7284	تعویض کلید ON-Off	H071311C	
7285	تعویض emergency stop	H071321C	
7286	تعویض برد کنترلی	H071331C	
7287	تعویض سنسور دما	H071341C	
7288	نعویض سنسور فشار	H071351C	
7289	تعویض شیر یکطرفه ساکشن	H071361C	
7290	تنظیم لوله ساکشن	H071371C	
7291	تعویض شلنگ هوا-روغن	H071381C	
7292	تعویض شلنگ از مینیمم به رادیاتور	H071391C	
7293	تعویض شلنگ از مخزن سپراتور به پایه فیلتر	H071401C	
7294	تعویض شلنگ از پایه فیلتر به ایراند	H071411C	
7295	تعویض شلنگ - لوله از پایه فیلتر به رادیاتور(رفت)	H071421C	
7296	تعویض شلنگ - لوله از پایه فیلتر به رادیاتور(برگشت)	H071431C	
7297	تعویض شلنگ های پنوماتیک 	H071441C	
7298	شستشوی رادیاتور	H071451C	
7299	شستشوی کمپرسور	H071461C	
7300	تعویض فوم ها و غبارگیر	H071471C	
7301	تعویض قفل کابینت(هرعدد)	H071481C	
7302	تعویض کابل قدرت 	H071491C	
7303	تعویض بلبرینگ های الکتروموتور	H071501C	
7304	تعویض بلبرینگ های الکتروموتور فن	H071511C	
7305	تعویض پروانه فن	H071521C	
7306	تعویض توری غبارگیر	H071531C	
7307	تعویض sight glass	H071541C	
7308	شستشوی مخزن سپراتور	H071551C	
7309	تعویض شلنگ تخلیه روغن	H071561C	
7310	تعویض شیر تخلیه روغن مخزن سپراتور	H071571C	
7311	تعویض لرزه گیر	H071581C	
7312	تنظیم پولی ها	H071591C	
7313	TEST RUN	H071601C	
7314	تعویض گیج مخزن سپراتور	H071611C	
7315	زنگ زدایی، لکه گیری و نقاشی	H071621C	
7316	تعویض چک ولو زیر ایراند	H071631C	
7317	تعویض واشر آببندی آنلودر	H071641C	
7318	تعویض واشر آببندی چک ولو زیر ایراند	H071651C	
7319	تعویض کابینت تابلو برق 	H071661C	
7320	تعویض درب تابلو برق  	H071671C	
7321	تعویض صفحه بالائی تابلو برق 	H071681C	
7322	تعویض صفحه پایینی تابلو برق 	H071691C	
7323	تعویض درب کابینت هر کدام	H071701C	
7324	تعویض پنل کابینت هر کدام	H071711C	
7325	تعویض ساپورت زیر  Electro Motor  هوایاری	H071721C	
7326	تعویض رابط ساپورت راست Electro Motor	H071731C	
7327	تعویض رابط ساپورت چپ Electro Motor 	H071741C	
7328	تعویض ساپورت نگهدارنده سقف کمپرسور	H071751C	
7329	تعویض پایه فن 	H071761C	
7330	تعویض پایه خرک 	H071771C	
7331	تعویض صفحه نگهدارنده قاب فن	H071781C	
7332	تعویض صفحه روی خرک 	H071791C	
7333	تعویض قاب رادیاتور 	H071801C	
7334	تعویض قاب تسمه 	H071811C	
7335	تعویض قاب کناری   Electro Motor	H071821C	
7336	تعویض قاب کناری تابلو برق 	H071831C	
7337	تعویض قاب ورودی هوا 	H071841C	
7338	تعویض قاب صداگیر 	H071851C	
7339	تعویض نگهدارنده مخزن 	H071861C	
7340	دمونتاژ ایراند	H081011C	
7341	مونتاژ ایراند	H081021C	
7342	دمونتاژ آنلودر	H081031C	
7343	مونتاژ آنلودر	H081041C	
7344	تعویض فیلتر هوا	H081051C	
7345	تعویض فیلتر روغن	H081061C	
7346	تعویض فیلتر سپراتور 	H081071C	
7347	تعویض روغن	H081081C	
7348	تعویض کیت اویل استاپ ولو	H081091C	
7349	تعویض ترموستاتیک ولو	H081101C	
7350	تعویض کیت مینیمم پرشرولو	H081111C	
7351	تعویض کیت آنلودر	H081121C	
7352	تعویض تسمه ها	H081131C	
7353	دمونتاژ الکتروموتور	H081141C	
7354	مونتاژ الکتروموتور	H081151C	
7355	تعویض پولی ایراند	H081161C	
7356	تعویض پولی الکتروموتور	H081171C	
7357	دمونتاژ مینیمم پرشرولو	H081181C	
7358	مونتاژ مینیمم پرشرولو	H081191C	
7359	تعویض سوپاپ اطمینان	H081201C	
7360	مونتاژ رادیاتور	H081211C	
7361	دمونتاژ رادیاتور	H081221C	
7362	مونتاژ شاسی متحرک	H081231C	
7363	دمونتاژ شاسی متحرک	H081241C	
7364	مونتاژ/تعویض فن خنک کننده	H081251C	
7365	دمونتاژ فن خنک کننده	H081261C	
7366	تعویض کنتاکتور	H081271C	
7367	تعویض بی متال	H081281C	
7368	تعویض کنترل فاز	H081291C	
7369	تعویض کلید حرارتی	H081301C	
7370	تعویض کلید ON-Off	H081311C	
7371	تعویض emergency stop	H081321C	
7372	تعویض برد کنترلی	H081331C	
7373	تعویض سنسور دما	H081341C	
7374	نعویض سنسور فشار	H081351C	
7375	تعویض شیر یکطرفه ساکشن	H081361C	
7376	تنظیم لوله ساکشن	H081371C	
7377	تعویض شلنگ هوا-روغن	H081381C	
7378	تعویض شلنگ از مینیمم به رادیاتور	H081391C	
7379	تعویض شلنگ از مخزن سپراتور به پایه فیلتر	H081401C	
7380	تعویض شلنگ از پایه فیلتر به ایراند	H081411C	
7381	تعویض شلنگ - لوله از پایه فیلتر به رادیاتور(رفت)	H081421C	
7382	تعویض شلنگ - لوله از پایه فیلتر به رادیاتور(برگشت)	H081431C	
7383	تعویض شلنگ های پنوماتیک 	H081441C	
7384	شستشوی رادیاتور	H081451C	
7385	شستشوی کمپرسور	H081461C	
7386	تعویض فوم ها و غبارگیر	H081471C	
7387	تعویض قفل کابینت(هرعدد)	H081481C	
7388	تعویض کابل قدرت 	H081491C	
7389	تعویض بلبرینگ های الکتروموتور	H081501C	
7390	تعویض بلبرینگ های الکتروموتور فن	H081511C	
7391	تعویض پروانه فن	H081521C	
7392	تعویض توری غبارگیر	H081531C	
7393	تعویض sight glass	H081541C	
7394	شستشوی مخزن سپراتور	H081551C	
7395	تعویض شلنگ تخلیه روغن	H081561C	
7396	تعویض شیر تخلیه روغن مخزن سپراتور	H081571C	
7397	تعویض لرزه گیر	H081581C	
7398	تنظیم پولی ها	H081591C	
7399	TEST RUN	H081601C	
7400	تعویض گیج مخزن سپراتور	H081611C	
7401	زنگ زدایی، لکه گیری و نقاشی	H081621C	
7402	تعویض چک ولو زیر ایراند	H081631C	
7403	تعویض واشر آببندی آنلودر	H081641C	
7404	تعویض واشر آببندی چک ولو زیر ایراند	H081651C	
7405	تعویض کابینت تابلو برق 	H081661C	
7406	تعویض درب تابلو برق  	H081671C	
7407	تعویض صفحه بالائی تابلو برق 	H081681C	
7408	تعویض صفحه پایینی تابلو برق 	H081691C	
7409	تعویض درب کابینت هر کدام	H081701C	
7410	تعویض پنل کابینت هر کدام	H081711C	
7411	تعویض ساپورت زیر  Electro Motor  هوایاری	H081721C	
7412	تعویض رابط ساپورت راست Electro Motor	H081731C	
7413	تعویض رابط ساپورت چپ Electro Motor 	H081741C	
7414	تعویض ساپورت نگهدارنده سقف کمپرسور	H081751C	
7415	تعویض پایه فن 	H081761C	
7416	تعویض پایه خرک 	H081771C	
7417	تعویض صفحه نگهدارنده قاب فن	H081781C	
7418	تعویض صفحه روی خرک 	H081791C	
7419	تعویض قاب رادیاتور 	H081801C	
7420	تعویض قاب تسمه 	H081811C	
7421	تعویض قاب کناری   Electro Motor	H081821C	
7422	تعویض قاب کناری تابلو برق 	H081831C	
7423	تعویض قاب ورودی هوا 	H081841C	
7424	تعویض قاب صداگیر 	H081851C	
7425	تعویض نگهدارنده مخزن 	H081861C	
7426	دمونتاژ ایراند	H101011C	
7427	مونتاژ ایراند	H101021C	
7428	دمونتاژ آنلودر	H101031C	
7429	مونتاژ آنلودر	H101041C	
7430	تعویض فیلتر هوا	H101051C	
7431	تعویض فیلتر روغن	H101061C	
7432	تعویض فیلتر سپراتور 	H101071C	
7433	تعویض روغن	H101081C	
7434	تعویض کیت اویل استاپ ولو	H101091C	
7435	تعویض ترموستاتیک ولو	H101101C	
7436	تعویض کیت مینیمم پرشرولو	H101111C	
7437	تعویض کیت آنلودر	H101121C	
7438	تعویض تسمه ها	H101131C	
7439	دمونتاژ الکتروموتور	H101141C	
7440	مونتاژ الکتروموتور	H101151C	
7441	تعویض پولی ایراند	H101161C	
7442	تعویض پولی الکتروموتور	H101171C	
7443	دمونتاژ مینیمم پرشرولو	H101181C	
7444	مونتاژ مینیمم پرشرولو	H101191C	
7445	تعویض سوپاپ اطمینان	H101201C	
7446	مونتاژ رادیاتور	H101211C	
7447	دمونتاژ رادیاتور	H101221C	
7448	مونتاژ شاسی متحرک	H101231C	
7449	دمونتاژ شاسی متحرک	H101241C	
7450	مونتاژ/تعویض فن خنک کننده	H101251C	
7451	دمونتاژ فن خنک کننده	H101261C	
7452	تعویض کنتاکتور	H101271C	
7453	تعویض بی متال	H101281C	
7454	تعویض کنترل فاز	H101291C	
7455	تعویض کلید حرارتی	H101301C	
7456	تعویض کلید ON-Off	H101311C	
7457	تعویض emergency stop	H101321C	
7458	تعویض برد کنترلی	H101331C	
7459	تعویض سنسور دما	H101341C	
7460	نعویض سنسور فشار	H101351C	
7461	تعویض شیر یکطرفه ساکشن	H101361C	
7462	تنظیم لوله ساکشن	H101371C	
7463	تعویض شلنگ هوا-روغن	H101381C	
7464	تعویض شلنگ از مینیمم به رادیاتور	H101391C	
7465	تعویض شلنگ از مخزن سپراتور به پایه فیلتر	H101401C	
7466	تعویض شلنگ از پایه فیلتر به ایراند	H101411C	
7467	تعویض شلنگ - لوله از پایه فیلتر به رادیاتور(رفت)	H101421C	
7468	تعویض شلنگ - لوله از پایه فیلتر به رادیاتور(برگشت)	H101431C	
7469	تعویض شلنگ های پنوماتیک 	H101441C	
7470	شستشوی رادیاتور	H101451C	
7471	شستشوی کمپرسور	H101461C	
7472	تعویض فوم ها و غبارگیر	H101471C	
7473	تعویض قفل کابینت(هرعدد)	H101481C	
7474	تعویض کابل قدرت 	H101491C	
7475	تعویض بلبرینگ های الکتروموتور	H101501C	
7476	تعویض بلبرینگ های الکتروموتور فن	H101511C	
7477	تعویض پروانه فن	H101521C	
7478	تعویض توری غبارگیر	H101531C	
7479	تعویض sight glass	H101541C	
7480	شستشوی مخزن سپراتور	H101551C	
7481	تعویض شلنگ تخلیه روغن	H101561C	
7482	تعویض شیر تخلیه روغن مخزن سپراتور	H101571C	
7483	تعویض لرزه گیر	H101581C	
7484	تنظیم پولی ها	H101591C	
7485	TEST RUN	H101601C	
7486	تعویض گیج مخزن سپراتور	H101611C	
7487	زنگ زدایی، لکه گیری و نقاشی	H101621C	
7488	تعویض چک ولو زیر ایراند	H101631C	
7489	تعویض واشر آببندی آنلودر	H101641C	
7490	تعویض واشر آببندی چک ولو زیر ایراند	H101651C	
7491	تعویض کابینت تابلو برق 	H101661C	
7492	تعویض درب تابلو برق  	H101671C	
7493	تعویض صفحه بالائی تابلو برق 	H101681C	
7494	تعویض صفحه پایینی تابلو برق 	H101691C	
7495	تعویض درب کابینت هر کدام	H101701C	
7496	تعویض پنل کابینت هر کدام	H101711C	
7497	تعویض ساپورت زیر  Electro Motor  هوایاری	H101721C	
7498	تعویض رابط ساپورت راست Electro Motor	H101731C	
7499	تعویض رابط ساپورت چپ Electro Motor 	H101741C	
7500	تعویض ساپورت نگهدارنده سقف کمپرسور	H101751C	
7501	تعویض پایه فن 	H101761C	
7502	تعویض پایه خرک 	H101771C	
7503	تعویض صفحه نگهدارنده قاب فن	H101781C	
7504	تعویض صفحه روی خرک 	H101791C	
7505	تعویض قاب رادیاتور 	H101801C	
7506	تعویض قاب تسمه 	H101811C	
7507	تعویض قاب کناری   Electro Motor	H101821C	
7508	تعویض قاب کناری تابلو برق 	H101831C	
7509	تعویض قاب ورودی هوا 	H101841C	
7510	تعویض قاب صداگیر 	H101851C	
7511	تعویض نگهدارنده مخزن 	H101861C	
7512	تعویض کاسه نمد	H101871C	
7513	تعویض ستون هر کدام	H101881C	
7514	تعویض لولا	H101891C	
7515	دمونتاژ کوپلینگ	H101901C	
7516	مونتاژ کوپلینگ	H101911C	
7517	تعویض اکسپنشن جوینت هوا روغن	H101921C	
7518	تعویض اکسپنشن جوینت هوا 	H101931C	
7519	تعویض سنسور اختلاف فشار هر کدام	H101941C	
7520	تعویض سوییچ اختلاف فشار هر کدام	H101951C	
7521	تعویض لوله خروجی هوا	H101961C	
7522	دمونتاژ تله آبگیر	H101971C	
7523	مونتاژ تله آبگیر	H101981C	
7524	تعویض/ سرویس اتودرین	H101991C	
7525	دمونتاژ سینی کابل	H102001C	
7526	مونتاژ سینی کابل	H102011C	
7527	تعویض فن تابلو برق	H102021C	
7528	تعویض CT	H102031C	
7529	دمونتاژ گلدانی	H102041C	
7530	مونتاژ گلدانی	H102051C	
7531	تعویض کابینت برد	H102061C	
7532	تعویض سوپاپ اطمینان	H111201C	
7533	مونتاژ رادیاتور	H111211C	
7534	دمونتاژ رادیاتور	H111221C	
7535	مونتاژ شاسی متحرک	H111231C	
7536	دمونتاژ شاسی متحرک	H111241C	
7537	مونتاژ/تعویض فن خنک کننده	H111251C	
7538	دمونتاژ فن خنک کننده	H111261C	
7539	تعویض کنتاکتور	H111271C	
7540	تعویض بی متال	H111281C	
7541	تعویض کنترل فاز	H111291C	
7542	تعویض کلید حرارتی	H111301C	
7543	تعویض کلید ON-Off	H111311C	
7544	تعویض emergency stop	H111321C	
7545	تعویض برد کنترلی	H111331C	
7546	تعویض سنسور دما	H111341C	
7547	نعویض سنسور فشار	H111351C	
7548	تعویض شیر یکطرفه ساکشن	H111361C	
7549	تنظیم لوله ساکشن	H111371C	
7550	تعویض شلنگ هوا-روغن	H111381C	
7551	تعویض شلنگ از مینیمم به رادیاتور	H111391C	
7552	تعویض شلنگ از مخزن سپراتور به پایه فیلتر	H111401C	
7553	تعویض شلنگ از پایه فیلتر به ایراند	H111411C	
7554	تعویض شلنگ - لوله از پایه فیلتر به رادیاتور(رفت)	H111421C	
7555	تعویض شلنگ - لوله از پایه فیلتر به رادیاتور(برگشت)	H111431C	
7556	تعویض شلنگ های پنوماتیک 	H111441C	
7557	شستشوی رادیاتور	H111451C	
7558	شستشوی کمپرسور	H111461C	
7559	تعویض فوم ها و غبارگیر	H111471C	
7560	تعویض قفل کابینت(هرعدد)	H111481C	
7561	تعویض کابل قدرت 	H111491C	
7562	تعویض بلبرینگ های الکتروموتور	H111501C	
7563	تعویض بلبرینگ های الکتروموتور فن	H111511C	
7564	تعویض پروانه فن	H111521C	
7565	تعویض توری غبارگیر	H111531C	
7566	تعویض sight glass	H111541C	
7567	شستشوی مخزن سپراتور	H111551C	
7568	تعویض شلنگ تخلیه روغن	H111561C	
7569	تعویض شیر تخلیه روغن مخزن سپراتور	H111571C	
7570	تعویض لرزه گیر	H111581C	
7571	تنظیم پولی ها	H111591C	
7572	TEST RUN	H111601C	
7573	تعویض گیج مخزن سپراتور	H111611C	
7574	زنگ زدایی، لکه گیری و نقاشی	H111621C	
7575	تعویض چک ولو زیر ایراند	H111631C	
7576	تعویض واشر آببندی آنلودر	H111641C	
7577	تعویض واشر آببندی چک ولو زیر ایراند	H111651C	
7578	تعویض کابینت تابلو برق 	H111661C	
7579	تعویض درب تابلو برق  	H111671C	
7580	تعویض صفحه بالائی تابلو برق 	H111681C	
7581	تعویض صفحه پایینی تابلو برق 	H111691C	
7582	تعویض درب کابینت هر کدام	H111701C	
7583	تعویض پنل کابینت هر کدام	H111711C	
7584	تعویض ساپورت زیر  Electro Motor  هوایاری	H111721C	
7585	تعویض رابط ساپورت راست Electro Motor	H111731C	
7586	تعویض رابط ساپورت چپ Electro Motor 	H111741C	
7587	تعویض ساپورت نگهدارنده سقف کمپرسور	H111751C	
7588	تعویض پایه فن 	H111761C	
7589	تعویض پایه خرک 	H111771C	
7590	تعویض صفحه نگهدارنده قاب فن	H111781C	
7591	تعویض صفحه روی خرک 	H111791C	
7592	تعویض قاب رادیاتور 	H111801C	
7593	تعویض قاب تسمه 	H111811C	
7594	تعویض قاب کناری   Electro Motor	H111821C	
7595	تعویض قاب کناری تابلو برق 	H111831C	
7596	تعویض قاب ورودی هوا 	H111841C	
7597	تعویض قاب صداگیر 	H111851C	
7598	تعویض نگهدارنده مخزن 	H111861C	
7599	تعویض کاسه نمد	H111871C	
7600	تعویض ستون هر کدام	H111881C	
7601	تعویض لولا	H111891C	
7602	دمونتاژ کوپلینگ	H111901C	
7603	مونتاژ کوپلینگ	H111911C	
7604	تعویض اکسپنشن جوینت هوا روغن	H111921C	
7605	تعویض اکسپنشن جوینت هوا 	H111931C	
7606	تعویض سنسور اختلاف فشار هر کدام	H111941C	
7607	تعویض سوییچ اختلاف فشار هر کدام	H111951C	
7608	تعویض لوله خروجی هوا	H111961C	
7609	دمونتاژ تله آبگیر	H111971C	
7610	مونتاژ تله آبگیر	H111981C	
7611	تعویض/ سرویس اتودرین	H111991C	
7612	دمونتاژ سینی کابل	H112001C	
7613	مونتاژ سینی کابل	H112011C	
7614	تعویض فن تابلو برق	H112021C	
7615	تعویض CT	H112031C	
7616	دمونتاژ گلدانی	H112041C	
7617	مونتاژ گلدانی	H112051C	
7618	تعویض کابینت برد	H112061C	
7619	تعویض سوپاپ اطمینان	H121201C	
7620	مونتاژ رادیاتور	H121211C	
7621	دمونتاژ رادیاتور	H121221C	
7622	مونتاژ شاسی متحرک	H121231C	
7623	دمونتاژ شاسی متحرک	H121241C	
7624	مونتاژ/تعویض فن خنک کننده	H121251C	
7625	دمونتاژ فن خنک کننده	H121261C	
7626	تعویض کنتاکتور	H121271C	
7627	تعویض بی متال	H121281C	
7628	تعویض کنترل فاز	H121291C	
7629	تعویض کلید حرارتی	H121301C	
7630	تعویض کلید ON-Off	H121311C	
7631	تعویض emergency stop	H121321C	
7632	تعویض برد کنترلی	H121331C	
7633	تعویض سنسور دما	H121341C	
7634	نعویض سنسور فشار	H121351C	
7635	تعویض شیر یکطرفه ساکشن	H121361C	
7636	تنظیم لوله ساکشن	H121371C	
7637	تعویض شلنگ هوا-روغن	H121381C	
7638	تعویض شلنگ از مینیمم به رادیاتور	H121391C	
7639	تعویض شلنگ از مخزن سپراتور به پایه فیلتر	H121401C	
7640	تعویض شلنگ از پایه فیلتر به ایراند	H121411C	
7641	تعویض شلنگ - لوله از پایه فیلتر به رادیاتور(رفت)	H121421C	
7642	تعویض شلنگ - لوله از پایه فیلتر به رادیاتور(برگشت)	H121431C	
7643	تعویض شلنگ های پنوماتیک 	H121441C	
7644	شستشوی رادیاتور	H121451C	
7645	شستشوی کمپرسور	H121461C	
7646	تعویض فوم ها و غبارگیر	H121471C	
7647	تعویض قفل کابینت(هرعدد)	H121481C	
7648	تعویض کابل قدرت 	H121491C	
7649	تعویض بلبرینگ های الکتروموتور	H121501C	
7650	تعویض بلبرینگ های الکتروموتور فن	H121511C	
7651	تعویض پروانه فن	H121521C	
7652	تعویض توری غبارگیر	H121531C	
7653	تعویض sight glass	H121541C	
7654	شستشوی مخزن سپراتور	H121551C	
7655	تعویض شلنگ تخلیه روغن	H121561C	
7656	تعویض شیر تخلیه روغن مخزن سپراتور	H121571C	
7657	تعویض لرزه گیر	H121581C	
7658	تنظیم پولی ها	H121591C	
7659	TEST RUN	H121601C	
7660	تعویض گیج مخزن سپراتور	H121611C	
7661	زنگ زدایی، لکه گیری و نقاشی	H121621C	
7662	تعویض چک ولو زیر ایراند	H121631C	
7663	تعویض واشر آببندی آنلودر	H121641C	
7664	تعویض واشر آببندی چک ولو زیر ایراند	H121651C	
7665	تعویض کابینت تابلو برق 	H121661C	
7666	تعویض درب تابلو برق  	H121671C	
7667	تعویض صفحه بالائی تابلو برق 	H121681C	
7668	تعویض صفحه پایینی تابلو برق 	H121691C	
7669	تعویض درب کابینت هر کدام	H121701C	
7670	تعویض پنل کابینت هر کدام	H121711C	
7671	تعویض ساپورت زیر  Electro Motor  هوایاری	H121721C	
7672	تعویض رابط ساپورت راست Electro Motor	H121731C	
7673	تعویض رابط ساپورت چپ Electro Motor 	H121741C	
7674	تعویض ساپورت نگهدارنده سقف کمپرسور	H121751C	
7675	تعویض پایه فن 	H121761C	
7676	تعویض پایه خرک 	H121771C	
7677	تعویض صفحه نگهدارنده قاب فن	H121781C	
7678	تعویض صفحه روی خرک 	H121791C	
7679	تعویض قاب رادیاتور 	H121801C	
7680	تعویض قاب تسمه 	H121811C	
7681	تعویض قاب کناری   Electro Motor	H121821C	
7682	تعویض قاب کناری تابلو برق 	H121831C	
7683	تعویض قاب ورودی هوا 	H121841C	
7684	تعویض قاب صداگیر 	H121851C	
7685	تعویض نگهدارنده مخزن 	H121861C	
7686	تعویض کاسه نمد	H121871C	
7687	تعویض ستون هر کدام	H121881C	
7688	تعویض لولا	H121891C	
7689	دمونتاژ کوپلینگ	H121901C	
7690	مونتاژ کوپلینگ	H121911C	
7691	تعویض اکسپنشن جوینت هوا روغن	H121921C	
7692	تعویض اکسپنشن جوینت هوا 	H121931C	
7693	تعویض سنسور اختلاف فشار هر کدام	H121941C	
7694	تعویض سوییچ اختلاف فشار هر کدام	H121951C	
7695	تعویض لوله خروجی هوا	H121961C	
7696	دمونتاژ تله آبگیر	H121971C	
7697	مونتاژ تله آبگیر	H121981C	
7698	تعویض/ سرویس اتودرین	H121991C	
7699	دمونتاژ سینی کابل	H122001C	
7700	مونتاژ سینی کابل	H122011C	
7701	تعویض فن تابلو برق	H122021C	
7702	تعویض CT	H122031C	
7703	دمونتاژ گلدانی	H122041C	
7704	مونتاژ گلدانی	H122051C	
7705	تعویض کابینت برد	H122061C	
7706	دمونتاژ ایراند	H131011C	
7707	مونتاژ ایراند	H131021C	
7708	دمونتاژ آنلودر	H131031C	
7709	مونتاژ آنلودر	H131041C	
7710	تعویض فیلتر هوا	H131051C	
7711	تعویض فیلتر روغن	H131061C	
7712	تعویض فیلتر سپراتور 	H131071C	
7713	تعویض روغن	H131081C	
7714	تعویض کیت اویل استاپ ولو	H131091C	
7715	تعویض ترموستاتیک ولو	H131101C	
7716	تعویض کیت مینیمم پرشرولو	H131111C	
7717	تعویض کیت آنلودر	H131121C	
7718	تعویض تسمه ها	H131131C	
7719	دمونتاژ الکتروموتور	H131141C	
7720	مونتاژ الکتروموتور	H131151C	
7721	تعویض پولی ایراند	H131161C	
7722	تعویض پولی الکتروموتور	H131171C	
7723	دمونتاژ مینیمم پرشرولو	H131181C	
7724	مونتاژ مینیمم پرشرولو	H131191C	
7725	تعویض سوپاپ اطمینان	H131201C	
7726	مونتاژ رادیاتور	H131211C	
7727	دمونتاژ رادیاتور	H131221C	
7728	مونتاژ شاسی متحرک	H131231C	
7729	دمونتاژ شاسی متحرک	H131241C	
7730	مونتاژ/تعویض فن خنک کننده	H131251C	
7731	دمونتاژ فن خنک کننده	H131261C	
7732	تعویض کنتاکتور	H131271C	
7733	تعویض بی متال	H131281C	
7734	تعویض کنترل فاز	H131291C	
7735	تعویض کلید حرارتی	H131301C	
7736	تعویض کلید ON-Off	H131311C	
7737	تعویض emergency stop	H131321C	
7738	تعویض برد کنترلی	H131331C	
7739	تعویض سنسور دما	H131341C	
7740	نعویض سنسور فشار	H131351C	
7741	تعویض شیر یکطرفه ساکشن	H131361C	
7742	تنظیم لوله ساکشن	H131371C	
7743	تعویض شلنگ هوا-روغن	H131381C	
7744	تعویض شلنگ از مینیمم به رادیاتور	H131391C	
7745	تعویض شلنگ از مخزن سپراتور به پایه فیلتر	H131401C	
7746	تعویض شلنگ از پایه فیلتر به ایراند	H131411C	
7747	تعویض شلنگ - لوله از پایه فیلتر به رادیاتور(رفت)	H131421C	
7748	تعویض شلنگ - لوله از پایه فیلتر به رادیاتور(برگشت)	H131431C	
7749	تعویض شلنگ های پنوماتیک 	H131441C	
7750	شستشوی رادیاتور	H131451C	
7751	شستشوی کمپرسور	H131461C	
7752	تعویض فوم ها و غبارگیر	H131471C	
7753	تعویض قفل کابینت(هرعدد)	H131481C	
7754	تعویض کابل قدرت 	H131491C	
7755	تعویض بلبرینگ های الکتروموتور	H131501C	
7756	تعویض بلبرینگ های الکتروموتور فن	H131511C	
7757	تعویض پروانه فن	H131521C	
7758	تعویض توری غبارگیر	H131531C	
7759	تعویض sight glass	H131541C	
7760	شستشوی مخزن سپراتور	H131551C	
7761	تعویض شلنگ تخلیه روغن	H131561C	
7762	تعویض شیر تخلیه روغن مخزن سپراتور	H131571C	
7763	تعویض لرزه گیر	H131581C	
7764	تنظیم پولی ها	H131591C	
7765	TEST RUN	H131601C	
7766	تعویض گیج مخزن سپراتور	H131611C	
7767	زنگ زدایی، لکه گیری و نقاشی	H131621C	
7768	تعویض چک ولو زیر ایراند	H131631C	
7769	تعویض واشر آببندی آنلودر	H131641C	
7770	تعویض واشر آببندی چک ولو زیر ایراند	H131651C	
7771	تعویض کابینت تابلو برق 	H131661C	
7772	تعویض درب تابلو برق  	H131671C	
7773	تعویض صفحه بالائی تابلو برق 	H131681C	
7774	تعویض صفحه پایینی تابلو برق 	H131691C	
7775	تعویض درب کابینت هر کدام	H131701C	
7776	تعویض پنل کابینت هر کدام	H131711C	
7777	تعویض ساپورت زیر  Electro Motor  هوایاری	H131721C	
7778	تعویض رابط ساپورت راست Electro Motor	H131731C	
7779	تعویض رابط ساپورت چپ Electro Motor 	H131741C	
7780	تعویض ساپورت نگهدارنده سقف کمپرسور	H131751C	
7781	تعویض پایه فن 	H131761C	
7782	تعویض پایه خرک 	H131771C	
7783	تعویض صفحه نگهدارنده قاب فن	H131781C	
7784	تعویض صفحه روی خرک 	H131791C	
7785	تعویض قاب رادیاتور 	H131801C	
7786	تعویض قاب تسمه 	H131811C	
7787	تعویض قاب کناری   Electro Motor	H131821C	
7788	تعویض قاب کناری تابلو برق 	H131831C	
7789	تعویض قاب ورودی هوا 	H131841C	
7790	تعویض قاب صداگیر 	H131851C	
7791	تعویض نگهدارنده مخزن 	H131861C	
7792	تعویض کاسه نمد	H131871C	
7793	تعویض ستون هر کدام	H131881C	
7794	تعویض لولا	H131891C	
7795	دمونتاژ کوپلینگ	H131901C	
7796	مونتاژ کوپلینگ	H131911C	
7797	تعویض اکسپنشن جوینت هوا روغن	H131921C	
7798	تعویض اکسپنشن جوینت هوا 	H131931C	
7799	تعویض سنسور اختلاف فشار هر کدام	H131941C	
7800	تعویض سوییچ اختلاف فشار هر کدام	H131951C	
7801	تعویض لوله خروجی هوا	H131961C	
7802	دمونتاژ تله آبگیر	H131971C	
7803	مونتاژ تله آبگیر	H131981C	
7804	تعویض/ سرویس اتودرین	H131991C	
7805	دمونتاژ سینی کابل	H132001C	
7806	مونتاژ سینی کابل	H132011C	
7807	تعویض فن تابلو برق	H132021C	
7808	تعویض CT	H132031C	
7809	دمونتاژ گلدانی	H132041C	
7810	مونتاژ گلدانی	H132051C	
7811	تعویض کابینت برد	H132061C	
7812	دمونتاژ ایراند	H141011C	
7813	مونتاژ ایراند	H141021C	
7814	دمونتاژ آنلودر	H141031C	
7815	مونتاژ آنلودر	H141041C	
7816	تعویض فیلتر هوا	H141051C	
7817	تعویض فیلتر روغن	H141061C	
7818	تعویض فیلتر سپراتور 	H141071C	
7819	تعویض روغن	H141081C	
7820	تعویض کیت اویل استاپ ولو	H141091C	
7821	تعویض ترموستاتیک ولو	H141101C	
7822	تعویض کیت مینیمم پرشرولو	H141111C	
7823	تعویض کیت آنلودر	H141121C	
7824	تعویض تسمه ها	H141131C	
7825	دمونتاژ الکتروموتور	H141141C	
7826	مونتاژ الکتروموتور	H141151C	
7827	تعویض پولی ایراند	H141161C	
7828	تعویض پولی الکتروموتور	H141171C	
7829	دمونتاژ مینیمم پرشرولو	H141181C	
7830	مونتاژ مینیمم پرشرولو	H141191C	
7831	تعویض سوپاپ اطمینان	H141201C	
7832	مونتاژ رادیاتور	H141211C	
7833	دمونتاژ رادیاتور	H141221C	
7834	مونتاژ شاسی متحرک	H141231C	
7835	دمونتاژ شاسی متحرک	H141241C	
7836	مونتاژ/تعویض فن خنک کننده	H141251C	
7837	دمونتاژ فن خنک کننده	H141261C	
7838	تعویض کنتاکتور	H141271C	
7839	تعویض بی متال	H141281C	
7840	تعویض کنترل فاز	H141291C	
7841	تعویض کلید حرارتی	H141301C	
7842	تعویض کلید ON-Off	H141311C	
7843	تعویض emergency stop	H141321C	
7844	تعویض برد کنترلی	H141331C	
7845	تعویض سنسور دما	H141341C	
7846	نعویض سنسور فشار	H141351C	
7847	تعویض شیر یکطرفه ساکشن	H141361C	
7848	تنظیم لوله ساکشن	H141371C	
7849	تعویض شلنگ هوا-روغن	H141381C	
7850	تعویض شلنگ از مینیمم به رادیاتور	H141391C	
7851	تعویض شلنگ از مخزن سپراتور به پایه فیلتر	H141401C	
7852	تعویض شلنگ از پایه فیلتر به ایراند	H141411C	
7853	تعویض شلنگ - لوله از پایه فیلتر به رادیاتور(رفت)	H141421C	
7854	تعویض شلنگ - لوله از پایه فیلتر به رادیاتور(برگشت)	H141431C	
7855	تعویض شلنگ های پنوماتیک 	H141441C	
7856	شستشوی رادیاتور	H141451C	
7857	شستشوی کمپرسور	H141461C	
7858	تعویض فوم ها و غبارگیر	H141471C	
7859	تعویض قفل کابینت(هرعدد)	H141481C	
7860	تعویض کابل قدرت 	H141491C	
7861	تعویض بلبرینگ های الکتروموتور	H141501C	
7862	تعویض بلبرینگ های الکتروموتور فن	H141511C	
7863	تعویض پروانه فن	H141521C	
7864	تعویض توری غبارگیر	H141531C	
7865	تعویض sight glass	H141541C	
7866	شستشوی مخزن سپراتور	H141551C	
7867	تعویض شلنگ تخلیه روغن	H141561C	
7868	تعویض شیر تخلیه روغن مخزن سپراتور	H141571C	
7869	تعویض لرزه گیر	H141581C	
7870	تنظیم پولی ها	H141591C	
7871	TEST RUN	H141601C	
7872	تعویض گیج مخزن سپراتور	H141611C	
7873	زنگ زدایی، لکه گیری و نقاشی	H141621C	
7874	تعویض چک ولو زیر ایراند	H141631C	
7875	تعویض واشر آببندی آنلودر	H141641C	
7876	تعویض واشر آببندی چک ولو زیر ایراند	H141651C	
7877	تعویض کابینت تابلو برق 	H141661C	
7878	تعویض درب تابلو برق  	H141671C	
7879	تعویض صفحه بالائی تابلو برق 	H141681C	
7880	تعویض صفحه پایینی تابلو برق 	H141691C	
7881	تعویض درب کابینت هر کدام	H141701C	
7882	تعویض پنل کابینت هر کدام	H141711C	
7883	تعویض ساپورت زیر  Electro Motor  هوایاری	H141721C	
7884	تعویض رابط ساپورت راست Electro Motor	H141731C	
7885	تعویض رابط ساپورت چپ Electro Motor 	H141741C	
7886	تعویض ساپورت نگهدارنده سقف کمپرسور	H141751C	
7887	تعویض پایه فن 	H141761C	
7888	تعویض پایه خرک 	H141771C	
7889	تعویض صفحه نگهدارنده قاب فن	H141781C	
7890	تعویض صفحه روی خرک 	H141791C	
7891	تعویض قاب رادیاتور 	H141801C	
7892	تعویض قاب تسمه 	H141811C	
7893	تعویض قاب کناری   Electro Motor	H141821C	
7894	تعویض قاب کناری تابلو برق 	H141831C	
7895	تعویض قاب ورودی هوا 	H141841C	
7896	تعویض قاب صداگیر 	H141851C	
7897	تعویض نگهدارنده مخزن 	H141861C	
7898	تعویض کاسه نمد	H141871C	
7899	تعویض ستون هر کدام	H141881C	
7900	تعویض لولا	H141891C	
7901	دمونتاژ کوپلینگ	H141901C	
7902	مونتاژ کوپلینگ	H141911C	
7903	تعویض اکسپنشن جوینت هوا روغن	H141921C	
7904	تعویض اکسپنشن جوینت هوا 	H141931C	
7905	تعویض سنسور اختلاف فشار هر کدام	H141941C	
7906	تعویض سوییچ اختلاف فشار هر کدام	H141951C	
7907	تعویض لوله خروجی هوا	H141961C	
7908	دمونتاژ تله آبگیر	H141971C	
7909	مونتاژ تله آبگیر	H141981C	
7910	تعویض/ سرویس اتودرین	H141991C	
7911	دمونتاژ سینی کابل	H142001C	
7912	مونتاژ سینی کابل	H142011C	
7913	تعویض فن تابلو برق	H142021C	
7914	تعویض CT	H142031C	
7915	دمونتاژ گلدانی	H142041C	
7916	مونتاژ گلدانی	H142051C	
7917	تعویض کابینت برد	H142061C	
7918	دمونتاژ ایراند	H151011C	
7919	مونتاژ ایراند	H151021C	
7920	دمونتاژ آنلودر	H151031C	
7921	مونتاژ آنلودر	H151041C	
7922	تعویض فیلتر هوا	H151051C	
7923	تعویض فیلتر روغن	H151061C	
7924	تعویض فیلتر سپراتور 	H151071C	
7925	تعویض روغن	H151081C	
7926	تعویض کیت اویل استاپ ولو	H151091C	
7927	تعویض ترموستاتیک ولو	H151101C	
7928	تعویض کیت مینیمم پرشرولو	H151111C	
7929	تعویض کیت آنلودر	H151121C	
7930	تعویض تسمه ها	H151131C	
7931	دمونتاژ الکتروموتور	H151141C	
7932	مونتاژ الکتروموتور	H151151C	
7933	تعویض پولی ایراند	H151161C	
7934	تعویض پولی الکتروموتور	H151171C	
7935	دمونتاژ مینیمم پرشرولو	H151181C	
7936	مونتاژ مینیمم پرشرولو	H151191C	
7937	تعویض سوپاپ اطمینان	H151201C	
7938	مونتاژ رادیاتور	H151211C	
7939	دمونتاژ رادیاتور	H151221C	
7940	مونتاژ شاسی متحرک	H151231C	
7941	دمونتاژ شاسی متحرک	H151241C	
7942	مونتاژ/تعویض فن خنک کننده	H151251C	
7943	دمونتاژ فن خنک کننده	H151261C	
7944	تعویض کنتاکتور	H151271C	
7945	تعویض بی متال	H151281C	
7946	تعویض کنترل فاز	H151291C	
7947	تعویض کلید حرارتی	H151301C	
7948	تعویض کلید ON-Off	H151311C	
7949	تعویض emergency stop	H151321C	
7950	تعویض برد کنترلی	H151331C	
7951	تعویض سنسور دما	H151341C	
7952	نعویض سنسور فشار	H151351C	
7953	تعویض شیر یکطرفه ساکشن	H151361C	
7954	تنظیم لوله ساکشن	H151371C	
7955	تعویض شلنگ هوا-روغن	H151381C	
7956	تعویض شلنگ از مینیمم به رادیاتور	H151391C	
7957	تعویض شلنگ از مخزن سپراتور به پایه فیلتر	H151401C	
7958	تعویض شلنگ از پایه فیلتر به ایراند	H151411C	
7959	تعویض شلنگ - لوله از پایه فیلتر به رادیاتور(رفت)	H151421C	
7960	تعویض شلنگ - لوله از پایه فیلتر به رادیاتور(برگشت)	H151431C	
7961	تعویض شلنگ های پنوماتیک 	H151441C	
7962	شستشوی رادیاتور	H151451C	
7963	شستشوی کمپرسور	H151461C	
7964	تعویض فوم ها و غبارگیر	H151471C	
7965	تعویض قفل کابینت(هرعدد)	H151481C	
7966	تعویض کابل قدرت 	H151491C	
7967	تعویض بلبرینگ های الکتروموتور	H151501C	
7968	تعویض بلبرینگ های الکتروموتور فن	H151511C	
7969	تعویض پروانه فن	H151521C	
7970	تعویض توری غبارگیر	H151531C	
7971	تعویض sight glass	H151541C	
7972	شستشوی مخزن سپراتور	H151551C	
7973	تعویض شلنگ تخلیه روغن	H151561C	
7974	تعویض شیر تخلیه روغن مخزن سپراتور	H151571C	
7975	تعویض لرزه گیر	H151581C	
7976	تنظیم پولی ها	H151591C	
7977	TEST RUN	H151601C	
7978	تعویض گیج مخزن سپراتور	H151611C	
7979	زنگ زدایی، لکه گیری و نقاشی	H151621C	
7980	تعویض چک ولو زیر ایراند	H151631C	
7981	تعویض واشر آببندی آنلودر	H151641C	
7982	تعویض واشر آببندی چک ولو زیر ایراند	H151651C	
7983	تعویض کابینت تابلو برق 	H151661C	
7984	تعویض درب تابلو برق  	H151671C	
7985	تعویض صفحه بالائی تابلو برق 	H151681C	
7986	تعویض صفحه پایینی تابلو برق 	H151691C	
7987	تعویض درب کابینت هر کدام	H151701C	
7988	تعویض پنل کابینت هر کدام	H151711C	
7989	تعویض ساپورت زیر  Electro Motor  هوایاری	H151721C	
7990	تعویض رابط ساپورت راست Electro Motor	H151731C	
7991	تعویض رابط ساپورت چپ Electro Motor 	H151741C	
7992	تعویض ساپورت نگهدارنده سقف کمپرسور	H151751C	
7993	تعویض پایه فن 	H151761C	
7994	تعویض پایه خرک 	H151771C	
7995	تعویض صفحه نگهدارنده قاب فن	H151781C	
7996	تعویض صفحه روی خرک 	H151791C	
7997	تعویض قاب رادیاتور 	H151801C	
7998	تعویض قاب تسمه 	H151811C	
7999	تعویض قاب کناری   Electro Motor	H151821C	
8000	تعویض قاب کناری تابلو برق 	H151831C	
8001	تعویض قاب ورودی هوا 	H151841C	
8002	تعویض قاب صداگیر 	H151851C	
8003	تعویض نگهدارنده مخزن 	H151861C	
8004	تعویض کاسه نمد	H151871C	
8005	تعویض ستون هر کدام	H151881C	
8006	تعویض لولا	H151891C	
8007	دمونتاژ کوپلینگ	H151901C	
8008	مونتاژ کوپلینگ	H151911C	
8009	تعویض اکسپنشن جوینت هوا روغن	H151921C	
8010	تعویض اکسپنشن جوینت هوا 	H151931C	
8011	تعویض سنسور اختلاف فشار هر کدام	H151941C	
8012	تعویض سوییچ اختلاف فشار هر کدام	H151951C	
8013	تعویض لوله خروجی هوا	H151961C	
8014	دمونتاژ تله آبگیر	H151971C	
8015	مونتاژ تله آبگیر	H151981C	
8016	تعویض/ سرویس اتودرین	H151991C	
8017	دمونتاژ سینی کابل	H152001C	
8018	مونتاژ سینی کابل	H152011C	
8019	تعویض فن تابلو برق	H152021C	
8020	تعویض CT	H152031C	
8021	دمونتاژ گلدانی	H152041C	
8022	مونتاژ گلدانی	H152051C	
8023	تعویض کابینت برد	H152061C	
8024	دمونتاژ ایراند	H161011C	
8025	مونتاژ ایراند	H161021C	
8026	دمونتاژ آنلودر	H161031C	
8027	مونتاژ آنلودر	H161041C	
8028	تعویض فیلتر هوا	H161051C	
8029	تعویض فیلتر روغن	H161061C	
8030	تعویض فیلتر سپراتور 	H161071C	
8031	تعویض روغن	H161081C	
8032	تعویض کیت اویل استاپ ولو	H161091C	
8033	تعویض ترموستاتیک ولو	H161101C	
8034	تعویض کیت مینیمم پرشرولو	H161111C	
8035	تعویض کیت آنلودر	H161121C	
8036	تعویض تسمه ها	H161131C	
8037	دمونتاژ الکتروموتور	H161141C	
8038	مونتاژ الکتروموتور	H161151C	
8039	تعویض پولی ایراند	H161161C	
8040	تعویض پولی الکتروموتور	H161171C	
8041	دمونتاژ مینیمم پرشرولو	H161181C	
8042	مونتاژ مینیمم پرشرولو	H161191C	
8043	تعویض سوپاپ اطمینان	H161201C	
8044	مونتاژ رادیاتور	H161211C	
8045	دمونتاژ رادیاتور	H161221C	
8046	مونتاژ شاسی متحرک	H161231C	
8047	دمونتاژ شاسی متحرک	H161241C	
8048	مونتاژ/تعویض فن خنک کننده	H161251C	
8049	دمونتاژ فن خنک کننده	H161261C	
8050	تعویض کنتاکتور	H161271C	
8051	تعویض بی متال	H161281C	
8052	تعویض کنترل فاز	H161291C	
8053	تعویض کلید حرارتی	H161301C	
8054	تعویض کلید ON-Off	H161311C	
8055	تعویض emergency stop	H161321C	
8056	تعویض برد کنترلی	H161331C	
8057	تعویض سنسور دما	H161341C	
8058	نعویض سنسور فشار	H161351C	
8059	تعویض شیر یکطرفه ساکشن	H161361C	
8060	تنظیم لوله ساکشن	H161371C	
8061	تعویض شلنگ هوا-روغن	H161381C	
8062	تعویض شلنگ از مینیمم به رادیاتور	H161391C	
8063	تعویض شلنگ از مخزن سپراتور به پایه فیلتر	H161401C	
8064	تعویض شلنگ از پایه فیلتر به ایراند	H161411C	
8065	تعویض شلنگ - لوله از پایه فیلتر به رادیاتور(رفت)	H161421C	
8066	تعویض شلنگ - لوله از پایه فیلتر به رادیاتور(برگشت)	H161431C	
8067	تعویض شلنگ های پنوماتیک 	H161441C	
8068	شستشوی رادیاتور	H161451C	
8069	شستشوی کمپرسور	H161461C	
8070	تعویض فوم ها و غبارگیر	H161471C	
8071	تعویض قفل کابینت(هرعدد)	H161481C	
8072	تعویض کابل قدرت 	H161491C	
8073	تعویض بلبرینگ های الکتروموتور	H161501C	
8074	تعویض بلبرینگ های الکتروموتور فن	H161511C	
8075	تعویض پروانه فن	H161521C	
8076	تعویض توری غبارگیر	H161531C	
8077	تعویض sight glass	H161541C	
8078	شستشوی مخزن سپراتور	H161551C	
8079	تعویض شلنگ تخلیه روغن	H161561C	
8080	تعویض شیر تخلیه روغن مخزن سپراتور	H161571C	
8081	تعویض لرزه گیر	H161581C	
8082	تنظیم پولی ها	H161591C	
8083	TEST RUN	H161601C	
8084	تعویض گیج مخزن سپراتور	H161611C	
8085	زنگ زدایی، لکه گیری و نقاشی	H161621C	
8086	تعویض چک ولو زیر ایراند	H161631C	
8087	تعویض واشر آببندی آنلودر	H161641C	
8088	تعویض واشر آببندی چک ولو زیر ایراند	H161651C	
8089	تعویض کابینت تابلو برق 	H161661C	
8090	تعویض درب تابلو برق  	H161671C	
8091	تعویض صفحه بالائی تابلو برق 	H161681C	
8092	تعویض صفحه پایینی تابلو برق 	H161691C	
8093	تعویض درب کابینت هر کدام	H161701C	
8094	تعویض پنل کابینت هر کدام	H161711C	
8095	تعویض ساپورت زیر  Electro Motor  هوایاری	H161721C	
8096	تعویض رابط ساپورت راست Electro Motor	H161731C	
8097	تعویض رابط ساپورت چپ Electro Motor 	H161741C	
8098	تعویض ساپورت نگهدارنده سقف کمپرسور	H161751C	
8099	تعویض پایه فن 	H161761C	
8100	تعویض پایه خرک 	H161771C	
8101	تعویض صفحه نگهدارنده قاب فن	H161781C	
8102	تعویض صفحه روی خرک 	H161791C	
8103	تعویض قاب رادیاتور 	H161801C	
8104	تعویض قاب تسمه 	H161811C	
8105	تعویض قاب کناری   Electro Motor	H161821C	
8106	تعویض قاب کناری تابلو برق 	H161831C	
8107	تعویض قاب ورودی هوا 	H161841C	
8108	تعویض قاب صداگیر 	H161851C	
8109	تعویض ستون هر کدام	H161861C	
8110	تعویض کاسه نمد	H161871C	
8111	تعویض نگهدارنده مخزن 	H161881C	
8112	تعویض لولا	H161891C	
8113	دمونتاژ کوپلینگ	H161901C	
8114	مونتاژ کوپلینگ	H161911C	
8115	تعویض اکسپنشن جوینت هوا روغن	H161921C	
8116	تعویض اکسپنشن جوینت هوا 	H161931C	
8117	تعویض سنسور اختلاف فشار هر کدام	H161941C	
8118	تعویض سوییچ اختلاف فشار هر کدام	H161951C	
8119	تعویض لوله خروجی هوا	H161961C	
8120	دمونتاژ تله آبگیر	H161971C	
8121	مونتاژ تله آبگیر	H161981C	
8122	تعویض/ سرویس اتودرین	H161991C	
8123	دمونتاژ سینی کابل	H162001C	
8124	مونتاژ سینی کابل	H162011C	
8125	تعویض فن تابلو برق	H162021C	
8126	تعویض CT	H162031C	
8127	دمونتاژ گلدانی	H162041C	
8128	مونتاژ گلدانی	H162051C	
8129	تعویض کابینت برد	H162061C	
8130	دمونتاژ ایراند	A001011C	
8131	مونتاژ ایراند	A001021C	
8132	دمونتاژ آنلودر	A001031C	
8133	مونتاژ آنلودر	A001041C	
8134	تعویض فیلتر هوا	A001051C	
8135	تعویض فیلتر روغن	A001061C	
8136	تعویض فیلتر سپراتور 	A001071C	
8137	تعویض روغن	A001081C	
8138	تعویض کیت اویل استاپ ولو	A001091C	
8139	تعویض ترموستاتیک ولو	A001101C	
8140	تعویض کیت مینیمم پرشرولو	A001111C	
8141	تعویض کیت آنلودر	A001121C	
8142	تعویض تسمه ها	A001131C	
8143	دمونتاژ الکتروموتور	A001141C	
8144	مونتاژ الکتروموتور	A001151C	
8145	تعویض پولی ایراند	A001161C	
8146	تعویض پولی الکتروموتور	A001171C	
8147	دمونتاژ مینیمم پرشرولو	A001181C	
8148	مونتاژ مینیمم پرشرولو	A001191C	
8149	تعویض سوپاپ اطمینان	A001201C	
8150	مونتاژ رادیاتور	A001211C	
8151	دمونتاژ رادیاتور	A001221C	
8152	مونتاژ شاسی متحرک	A001231C	
8153	دمونتاژ شاسی متحرک	A001241C	
8154	مونتاژ/تعویض فن خنک کننده	A001251C	
8155	دمونتاژ فن خنک کننده	A001261C	
8156	تعویض کنتاکتور	A001271C	
8157	تعویض بی متال	A001281C	
8158	تعویض کنترل فاز	A001291C	
8159	تعویض کلید حرارتی	A001301C	
8160	تعویض کلید ON-Off	A001311C	
8161	تعویض emergency stop	A001321C	
8162	تعویض برد کنترلی	A001331C	
8163	تعویض سنسور دما	A001341C	
8164	نعویض سنسور فشار	A001351C	
8165	تعویض شیر یکطرفه ساکشن	A001361C	
8166	تنظیم لوله ساکشن	A001371C	
8167	تعویض شلنگ هوا-روغن	A001381C	
8168	تعویض شلنگ از مینیمم به رادیاتور	A001391C	
8169	تعویض شلنگ از مخزن سپراتور به پایه فیلتر	A001401C	
8170	تعویض شلنگ از پایه فیلتر به ایراند	A001411C	
8171	تعویض شلنگ - لوله از پایه فیلتر به رادیاتور(رفت)	A001421C	
8172	تعویض شلنگ - لوله از پایه فیلتر به رادیاتور(برگشت)	A001431C	
8173	تعویض شلنگ های پنوماتیک 	A001441C	
8174	شستشوی رادیاتور	A001451C	
8175	شستشوی کمپرسور	A001461C	
8176	تعویض فوم ها و غبارگیر	A001471C	
8177	تعویض قفل کابینت(هرعدد)	A001481C	
8178	تعویض کابل قدرت 	A001491C	
8179	تعویض بلبرینگ های الکتروموتور	A001501C	
8180	تعویض بلبرینگ های الکتروموتور فن	A001511C	
8181	تعویض پروانه فن	A001521C	
8182	تعویض توری غبارگیر	A001531C	
8183	تعویض sight glass	A001541C	
8184	شستشوی مخزن سپراتور	A001551C	
8185	تعویض شلنگ تخلیه روغن	A001561C	
8186	تعویض شیر تخلیه روغن مخزن سپراتور	A001571C	
8187	تعویض لرزه گیر	A001581C	
8188	تنظیم پولی ها	A001591C	
8189	TEST RUN	A001601C	
8190	تعویض گیج مخزن سپراتور	A001611C	
8191	زنگ زدایی، لکه گیری و نقاشی	A001621C	
8192	تعویض چک ولو زیر ایراند	A001631C	
8193	تعویض واشر آببندی آنلودر	A001641C	
8194	تعویض واشر آببندی چک ولو زیر ایراند	A001651C	
8195	تعویض کابینت تابلو برق 	A001661C	
8196	تعویض درب تابلو برق  	A001671C	
8197	تعویض صفحه بالائی تابلو برق 	A001681C	
8198	تعویض صفحه پایینی تابلو برق 	A001691C	
8199	تعویض درب کابینت هر کدام	A001701C	
8200	تعویض پنل کابینت هر کدام	A001711C	
8201	تعویض ساپورت زیر  Electro Motor  هوایاری	A001721C	
8202	تعویض رابط ساپورت راست Electro Motor	A001731C	
8203	تعویض رابط ساپورت چپ Electro Motor 	A001741C	
8204	تعویض ساپورت نگهدارنده سقف کمپرسور	A001751C	
8205	تعویض پایه فن 	A001761C	
8206	تعویض پایه خرک 	A001771C	
8207	تعویض صفحه نگهدارنده قاب فن	A001781C	
8208	تعویض صفحه روی خرک 	A001791C	
8209	تعویض قاب رادیاتور 	A001801C	
8210	تعویض قاب تسمه 	A001811C	
8211	تعویض قاب کناری   Electro Motor	A001821C	
8212	تعویض قاب کناری تابلو برق 	A001831C	
8213	تعویض قاب ورودی هوا 	A001841C	
8214	تعویض قاب صداگیر 	A001851C	
8215	تعویض نگهدارنده مخزن 	A001861C	
8216	تعویض کاسه نمد	A001871C	
8217	دمونتاژ ایراند	A031011C	
8218	مونتاژ ایراند	A031021C	
8219	دمونتاژ آنلودر	A031031C	
8220	مونتاژ آنلودر	A031041C	
8221	تعویض فیلتر هوا	A031051C	
8222	تعویض فیلتر روغن	A031061C	
8223	تعویض فیلتر سپراتور 	A031071C	
8224	تعویض روغن	A031081C	
8225	تعویض کیت اویل استاپ ولو	A031091C	
8226	تعویض ترموستاتیک ولو	A031101C	
8227	تعویض کیت مینیمم پرشرولو	A031111C	
8228	تعویض کیت آنلودر	A031121C	
8229	تعویض تسمه ها	A031131C	
8230	دمونتاژ الکتروموتور	A031141C	
8231	مونتاژ الکتروموتور	A031151C	
8232	تعویض پولی ایراند	A031161C	
8233	تعویض پولی الکتروموتور	A031171C	
8234	دمونتاژ مینیمم پرشرولو	A031181C	
8235	مونتاژ مینیمم پرشرولو	A031191C	
8236	تعویض سوپاپ اطمینان	A031201C	
8237	مونتاژ رادیاتور	A031211C	
8238	دمونتاژ رادیاتور	A031221C	
8239	مونتاژ شاسی متحرک	A031231C	
8240	دمونتاژ شاسی متحرک	A031241C	
8241	مونتاژ/تعویض فن خنک کننده	A031251C	
8242	دمونتاژ فن خنک کننده	A031261C	
8243	تعویض کنتاکتور	A031271C	
8244	تعویض بی متال	A031281C	
8245	تعویض کنترل فاز	A031291C	
8246	تعویض کلید حرارتی	A031301C	
8247	تعویض کلید ON-Off	A031311C	
8248	تعویض emergency stop	A031321C	
8249	تعویض برد کنترلی	A031331C	
8250	تعویض سنسور دما	A031341C	
8251	نعویض سنسور فشار	A031351C	
8252	تعویض شیر یکطرفه ساکشن	A031361C	
8253	تنظیم لوله ساکشن	A031371C	
8254	تعویض شلنگ هوا-روغن	A031381C	
8255	تعویض شلنگ از مینیمم به رادیاتور	A031391C	
8256	تعویض شلنگ از مخزن سپراتور به پایه فیلتر	A031401C	
8257	تعویض شلنگ از پایه فیلتر به ایراند	A031411C	
8258	تعویض شلنگ - لوله از پایه فیلتر به رادیاتور(رفت)	A031421C	
8259	تعویض شلنگ - لوله از پایه فیلتر به رادیاتور(برگشت)	A031431C	
8260	تعویض شلنگ های پنوماتیک 	A031441C	
8261	شستشوی رادیاتور	A031451C	
8262	شستشوی کمپرسور	A031461C	
8263	تعویض فوم ها و غبارگیر	A031471C	
8264	تعویض قفل کابینت(هرعدد)	A031481C	
8265	تعویض کابل قدرت 	A031491C	
8266	تعویض بلبرینگ های الکتروموتور	A031501C	
8267	تعویض بلبرینگ های الکتروموتور فن	A031511C	
8268	تعویض پروانه فن	A031521C	
8269	تعویض توری غبارگیر	A031531C	
8270	تعویض sight glass	A031541C	
8271	شستشوی مخزن سپراتور	A031551C	
8272	تعویض شلنگ تخلیه روغن	A031561C	
8273	تعویض شیر تخلیه روغن مخزن سپراتور	A031571C	
8274	تعویض لرزه گیر	A031581C	
8275	تنظیم پولی ها	A031591C	
8276	TEST RUN	A031601C	
8277	تعویض گیج مخزن سپراتور	A031611C	
8278	زنگ زدایی، لکه گیری و نقاشی	A031621C	
8279	تعویض چک ولو زیر ایراند	A031631C	
8280	تعویض واشر آببندی آنلودر	A031641C	
8281	تعویض واشر آببندی چک ولو زیر ایراند	A031651C	
8282	تعویض کابینت تابلو برق 	A031661C	
8283	تعویض درب تابلو برق  	A031671C	
8284	تعویض صفحه بالائی تابلو برق 	A031681C	
8285	تعویض صفحه پایینی تابلو برق 	A031691C	
8286	تعویض درب کابینت هر کدام	A031701C	
8287	تعویض پنل کابینت هر کدام	A031711C	
8288	تعویض ساپورت زیر  Electro Motor  هوایاری	A031721C	
8289	تعویض رابط ساپورت راست Electro Motor	A031731C	
8290	تعویض رابط ساپورت چپ Electro Motor 	A031741C	
8291	تعویض ساپورت نگهدارنده سقف کمپرسور	A031751C	
8292	تعویض پایه فن 	A031761C	
8293	تعویض پایه خرک 	A031771C	
8294	تعویض صفحه نگهدارنده قاب فن	A031781C	
8295	تعویض صفحه روی خرک 	A031791C	
8296	تعویض قاب رادیاتور 	A031801C	
8297	تعویض قاب تسمه 	A031811C	
8298	تعویض قاب کناری   Electro Motor	A031821C	
8299	تعویض قاب کناری تابلو برق 	A031831C	
8300	تعویض قاب ورودی هوا 	A031841C	
8301	تعویض قاب صداگیر 	A031851C	
8302	تعویض نگهدارنده مخزن 	A031861C	
8303	تعویض کاسه نمد	A031871C	
8304	دمونتاژ ایراند	A041011C	
8305	مونتاژ ایراند	A041021C	
8306	دمونتاژ آنلودر	A041031C	
8307	مونتاژ آنلودر	A041041C	
8308	تعویض فیلتر هوا	A041051C	
8309	تعویض فیلتر روغن	A041061C	
8310	تعویض فیلتر سپراتور 	A041071C	
8311	تعویض روغن	A041081C	
8312	تعویض کیت اویل استاپ ولو	A041091C	
8313	تعویض ترموستاتیک ولو	A041101C	
8314	تعویض کیت مینیمم پرشرولو	A041111C	
8315	تعویض کیت آنلودر	A041121C	
8316	تعویض تسمه ها	A041131C	
8317	دمونتاژ الکتروموتور	A041141C	
8318	مونتاژ الکتروموتور	A041151C	
8319	تعویض پولی ایراند	A041161C	
8320	تعویض پولی الکتروموتور	A041171C	
8321	دمونتاژ مینیمم پرشرولو	A041181C	
8322	مونتاژ مینیمم پرشرولو	A041191C	
8323	تعویض سوپاپ اطمینان	A041201C	
8324	مونتاژ رادیاتور	A041211C	
8325	دمونتاژ رادیاتور	A041221C	
8326	مونتاژ شاسی متحرک	A041231C	
8327	دمونتاژ شاسی متحرک	A041241C	
8328	مونتاژ/تعویض فن خنک کننده	A041251C	
8329	دمونتاژ فن خنک کننده	A041261C	
8330	تعویض کنتاکتور	A041271C	
8331	تعویض بی متال	A041281C	
8332	تعویض کنترل فاز	A041291C	
8333	تعویض کلید حرارتی	A041301C	
8334	تعویض کلید ON-Off	A041311C	
8335	تعویض emergency stop	A041321C	
8336	تعویض برد کنترلی	A041331C	
8337	تعویض سنسور دما	A041341C	
8338	نعویض سنسور فشار	A041351C	
8339	تعویض شیر یکطرفه ساکشن	A041361C	
8340	تنظیم لوله ساکشن	A041371C	
8341	تعویض شلنگ هوا-روغن	A041381C	
8342	تعویض شلنگ از مینیمم به رادیاتور	A041391C	
8343	تعویض شلنگ از مخزن سپراتور به پایه فیلتر	A041401C	
8344	تعویض شلنگ از پایه فیلتر به ایراند	A041411C	
8345	تعویض شلنگ - لوله از پایه فیلتر به رادیاتور(رفت)	A041421C	
8346	تعویض شلنگ - لوله از پایه فیلتر به رادیاتور(برگشت)	A041431C	
8347	تعویض شلنگ های پنوماتیک 	A041441C	
8348	شستشوی رادیاتور	A041451C	
8349	شستشوی کمپرسور	A041461C	
8350	تعویض فوم ها و غبارگیر	A041471C	
8351	تعویض قفل کابینت(هرعدد)	A041481C	
8352	تعویض کابل قدرت 	A041491C	
8353	تعویض بلبرینگ های الکتروموتور	A041501C	
8354	تعویض بلبرینگ های الکتروموتور فن	A041511C	
8355	تعویض پروانه فن	A041521C	
8356	تعویض توری غبارگیر	A041531C	
8357	تعویض sight glass	A041541C	
8358	شستشوی مخزن سپراتور	A041551C	
8359	تعویض شلنگ تخلیه روغن	A041561C	
8360	تعویض شیر تخلیه روغن مخزن سپراتور	A041571C	
8361	تعویض لرزه گیر	A041581C	
8362	تنظیم پولی ها	A041591C	
8363	TEST RUN	A041601C	
8364	تعویض گیج مخزن سپراتور	A041611C	
8365	زنگ زدایی، لکه گیری و نقاشی	A041621C	
8366	تعویض چک ولو زیر ایراند	A041631C	
8367	تعویض واشر آببندی آنلودر	A041641C	
8368	تعویض واشر آببندی چک ولو زیر ایراند	A041651C	
8369	تعویض کابینت تابلو برق 	A041661C	
8370	تعویض درب تابلو برق  	A041671C	
8371	تعویض صفحه بالائی تابلو برق 	A041681C	
8372	تعویض صفحه پایینی تابلو برق 	A041691C	
8373	تعویض درب کابینت هر کدام	A041701C	
8374	تعویض پنل کابینت هر کدام	A041711C	
8375	تعویض ساپورت زیر  Electro Motor  هوایاری	A041721C	
8376	تعویض رابط ساپورت راست Electro Motor	A041731C	
8377	تعویض رابط ساپورت چپ Electro Motor 	A041741C	
8378	تعویض ساپورت نگهدارنده سقف کمپرسور	A041751C	
8379	تعویض پایه فن 	A041761C	
8380	تعویض پایه خرک 	A041771C	
8381	تعویض صفحه نگهدارنده قاب فن	A041781C	
8382	تعویض صفحه روی خرک 	A041791C	
8383	تعویض قاب رادیاتور 	A041801C	
8384	تعویض قاب تسمه 	A041811C	
8385	تعویض قاب کناری   Electro Motor	A041821C	
8386	تعویض قاب کناری تابلو برق 	A041831C	
8387	تعویض قاب ورودی هوا 	A041841C	
8388	تعویض قاب صداگیر 	A041851C	
8389	تعویض نگهدارنده مخزن 	A041861C	
8390	تعویض کاسه نمد	A041871C	
8391	دمونتاژ ایراند	A051011C	
8392	مونتاژ ایراند	A051021C	
8393	دمونتاژ آنلودر	A051031C	
8394	مونتاژ آنلودر	A051041C	
8395	تعویض فیلتر هوا	A051051C	
8396	تعویض فیلتر روغن	A051061C	
8397	تعویض فیلتر سپراتور 	A051071C	
8398	تعویض روغن	A051081C	
8399	تعویض کیت اویل استاپ ولو	A051091C	
8400	تعویض ترموستاتیک ولو	A051101C	
8401	تعویض کیت مینیمم پرشرولو	A051111C	
8402	تعویض کیت آنلودر	A051121C	
8403	تعویض تسمه ها	A051131C	
8404	دمونتاژ الکتروموتور	A051141C	
8405	مونتاژ الکتروموتور	A051151C	
8406	تعویض پولی ایراند	A051161C	
8407	تعویض پولی الکتروموتور	A051171C	
8408	دمونتاژ مینیمم پرشرولو	A051181C	
8409	مونتاژ مینیمم پرشرولو	A051191C	
8410	تعویض سوپاپ اطمینان	A051201C	
8411	مونتاژ رادیاتور	A051211C	
8412	دمونتاژ رادیاتور	A051221C	
8413	مونتاژ شاسی متحرک	A051231C	
8414	دمونتاژ شاسی متحرک	A051241C	
8415	مونتاژ/تعویض فن خنک کننده	A051251C	
8416	دمونتاژ فن خنک کننده	A051261C	
8417	تعویض کنتاکتور	A051271C	
8418	تعویض بی متال	A051281C	
8419	تعویض کنترل فاز	A051291C	
8420	تعویض کلید حرارتی	A051301C	
8421	تعویض کلید ON-Off	A051311C	
8422	تعویض emergency stop	A051321C	
8423	تعویض برد کنترلی	A051331C	
8424	تعویض سنسور دما	A051341C	
8425	نعویض سنسور فشار	A051351C	
8426	تعویض شیر یکطرفه ساکشن	A051361C	
8427	تنظیم لوله ساکشن	A051371C	
8428	تعویض شلنگ هوا-روغن	A051381C	
8429	تعویض شلنگ از مینیمم به رادیاتور	A051391C	
8430	تعویض شلنگ از مخزن سپراتور به پایه فیلتر	A051401C	
8431	تعویض شلنگ از پایه فیلتر به ایراند	A051411C	
8432	تعویض شلنگ - لوله از پایه فیلتر به رادیاتور(رفت)	A051421C	
8433	تعویض شلنگ - لوله از پایه فیلتر به رادیاتور(برگشت)	A051431C	
8434	تعویض شلنگ های پنوماتیک 	A051441C	
8435	شستشوی رادیاتور	A051451C	
8436	شستشوی کمپرسور	A051461C	
8437	تعویض فوم ها و غبارگیر	A051471C	
8438	تعویض قفل کابینت(هرعدد)	A051481C	
8439	تعویض کابل قدرت 	A051491C	
8440	تعویض بلبرینگ های الکتروموتور	A051501C	
8441	تعویض بلبرینگ های الکتروموتور فن	A051511C	
8442	تعویض پروانه فن	A051521C	
8443	تعویض توری غبارگیر	A051531C	
8444	تعویض sight glass	A051541C	
8445	شستشوی مخزن سپراتور	A051551C	
8446	تعویض شلنگ تخلیه روغن	A051561C	
8447	تعویض شیر تخلیه روغن مخزن سپراتور	A051571C	
8448	تعویض لرزه گیر	A051581C	
8449	تنظیم پولی ها	A051591C	
8450	TEST RUN	A051601C	
8451	تعویض گیج مخزن سپراتور	A051611C	
8452	زنگ زدایی، لکه گیری و نقاشی	A051621C	
8453	تعویض چک ولو زیر ایراند	A051631C	
8454	تعویض واشر آببندی آنلودر	A051641C	
8455	تعویض واشر آببندی چک ولو زیر ایراند	A051651C	
8456	تعویض کابینت تابلو برق 	A051661C	
8457	تعویض درب تابلو برق  	A051671C	
8458	تعویض صفحه بالائی تابلو برق 	A051681C	
8459	تعویض صفحه پایینی تابلو برق 	A051691C	
8460	تعویض درب کابینت هر کدام	A051701C	
8461	تعویض پنل کابینت هر کدام	A051711C	
8462	تعویض ساپورت زیر  Electro Motor  هوایاری	A051721C	
8463	تعویض رابط ساپورت راست Electro Motor	A051731C	
8464	تعویض رابط ساپورت چپ Electro Motor 	A051741C	
8465	تعویض ساپورت نگهدارنده سقف کمپرسور	A051751C	
8466	تعویض پایه فن 	A051761C	
8467	تعویض پایه خرک 	A051771C	
8468	تعویض صفحه نگهدارنده قاب فن	A051781C	
8469	تعویض صفحه روی خرک 	A051791C	
8470	تعویض قاب رادیاتور 	A051801C	
8471	تعویض قاب تسمه 	A051811C	
8472	تعویض قاب کناری   Electro Motor	A051821C	
8473	تعویض قاب کناری تابلو برق 	A051831C	
8474	تعویض قاب ورودی هوا 	A051841C	
8475	تعویض قاب صداگیر 	A051851C	
8476	تعویض نگهدارنده مخزن 	A051861C	
8477	تعویض کاسه نمد	A051871C	
8478	دمونتاژ ایراند	A061011C	
8479	مونتاژ ایراند	A061021C	
8480	دمونتاژ آنلودر	A061031C	
8481	مونتاژ آنلودر	A061041C	
8482	تعویض فیلتر هوا	A061051C	
8483	تعویض فیلتر روغن	A061061C	
8484	تعویض فیلتر سپراتور 	A061071C	
8485	تعویض روغن	A061081C	
8486	تعویض کیت اویل استاپ ولو	A061091C	
8487	تعویض ترموستاتیک ولو	A061101C	
8488	تعویض کیت مینیمم پرشرولو	A061111C	
8489	تعویض کیت آنلودر	A061121C	
8490	تعویض تسمه ها	A061131C	
8491	دمونتاژ الکتروموتور	A061141C	
8492	مونتاژ الکتروموتور	A061151C	
8493	تعویض پولی ایراند	A061161C	
8494	تعویض پولی الکتروموتور	A061171C	
8495	دمونتاژ مینیمم پرشرولو	A061181C	
8496	مونتاژ مینیمم پرشرولو	A061191C	
8497	تعویض سوپاپ اطمینان	A061201C	
8498	مونتاژ رادیاتور	A061211C	
8499	دمونتاژ رادیاتور	A061221C	
8500	مونتاژ شاسی متحرک	A061231C	
8501	دمونتاژ شاسی متحرک	A061241C	
8502	مونتاژ/تعویض فن خنک کننده	A061251C	
8503	دمونتاژ فن خنک کننده	A061261C	
8504	تعویض کنتاکتور	A061271C	
8505	تعویض بی متال	A061281C	
8506	تعویض کنترل فاز	A061291C	
8507	تعویض کلید حرارتی	A061301C	
8508	تعویض کلید ON-Off	A061311C	
8509	تعویض emergency stop	A061321C	
8510	تعویض برد کنترلی	A061331C	
8511	تعویض سنسور دما	A061341C	
8512	نعویض سنسور فشار	A061351C	
8513	تعویض شیر یکطرفه ساکشن	A061361C	
8514	تنظیم لوله ساکشن	A061371C	
8515	تعویض شلنگ هوا-روغن	A061381C	
8516	تعویض شلنگ از مینیمم به رادیاتور	A061391C	
8517	تعویض شلنگ از مخزن سپراتور به پایه فیلتر	A061401C	
8518	تعویض شلنگ از پایه فیلتر به ایراند	A061411C	
8519	تعویض شلنگ - لوله از پایه فیلتر به رادیاتور(رفت)	A061421C	
8520	تعویض شلنگ - لوله از پایه فیلتر به رادیاتور(برگشت)	A061431C	
8521	تعویض شلنگ های پنوماتیک 	A061441C	
8522	شستشوی رادیاتور	A061451C	
8523	شستشوی کمپرسور	A061461C	
8524	تعویض فوم ها و غبارگیر	A061471C	
8525	تعویض قفل کابینت(هرعدد)	A061481C	
8526	تعویض کابل قدرت 	A061491C	
8527	تعویض بلبرینگ های الکتروموتور	A061501C	
8528	تعویض بلبرینگ های الکتروموتور فن	A061511C	
8529	تعویض پروانه فن	A061521C	
8530	تعویض توری غبارگیر	A061531C	
8531	تعویض sight glass	A061541C	
8532	شستشوی مخزن سپراتور	A061551C	
8533	تعویض شلنگ تخلیه روغن	A061561C	
8534	تعویض شیر تخلیه روغن مخزن سپراتور	A061571C	
8535	تعویض لرزه گیر	A061581C	
8536	تنظیم پولی ها	A061591C	
8537	TEST RUN	A061601C	
8538	تعویض گیج مخزن سپراتور	A061611C	
8539	زنگ زدایی، لکه گیری و نقاشی	A061621C	
8540	تعویض چک ولو زیر ایراند	A061631C	
8541	تعویض واشر آببندی آنلودر	A061641C	
8542	تعویض واشر آببندی چک ولو زیر ایراند	A061651C	
8543	تعویض کابینت تابلو برق 	A061661C	
8544	تعویض درب تابلو برق  	A061671C	
8545	تعویض صفحه بالائی تابلو برق 	A061681C	
8546	تعویض صفحه پایینی تابلو برق 	A061691C	
8547	تعویض درب کابینت هر کدام	A061701C	
8548	تعویض پنل کابینت هر کدام	A061711C	
8549	تعویض ساپورت زیر  Electro Motor  هوایاری	A061721C	
8550	تعویض رابط ساپورت راست Electro Motor	A061731C	
8551	تعویض رابط ساپورت چپ Electro Motor 	A061741C	
8552	تعویض ساپورت نگهدارنده سقف کمپرسور	A061751C	
8553	تعویض پایه فن 	A061761C	
8554	تعویض پایه خرک 	A061771C	
8555	تعویض صفحه نگهدارنده قاب فن	A061781C	
8556	تعویض صفحه روی خرک 	A061791C	
8557	تعویض قاب رادیاتور 	A061801C	
8558	تعویض قاب تسمه 	A061811C	
8559	تعویض قاب کناری   Electro Motor	A061821C	
8560	تعویض قاب کناری تابلو برق 	A061831C	
8561	تعویض قاب ورودی هوا 	A061841C	
8562	تعویض قاب صداگیر 	A061851C	
8563	تعویض نگهدارنده مخزن 	A061861C	
8564	تعویض کاسه نمد	A061871C	
8565	دمونتاژ ایراند	A071011C	
8566	مونتاژ ایراند	A071021C	
8567	دمونتاژ آنلودر	A071031C	
8568	مونتاژ آنلودر	A071041C	
8569	تعویض فیلتر هوا	A071051C	
8570	تعویض فیلتر روغن	A071061C	
8571	تعویض فیلتر سپراتور 	A071071C	
8572	تعویض روغن	A071081C	
8573	تعویض کیت اویل استاپ ولو	A071091C	
8574	تعویض ترموستاتیک ولو	A071101C	
8575	تعویض کیت مینیمم پرشرولو	A071111C	
8576	تعویض کیت آنلودر	A071121C	
8577	تعویض تسمه ها	A071131C	
8578	دمونتاژ الکتروموتور	A071141C	
8579	مونتاژ الکتروموتور	A071151C	
8580	تعویض پولی ایراند	A071161C	
8581	تعویض پولی الکتروموتور	A071171C	
8582	دمونتاژ مینیمم پرشرولو	A071181C	
8583	مونتاژ مینیمم پرشرولو	A071191C	
8584	تعویض سوپاپ اطمینان	A071201C	
8585	مونتاژ رادیاتور	A071211C	
8586	دمونتاژ رادیاتور	A071221C	
8587	مونتاژ شاسی متحرک	A071231C	
8588	دمونتاژ شاسی متحرک	A071241C	
8589	مونتاژ/تعویض فن خنک کننده	A071251C	
8590	دمونتاژ فن خنک کننده	A071261C	
8591	تعویض کنتاکتور	A071271C	
8592	تعویض بی متال	A071281C	
8593	تعویض کنترل فاز	A071291C	
8594	تعویض کلید حرارتی	A071301C	
8595	تعویض کلید ON-Off	A071311C	
8596	تعویض emergency stop	A071321C	
8597	تعویض برد کنترلی	A071331C	
8598	تعویض سنسور دما	A071341C	
8599	نعویض سنسور فشار	A071351C	
8600	تعویض شیر یکطرفه ساکشن	A071361C	
8601	تنظیم لوله ساکشن	A071371C	
8602	تعویض شلنگ هوا-روغن	A071381C	
8603	تعویض شلنگ از مینیمم به رادیاتور	A071391C	
8604	تعویض شلنگ از مخزن سپراتور به پایه فیلتر	A071401C	
8605	تعویض شلنگ از پایه فیلتر به ایراند	A071411C	
8606	تعویض شلنگ - لوله از پایه فیلتر به رادیاتور(رفت)	A071421C	
8607	تعویض شلنگ - لوله از پایه فیلتر به رادیاتور(برگشت)	A071431C	
8608	تعویض شلنگ های پنوماتیک 	A071441C	
8609	شستشوی رادیاتور	A071451C	
8610	شستشوی کمپرسور	A071461C	
8611	تعویض فوم ها و غبارگیر	A071471C	
8612	تعویض قفل کابینت(هرعدد)	A071481C	
8613	تعویض کابل قدرت 	A071491C	
8614	تعویض بلبرینگ های الکتروموتور	A071501C	
8615	تعویض بلبرینگ های الکتروموتور فن	A071511C	
8616	تعویض پروانه فن	A071521C	
8617	تعویض توری غبارگیر	A071531C	
8618	تعویض sight glass	A071541C	
8619	شستشوی مخزن سپراتور	A071551C	
8620	تعویض شلنگ تخلیه روغن	A071561C	
8621	تعویض شیر تخلیه روغن مخزن سپراتور	A071571C	
8622	تعویض لرزه گیر	A071581C	
8623	تنظیم پولی ها	A071591C	
8624	TEST RUN	A071601C	
8625	تعویض گیج مخزن سپراتور	A071611C	
8626	زنگ زدایی، لکه گیری و نقاشی	A071621C	
8627	تعویض چک ولو زیر ایراند	A071631C	
8628	تعویض واشر آببندی آنلودر	A071641C	
8629	تعویض واشر آببندی چک ولو زیر ایراند	A071651C	
8630	تعویض کابینت تابلو برق 	A071661C	
8631	تعویض درب تابلو برق  	A071671C	
8632	تعویض صفحه بالائی تابلو برق 	A071681C	
8633	تعویض صفحه پایینی تابلو برق 	A071691C	
8634	تعویض درب کابینت هر کدام	A071701C	
8635	تعویض پنل کابینت هر کدام	A071711C	
8636	تعویض ساپورت زیر  Electro Motor  هوایاری	A071721C	
8637	تعویض رابط ساپورت راست Electro Motor	A071731C	
8638	تعویض رابط ساپورت چپ Electro Motor 	A071741C	
8639	تعویض ساپورت نگهدارنده سقف کمپرسور	A071751C	
8640	تعویض پایه فن 	A071761C	
8641	تعویض پایه خرک 	A071771C	
8642	تعویض صفحه نگهدارنده قاب فن	A071781C	
8643	تعویض صفحه روی خرک 	A071791C	
8644	تعویض قاب رادیاتور 	A071801C	
8645	تعویض قاب تسمه 	A071811C	
8646	تعویض قاب کناری   Electro Motor	A071821C	
8647	تعویض قاب کناری تابلو برق 	A071831C	
8648	تعویض قاب ورودی هوا 	A071841C	
8649	تعویض قاب صداگیر 	A071851C	
8650	تعویض نگهدارنده مخزن 	A071861C	
8651	تعویض کاسه نمد	A071871C	
8652	دمونتاژ ایراند	A101011C	
8653	مونتاژ ایراند	A101021C	
8654	دمونتاژ آنلودر	A101031C	
8655	مونتاژ آنلودر	A101041C	
8656	تعویض فیلتر هوا	A101051C	
8657	تعویض فیلتر روغن	A101061C	
8658	تعویض فیلتر سپراتور 	A101071C	
8659	تعویض روغن	A101081C	
8660	تعویض کیت اویل استاپ ولو	A101091C	
8661	تعویض ترموستاتیک ولو	A101101C	
8662	تعویض کیت مینیمم پرشرولو	A101111C	
8663	تعویض کیت آنلودر	A101121C	
8664	تعویض تسمه ها	A101131C	
8665	دمونتاژ الکتروموتور	A101141C	
8666	مونتاژ الکتروموتور	A101151C	
8667	تعویض پولی ایراند	A101161C	
8668	تعویض پولی الکتروموتور	A101171C	
8669	دمونتاژ مینیمم پرشرولو	A101181C	
8670	مونتاژ مینیمم پرشرولو	A101191C	
8671	تعویض سوپاپ اطمینان	A101201C	
8672	مونتاژ رادیاتور	A101211C	
8673	دمونتاژ رادیاتور	A101221C	
8674	مونتاژ شاسی متحرک	A101231C	
8675	دمونتاژ شاسی متحرک	A101241C	
8676	مونتاژ/تعویض فن خنک کننده	A101251C	
8677	دمونتاژ فن خنک کننده	A101261C	
8678	تعویض کنتاکتور	A101271C	
8679	تعویض بی متال	A101281C	
8680	تعویض کنترل فاز	A101291C	
8681	تعویض کلید حرارتی	A101301C	
8682	تعویض کلید ON-Off	A101311C	
8683	تعویض emergency stop	A101321C	
8684	تعویض برد کنترلی	A101331C	
8685	تعویض سنسور دما	A101341C	
8686	نعویض سنسور فشار	A101351C	
8687	تعویض شیر یکطرفه ساکشن	A101361C	
8688	تنظیم لوله ساکشن	A101371C	
8689	تعویض شلنگ هوا-روغن	A101381C	
8690	تعویض شلنگ از مینیمم به رادیاتور	A101391C	
8691	تعویض شلنگ از مخزن سپراتور به پایه فیلتر	A101401C	
8692	تعویض شلنگ از پایه فیلتر به ایراند	A101411C	
8693	تعویض شلنگ - لوله از پایه فیلتر به رادیاتور(رفت)	A101421C	
8694	تعویض شلنگ - لوله از پایه فیلتر به رادیاتور(برگشت)	A101431C	
8695	تعویض شلنگ های پنوماتیک 	A101441C	
8696	شستشوی رادیاتور	A101451C	
8697	شستشوی کمپرسور	A101461C	
8698	تعویض فوم ها و غبارگیر	A101471C	
8699	تعویض قفل کابینت(هرعدد)	A101481C	
8700	تعویض کابل قدرت 	A101491C	
8701	تعویض بلبرینگ های الکتروموتور	A101501C	
8702	تعویض بلبرینگ های الکتروموتور فن	A101511C	
8703	تعویض پروانه فن	A101521C	
8704	تعویض توری غبارگیر	A101531C	
8705	تعویض sight glass	A101541C	
8706	شستشوی مخزن سپراتور	A101551C	
8707	تعویض شلنگ تخلیه روغن	A101561C	
8708	تعویض شیر تخلیه روغن مخزن سپراتور	A101571C	
8709	تعویض لرزه گیر	A101581C	
8710	تنظیم پولی ها	A101591C	
8711	TEST RUN	A101601C	
8712	تعویض گیج مخزن سپراتور	A101611C	
8713	زنگ زدایی، لکه گیری و نقاشی	A101621C	
8714	تعویض چک ولو زیر ایراند	A101631C	
8715	تعویض واشر آببندی آنلودر	A101641C	
8716	تعویض واشر آببندی چک ولو زیر ایراند	A101651C	
8717	تعویض کابینت تابلو برق 	A101661C	
8718	تعویض درب تابلو برق  	A101671C	
8719	تعویض صفحه بالائی تابلو برق 	A101681C	
8720	تعویض صفحه پایینی تابلو برق 	A101691C	
8721	تعویض درب کابینت هر کدام	A101701C	
8722	تعویض پنل کابینت هر کدام	A101711C	
8723	تعویض ساپورت زیر  Electro Motor  هوایاری	A101721C	
8724	تعویض رابط ساپورت راست Electro Motor	A101731C	
8725	تعویض رابط ساپورت چپ Electro Motor 	A101741C	
8726	تعویض ساپورت نگهدارنده سقف کمپرسور	A101751C	
8727	تعویض پایه فن 	A101761C	
8728	تعویض پایه خرک 	A101771C	
8729	تعویض صفحه نگهدارنده قاب فن	A101781C	
8730	تعویض صفحه روی خرک 	A101791C	
8731	تعویض قاب رادیاتور 	A101801C	
8732	تعویض قاب تسمه 	A101811C	
8733	تعویض قاب کناری   Electro Motor	A101821C	
8734	تعویض قاب کناری تابلو برق 	A101831C	
8735	تعویض قاب ورودی هوا 	A101841C	
8736	تعویض قاب صداگیر 	A101851C	
8737	تعویض نگهدارنده مخزن 	A101861C	
8738	تعویض کاسه نمد	A101871C	
8739	تعویض ستون هر کدام	A101881C	
8740	تعویض لولا	A101891C	
8741	دمونتاژ کوپلینگ	A101901C	
8742	مونتاژ کوپلینگ	A101911C	
8743	تعویض اکسپنشن جوینت هوا روغن	A101921C	
8744	تعویض اکسپنشن جوینت هوا 	A101931C	
8745	تعویض سنسور اختلاف فشار هر کدام	A101941C	
8746	تعویض سوییچ اختلاف فشار هر کدام	A101951C	
8747	تعویض لوله خروجی هوا	A101961C	
8748	دمونتاژ تله آبگیر	A101971C	
8749	مونتاژ تله آبگیر	A101981C	
8750	تعویض/ سرویس اتودرین	A101991C	
8751	دمونتاژ سینی کابل	A102001C	
8752	مونتاژ سینی کابل	A102011C	
8753	تعویض فن تابلو برق	A102021C	
8754	تعویض CT	A102031C	
8755	دمونتاژ گلدانی	A102041C	
8756	مونتاژ گلدانی	A102051C	
8757	تعویض کابینت برد	A102061C	
8758	دمونتاژ ایراند	A111011C	
8759	مونتاژ ایراند	A111021C	
8760	دمونتاژ آنلودر	A111031C	
8761	مونتاژ آنلودر	A111041C	
8762	تعویض فیلتر هوا	A111051C	
8763	تعویض فیلتر روغن	A111061C	
8764	تعویض فیلتر سپراتور 	A111071C	
8765	تعویض روغن	A111081C	
8766	تعویض کیت اویل استاپ ولو	A111091C	
8767	تعویض ترموستاتیک ولو	A111101C	
8768	تعویض کیت مینیمم پرشرولو	A111111C	
8769	تعویض کیت آنلودر	A111121C	
8770	تعویض تسمه ها	A111131C	
8771	دمونتاژ الکتروموتور	A111141C	
8772	مونتاژ الکتروموتور	A111151C	
8773	تعویض پولی ایراند	A111161C	
8774	تعویض پولی الکتروموتور	A111171C	
8775	دمونتاژ مینیمم پرشرولو	A111181C	
8776	مونتاژ مینیمم پرشرولو	A111191C	
8777	تعویض سوپاپ اطمینان	A111201C	
8778	مونتاژ رادیاتور	A111211C	
8779	دمونتاژ رادیاتور	A111221C	
8780	مونتاژ شاسی متحرک	A111231C	
8781	دمونتاژ شاسی متحرک	A111241C	
8782	مونتاژ/تعویض فن خنک کننده	A111251C	
8783	دمونتاژ فن خنک کننده	A111261C	
8784	تعویض کنتاکتور	A111271C	
8785	تعویض بی متال	A111281C	
8786	تعویض کنترل فاز	A111291C	
8787	تعویض کلید حرارتی	A111301C	
8788	تعویض کلید ON-Off	A111311C	
8789	تعویض emergency stop	A111321C	
8790	تعویض برد کنترلی	A111331C	
8791	تعویض سنسور دما	A111341C	
8792	نعویض سنسور فشار	A111351C	
8793	تعویض شیر یکطرفه ساکشن	A111361C	
8794	تنظیم لوله ساکشن	A111371C	
8795	تعویض شلنگ هوا-روغن	A111381C	
8796	تعویض شلنگ از مینیمم به رادیاتور	A111391C	
8797	تعویض شلنگ از مخزن سپراتور به پایه فیلتر	A111401C	
8798	تعویض شلنگ از پایه فیلتر به ایراند	A111411C	
8799	تعویض شلنگ - لوله از پایه فیلتر به رادیاتور(رفت)	A111421C	
8800	تعویض شلنگ - لوله از پایه فیلتر به رادیاتور(برگشت)	A111431C	
8801	تعویض شلنگ های پنوماتیک 	A111441C	
8802	شستشوی رادیاتور	A111451C	
8803	شستشوی کمپرسور	A111461C	
8804	تعویض فوم ها و غبارگیر	A111471C	
8805	تعویض قفل کابینت(هرعدد)	A111481C	
8806	تعویض کابل قدرت 	A111491C	
8807	تعویض بلبرینگ های الکتروموتور	A111501C	
8808	تعویض بلبرینگ های الکتروموتور فن	A111511C	
8809	تعویض پروانه فن	A111521C	
8810	تعویض توری غبارگیر	A111531C	
8811	تعویض sight glass	A111541C	
8812	شستشوی مخزن سپراتور	A111551C	
8813	تعویض شلنگ تخلیه روغن	A111561C	
8814	تعویض شیر تخلیه روغن مخزن سپراتور	A111571C	
8815	تعویض لرزه گیر	A111581C	
8816	تنظیم پولی ها	A111591C	
8817	TEST RUN	A111601C	
8818	تعویض گیج مخزن سپراتور	A111611C	
8819	زنگ زدایی، لکه گیری و نقاشی	A111621C	
8820	تعویض چک ولو زیر ایراند	A111631C	
8821	تعویض واشر آببندی آنلودر	A111641C	
8822	تعویض واشر آببندی چک ولو زیر ایراند	A111651C	
8823	تعویض کابینت تابلو برق 	A111661C	
8824	تعویض درب تابلو برق  	A111671C	
8825	تعویض صفحه بالائی تابلو برق 	A111681C	
8826	تعویض صفحه پایینی تابلو برق 	A111691C	
8827	تعویض درب کابینت هر کدام	A111701C	
8828	تعویض پنل کابینت هر کدام	A111711C	
8829	تعویض ساپورت زیر  Electro Motor  هوایاری	A111721C	
8830	تعویض رابط ساپورت راست Electro Motor	A111731C	
8831	تعویض رابط ساپورت چپ Electro Motor 	A111741C	
8832	تعویض ساپورت نگهدارنده سقف کمپرسور	A111751C	
8833	تعویض پایه فن 	A111761C	
8834	تعویض پایه خرک 	A111771C	
8835	تعویض صفحه نگهدارنده قاب فن	A111781C	
8836	تعویض صفحه روی خرک 	A111791C	
8837	تعویض قاب رادیاتور 	A111801C	
8838	تعویض قاب تسمه 	A111811C	
8839	تعویض قاب کناری   Electro Motor	A111821C	
8840	تعویض قاب کناری تابلو برق 	A111831C	
8841	تعویض قاب ورودی هوا 	A111841C	
8842	تعویض قاب صداگیر 	A111851C	
8843	تعویض نگهدارنده مخزن 	A111861C	
8844	تعویض کاسه نمد	A111871C	
8845	تعویض ستون هر کدام	A111881C	
8846	تعویض لولا	A111891C	
8847	دمونتاژ کوپلینگ	A111901C	
8848	مونتاژ کوپلینگ	A111911C	
8849	تعویض اکسپنشن جوینت هوا روغن	A111921C	
8850	تعویض اکسپنشن جوینت هوا 	A111931C	
8851	تعویض سنسور اختلاف فشار هر کدام	A111941C	
8852	تعویض سوییچ اختلاف فشار هر کدام	A111951C	
8853	تعویض لوله خروجی هوا	A111961C	
8854	دمونتاژ تله آبگیر	A111971C	
8855	مونتاژ تله آبگیر	A111981C	
8856	تعویض/ سرویس اتودرین	A111991C	
8857	دمونتاژ سینی کابل	A112001C	
8858	مونتاژ سینی کابل	A112011C	
8859	تعویض فن تابلو برق	A112021C	
8860	تعویض CT	A112031C	
8861	دمونتاژ گلدانی	A112041C	
8862	مونتاژ گلدانی	A112051C	
8863	تعویض کابینت برد	A112061C	
8864	دمونتاژ ایراند	A111011C	
8865	مونتاژ ایراند	A111021C	
8866	دمونتاژ آنلودر	A111031C	
8867	مونتاژ آنلودر	A111041C	
8868	تعویض فیلتر هوا	A111051C	
8869	تعویض فیلتر روغن	A111061C	
8870	تعویض فیلتر سپراتور 	A111071C	
8871	تعویض روغن	A111081C	
8872	تعویض کیت اویل استاپ ولو	A111091C	
8873	تعویض ترموستاتیک ولو	A111101C	
8874	تعویض کیت مینیمم پرشرولو	A111111C	
8875	تعویض کیت آنلودر	A111121C	
8876	تعویض تسمه ها	A111131C	
8877	دمونتاژ الکتروموتور	A111141C	
8878	مونتاژ الکتروموتور	A111151C	
8879	تعویض پولی ایراند	A111161C	
8880	تعویض پولی الکتروموتور	A111171C	
8881	دمونتاژ مینیمم پرشرولو	A111181C	
8882	مونتاژ مینیمم پرشرولو	A111191C	
8883	تعویض سوپاپ اطمینان	A121201C	
8884	مونتاژ رادیاتور	A121211C	
8885	دمونتاژ رادیاتور	A121221C	
8886	مونتاژ شاسی متحرک	A121231C	
8887	دمونتاژ شاسی متحرک	A121241C	
8888	مونتاژ/تعویض فن خنک کننده	A121251C	
8889	دمونتاژ فن خنک کننده	A121261C	
8890	تعویض کنتاکتور	A121271C	
8891	تعویض بی متال	A121281C	
8892	تعویض کنترل فاز	A121291C	
8893	تعویض کلید حرارتی	A121301C	
8894	تعویض کلید ON-Off	A121311C	
8895	تعویض emergency stop	A121321C	
8896	تعویض برد کنترلی	A121331C	
8897	تعویض سنسور دما	A121341C	
8898	نعویض سنسور فشار	A121351C	
8899	تعویض شیر یکطرفه ساکشن	A121361C	
8900	تنظیم لوله ساکشن	A121371C	
8901	تعویض شلنگ هوا-روغن	A121381C	
8902	تعویض شلنگ از مینیمم به رادیاتور	A121391C	
8903	تعویض شلنگ از مخزن سپراتور به پایه فیلتر	A121401C	
8904	تعویض شلنگ از پایه فیلتر به ایراند	A121411C	
8905	تعویض شلنگ - لوله از پایه فیلتر به رادیاتور(رفت)	A121421C	
8906	تعویض شلنگ - لوله از پایه فیلتر به رادیاتور(برگشت)	A121431C	
8907	تعویض شلنگ های پنوماتیک 	A121441C	
8908	شستشوی رادیاتور	A121451C	
8909	شستشوی کمپرسور	A121461C	
8910	تعویض فوم ها و غبارگیر	A121471C	
8911	تعویض قفل کابینت(هرعدد)	A121481C	
8912	تعویض کابل قدرت 	A121491C	
8913	تعویض بلبرینگ های الکتروموتور	A121501C	
8914	تعویض بلبرینگ های الکتروموتور فن	A121511C	
8915	تعویض پروانه فن	A121521C	
8916	تعویض توری غبارگیر	A121531C	
8917	تعویض sight glass	A121541C	
8918	شستشوی مخزن سپراتور	A121551C	
8919	تعویض شلنگ تخلیه روغن	A121561C	
8920	تعویض شیر تخلیه روغن مخزن سپراتور	A121571C	
8921	تعویض لرزه گیر	A121581C	
8922	تنظیم پولی ها	A121591C	
8923	TEST RUN	A121601C	
8924	تعویض گیج مخزن سپراتور	A121611C	
8925	زنگ زدایی، لکه گیری و نقاشی	A121621C	
8926	تعویض چک ولو زیر ایراند	A121631C	
8927	تعویض واشر آببندی آنلودر	A121641C	
8928	تعویض واشر آببندی چک ولو زیر ایراند	A121651C	
8929	تعویض کابینت تابلو برق 	A121661C	
8930	تعویض درب تابلو برق  	A121671C	
8931	تعویض صفحه بالائی تابلو برق 	A121681C	
8932	تعویض صفحه پایینی تابلو برق 	A121691C	
8933	تعویض درب کابینت هر کدام	A121701C	
8934	تعویض پنل کابینت هر کدام	A121711C	
8935	تعویض ساپورت زیر  Electro Motor  هوایاری	A121721C	
8936	تعویض رابط ساپورت راست Electro Motor	A121731C	
8937	تعویض رابط ساپورت چپ Electro Motor 	A121741C	
8938	تعویض ساپورت نگهدارنده سقف کمپرسور	A121751C	
8939	تعویض پایه فن 	A121761C	
8940	تعویض پایه خرک 	A121771C	
8941	تعویض صفحه نگهدارنده قاب فن	A121781C	
8942	تعویض صفحه روی خرک 	A121791C	
8943	تعویض قاب رادیاتور 	A121801C	
8944	تعویض قاب تسمه 	A121811C	
8945	تعویض قاب کناری   Electro Motor	A121821C	
8946	تعویض قاب کناری تابلو برق 	A121831C	
8947	تعویض قاب ورودی هوا 	A121841C	
8948	تعویض قاب صداگیر 	A121851C	
8949	تعویض نگهدارنده مخزن 	A121861C	
8950	تعویض کاسه نمد	A121871C	
8951	تعویض ستون هر کدام	A121881C	
8952	تعویض لولا	A121891C	
8953	دمونتاژ کوپلینگ	A121901C	
8954	مونتاژ کوپلینگ	A121911C	
8955	تعویض اکسپنشن جوینت هوا روغن	A121921C	
8956	تعویض اکسپنشن جوینت هوا 	A121931C	
8957	تعویض سنسور اختلاف فشار هر کدام	A121941C	
8958	تعویض سوییچ اختلاف فشار هر کدام	A121951C	
8959	تعویض لوله خروجی هوا	A121961C	
8960	دمونتاژ تله آبگیر	A121971C	
8961	مونتاژ تله آبگیر	A121981C	
8962	تعویض/ سرویس اتودرین	A121991C	
8963	دمونتاژ سینی کابل	A122001C	
8964	مونتاژ سینی کابل	A122011C	
8965	تعویض فن تابلو برق	A122021C	
8966	تعویض CT	A122031C	
8967	دمونتاژ گلدانی	A122041C	
8968	مونتاژ گلدانی	A122051C	
8969	تعویض کابینت برد	A122061C	
8970	دمونتاژ ایراند	A131011C	
8971	مونتاژ ایراند	A131021C	
8972	دمونتاژ آنلودر	A131031C	
8973	مونتاژ آنلودر	A131041C	
8974	تعویض فیلتر هوا	A131051C	
8975	تعویض فیلتر روغن	A131061C	
8976	تعویض فیلتر سپراتور 	A131071C	
8977	تعویض روغن	A131081C	
8978	تعویض کیت اویل استاپ ولو	A131091C	
8979	تعویض ترموستاتیک ولو	A131101C	
8980	تعویض کیت مینیمم پرشرولو	A131111C	
8981	تعویض کیت آنلودر	A131121C	
8982	تعویض تسمه ها	A131131C	
8983	دمونتاژ الکتروموتور	A131141C	
8984	مونتاژ الکتروموتور	A131151C	
8985	تعویض پولی ایراند	A131161C	
8986	تعویض پولی الکتروموتور	A131171C	
8987	دمونتاژ مینیمم پرشرولو	A131181C	
8988	مونتاژ مینیمم پرشرولو	A131191C	
8989	تعویض سوپاپ اطمینان	A131201C	
8990	مونتاژ رادیاتور	A131211C	
8991	دمونتاژ رادیاتور	A131221C	
8992	مونتاژ شاسی متحرک	A131231C	
8993	دمونتاژ شاسی متحرک	A131241C	
8994	مونتاژ/تعویض فن خنک کننده	A131251C	
8995	دمونتاژ فن خنک کننده	A131261C	
8996	تعویض کنتاکتور	A131271C	
8997	تعویض بی متال	A131281C	
8998	تعویض کنترل فاز	A131291C	
8999	تعویض کلید حرارتی	A131301C	
9000	تعویض کلید ON-Off	A131311C	
9001	تعویض emergency stop	A131321C	
9002	تعویض برد کنترلی	A131331C	
9003	تعویض سنسور دما	A131341C	
9004	نعویض سنسور فشار	A131351C	
9005	تعویض شیر یکطرفه ساکشن	A131361C	
9006	تنظیم لوله ساکشن	A131371C	
9007	تعویض شلنگ هوا-روغن	A131381C	
9008	تعویض شلنگ از مینیمم به رادیاتور	A131391C	
9009	تعویض شلنگ از مخزن سپراتور به پایه فیلتر	A131401C	
9010	تعویض شلنگ از پایه فیلتر به ایراند	A131411C	
9011	تعویض شلنگ - لوله از پایه فیلتر به رادیاتور(رفت)	A131421C	
9012	تعویض شلنگ - لوله از پایه فیلتر به رادیاتور(برگشت)	A131431C	
9013	تعویض شلنگ های پنوماتیک 	A131441C	
9014	شستشوی رادیاتور	A131451C	
9015	شستشوی کمپرسور	A131461C	
9016	تعویض فوم ها و غبارگیر	A131471C	
9017	تعویض قفل کابینت(هرعدد)	A131481C	
9018	تعویض کابل قدرت 	A131491C	
9019	تعویض بلبرینگ های الکتروموتور	A131501C	
9020	تعویض بلبرینگ های الکتروموتور فن	A131511C	
9021	تعویض پروانه فن	A131521C	
9022	تعویض توری غبارگیر	A131531C	
9023	تعویض sight glass	A131541C	
9024	شستشوی مخزن سپراتور	A131551C	
9025	تعویض شلنگ تخلیه روغن	A131561C	
9026	تعویض شیر تخلیه روغن مخزن سپراتور	A131571C	
9027	تعویض لرزه گیر	A131581C	
9028	تنظیم پولی ها	A131591C	
9029	TEST RUN	A131601C	
9030	تعویض گیج مخزن سپراتور	A131611C	
9031	زنگ زدایی، لکه گیری و نقاشی	A131621C	
9032	تعویض چک ولو زیر ایراند	A131631C	
9033	تعویض واشر آببندی آنلودر	A131641C	
9034	تعویض واشر آببندی چک ولو زیر ایراند	A131651C	
9035	تعویض کابینت تابلو برق 	A131661C	
9036	تعویض درب تابلو برق  	A131671C	
9037	تعویض صفحه بالائی تابلو برق 	A131681C	
9038	تعویض صفحه پایینی تابلو برق 	A131691C	
9039	تعویض درب کابینت هر کدام	A131701C	
9040	تعویض پنل کابینت هر کدام	A131711C	
9041	تعویض ساپورت زیر  Electro Motor  هوایاری	A131721C	
9042	تعویض رابط ساپورت راست Electro Motor	A131731C	
9043	تعویض رابط ساپورت چپ Electro Motor 	A131741C	
9044	تعویض ساپورت نگهدارنده سقف کمپرسور	A131751C	
9045	تعویض پایه فن 	A131761C	
9046	تعویض پایه خرک 	A131771C	
9047	تعویض صفحه نگهدارنده قاب فن	A131781C	
9048	تعویض صفحه روی خرک 	A131791C	
9049	تعویض قاب رادیاتور 	A131801C	
9050	تعویض قاب تسمه 	A131811C	
9051	تعویض قاب کناری   Electro Motor	A131821C	
9052	تعویض قاب کناری تابلو برق 	A131831C	
9053	تعویض قاب ورودی هوا 	A131841C	
9054	تعویض قاب صداگیر 	A131851C	
9055	تعویض نگهدارنده مخزن 	A131861C	
9056	تعویض کاسه نمد	A131871C	
9057	تعویض ستون هر کدام	A131881C	
9058	تعویض لولا	A131891C	
9059	دمونتاژ کوپلینگ	A131901C	
9060	مونتاژ کوپلینگ	A131911C	
9061	تعویض اکسپنشن جوینت هوا روغن	A131921C	
9062	تعویض اکسپنشن جوینت هوا 	A131931C	
9063	تعویض سنسور اختلاف فشار هر کدام	A131941C	
9064	تعویض سوییچ اختلاف فشار هر کدام	A131951C	
9065	تعویض لوله خروجی هوا	A131961C	
9066	دمونتاژ تله آبگیر	A131971C	
9067	مونتاژ تله آبگیر	A131981C	
9068	تعویض/ سرویس اتودرین	A131991C	
9069	دمونتاژ سینی کابل	A132001C	
9070	مونتاژ سینی کابل	A132011C	
9071	تعویض فن تابلو برق	A132021C	
9072	تعویض CT	A132031C	
9073	دمونتاژ گلدانی	A132041C	
9074	مونتاژ گلدانی	A132051C	
9075	تعویض کابینت برد	A132061C	
9076	دمونتاژ ایراند	A141011C	
9077	مونتاژ ایراند	A141021C	
9078	دمونتاژ آنلودر	A141031C	
9079	مونتاژ آنلودر	A141041C	
9080	تعویض فیلتر هوا	A141051C	
9081	تعویض فیلتر روغن	A141061C	
9082	تعویض فیلتر سپراتور 	A141071C	
9083	تعویض روغن	A141081C	
9084	تعویض کیت اویل استاپ ولو	A141091C	
9085	تعویض ترموستاتیک ولو	A141101C	
9086	تعویض کیت مینیمم پرشرولو	A141111C	
9087	تعویض کیت آنلودر	A141121C	
9088	تعویض تسمه ها	A141131C	
9089	دمونتاژ الکتروموتور	A141141C	
9090	مونتاژ الکتروموتور	A141151C	
9091	تعویض پولی ایراند	A141161C	
9092	تعویض پولی الکتروموتور	A141171C	
9093	دمونتاژ مینیمم پرشرولو	A141181C	
9094	مونتاژ مینیمم پرشرولو	A141191C	
9095	تعویض سوپاپ اطمینان	A141201C	
9096	مونتاژ رادیاتور	A141211C	
9097	دمونتاژ رادیاتور	A141221C	
9098	مونتاژ شاسی متحرک	A141231C	
9099	دمونتاژ شاسی متحرک	A141241C	
9100	مونتاژ/تعویض فن خنک کننده	A141251C	
9101	دمونتاژ فن خنک کننده	A141261C	
9102	تعویض کنتاکتور	A141271C	
9103	تعویض بی متال	A141281C	
9104	تعویض کنترل فاز	A141291C	
9105	تعویض کلید حرارتی	A141301C	
9106	تعویض کلید ON-Off	A141311C	
9107	تعویض emergency stop	A141321C	
9108	تعویض برد کنترلی	A141331C	
9109	تعویض سنسور دما	A141341C	
9110	نعویض سنسور فشار	A141351C	
9111	تعویض شیر یکطرفه ساکشن	A141361C	
9112	تنظیم لوله ساکشن	A141371C	
9113	تعویض شلنگ هوا-روغن	A141381C	
9114	تعویض شلنگ از مینیمم به رادیاتور	A141391C	
9115	تعویض شلنگ از مخزن سپراتور به پایه فیلتر	A141401C	
9116	تعویض شلنگ از پایه فیلتر به ایراند	A141411C	
9117	تعویض شلنگ - لوله از پایه فیلتر به رادیاتور(رفت)	A141421C	
9118	تعویض شلنگ - لوله از پایه فیلتر به رادیاتور(برگشت)	A141431C	
9119	تعویض شلنگ های پنوماتیک 	A141441C	
9120	شستشوی رادیاتور	A141451C	
9121	شستشوی کمپرسور	A141461C	
9122	تعویض فوم ها و غبارگیر	A141471C	
9123	تعویض قفل کابینت(هرعدد)	A141481C	
9124	تعویض کابل قدرت 	A141491C	
9125	تعویض بلبرینگ های الکتروموتور	A141501C	
9126	تعویض بلبرینگ های الکتروموتور فن	A141511C	
9127	تعویض پروانه فن	A141521C	
9128	تعویض توری غبارگیر	A141531C	
9129	تعویض sight glass	A141541C	
9130	شستشوی مخزن سپراتور	A141551C	
9131	تعویض شلنگ تخلیه روغن	A141561C	
9132	تعویض شیر تخلیه روغن مخزن سپراتور	A141571C	
9133	تعویض لرزه گیر	A141581C	
9134	تنظیم پولی ها	A141591C	
9135	TEST RUN	A141601C	
9136	تعویض گیج مخزن سپراتور	A141611C	
9137	زنگ زدایی، لکه گیری و نقاشی	A141621C	
9138	تعویض چک ولو زیر ایراند	A141631C	
9139	تعویض واشر آببندی آنلودر	A141641C	
9140	تعویض واشر آببندی چک ولو زیر ایراند	A141651C	
9141	تعویض کابینت تابلو برق 	A141661C	
9142	تعویض درب تابلو برق  	A141671C	
9143	تعویض صفحه بالائی تابلو برق 	A141681C	
9144	تعویض صفحه پایینی تابلو برق 	A141691C	
9145	تعویض درب کابینت هر کدام	A141701C	
9146	تعویض پنل کابینت هر کدام	A141711C	
9147	تعویض ساپورت زیر  Electro Motor  هوایاری	A141721C	
9148	تعویض رابط ساپورت راست Electro Motor	A141731C	
9149	تعویض رابط ساپورت چپ Electro Motor 	A141741C	
9150	تعویض ساپورت نگهدارنده سقف کمپرسور	A141751C	
9151	تعویض پایه فن 	A141761C	
9152	تعویض پایه خرک 	A141771C	
9153	تعویض صفحه نگهدارنده قاب فن	A141781C	
9154	تعویض صفحه روی خرک 	A141791C	
9155	تعویض قاب رادیاتور 	A141801C	
9156	تعویض قاب تسمه 	A141811C	
9157	تعویض قاب کناری   Electro Motor	A141821C	
9158	تعویض قاب کناری تابلو برق 	A141831C	
9159	تعویض قاب ورودی هوا 	A141841C	
9160	تعویض قاب صداگیر 	A141851C	
9161	تعویض نگهدارنده مخزن 	A141861C	
9162	تعویض کاسه نمد	A141871C	
9163	تعویض ستون هر کدام	A141881C	
9164	تعویض لولا	A141891C	
9165	دمونتاژ کوپلینگ	A141901C	
9166	مونتاژ کوپلینگ	A141911C	
9167	تعویض اکسپنشن جوینت هوا روغن	A141921C	
9168	تعویض اکسپنشن جوینت هوا 	A141931C	
9169	تعویض سنسور اختلاف فشار هر کدام	A141941C	
9170	تعویض سوییچ اختلاف فشار هر کدام	A141951C	
9171	تعویض لوله خروجی هوا	A141961C	
9172	دمونتاژ تله آبگیر	A141971C	
9173	مونتاژ تله آبگیر	A141981C	
9174	تعویض/ سرویس اتودرین	A141991C	
9175	دمونتاژ سینی کابل	A142001C	
9176	مونتاژ سینی کابل	A142011C	
9177	تعویض فن تابلو برق	A142021C	
9178	تعویض CT	A142031C	
9179	دمونتاژ گلدانی	A142041C	
9180	مونتاژ گلدانی	A142051C	
9181	تعویض کابینت برد	A142061C	
9182	دمونتاژ ایراند	A151011C	
9183	مونتاژ ایراند	A151021C	
9184	دمونتاژ آنلودر	A151031C	
9185	مونتاژ آنلودر	A151041C	
9186	تعویض فیلتر هوا	A151051C	
9187	تعویض فیلتر روغن	A151061C	
9188	تعویض فیلتر سپراتور 	A151071C	
9189	تعویض روغن	A151081C	
9190	تعویض کیت اویل استاپ ولو	A151091C	
9191	تعویض ترموستاتیک ولو	A151101C	
9192	تعویض کیت مینیمم پرشرولو	A151111C	
9193	تعویض کیت آنلودر	A151121C	
9194	تعویض تسمه ها	A151131C	
9195	دمونتاژ الکتروموتور	A151141C	
9196	مونتاژ الکتروموتور	A151151C	
9197	تعویض پولی ایراند	A151161C	
9198	تعویض پولی الکتروموتور	A151171C	
9199	دمونتاژ مینیمم پرشرولو	A151181C	
9200	مونتاژ مینیمم پرشرولو	A151191C	
9201	تعویض سوپاپ اطمینان	A151201C	
9202	مونتاژ رادیاتور	A151211C	
9203	دمونتاژ رادیاتور	A151221C	
9204	مونتاژ شاسی متحرک	A151231C	
9205	دمونتاژ شاسی متحرک	A151241C	
9206	مونتاژ/تعویض فن خنک کننده	A151251C	
9207	دمونتاژ فن خنک کننده	A151261C	
9208	تعویض کنتاکتور	A151271C	
9209	تعویض بی متال	A151281C	
9210	تعویض کنترل فاز	A151291C	
9211	تعویض کلید حرارتی	A151301C	
9212	تعویض کلید ON-Off	A151311C	
9213	تعویض emergency stop	A151321C	
9214	تعویض برد کنترلی	A151331C	
9215	تعویض سنسور دما	A151341C	
9216	نعویض سنسور فشار	A151351C	
9217	تعویض شیر یکطرفه ساکشن	A151361C	
9218	تنظیم لوله ساکشن	A151371C	
9219	تعویض شلنگ هوا-روغن	A151381C	
9220	تعویض شلنگ از مینیمم به رادیاتور	A151391C	
9221	تعویض شلنگ از مخزن سپراتور به پایه فیلتر	A151401C	
9222	تعویض شلنگ از پایه فیلتر به ایراند	A151411C	
9223	تعویض شلنگ - لوله از پایه فیلتر به رادیاتور(رفت)	A151421C	
9224	تعویض شلنگ - لوله از پایه فیلتر به رادیاتور(برگشت)	A151431C	
9225	تعویض شلنگ های پنوماتیک 	A151441C	
9226	شستشوی رادیاتور	A151451C	
9227	شستشوی کمپرسور	A151461C	
9228	تعویض فوم ها و غبارگیر	A151471C	
9229	تعویض قفل کابینت(هرعدد)	A151481C	
9230	تعویض کابل قدرت 	A151491C	
9231	تعویض بلبرینگ های الکتروموتور	A151501C	
9232	تعویض بلبرینگ های الکتروموتور فن	A151511C	
9233	تعویض پروانه فن	A151521C	
9234	تعویض توری غبارگیر	A151531C	
9235	تعویض sight glass	A151541C	
9236	شستشوی مخزن سپراتور	A151551C	
9237	تعویض شلنگ تخلیه روغن	A151561C	
9238	تعویض شیر تخلیه روغن مخزن سپراتور	A151571C	
9239	تعویض لرزه گیر	A151581C	
9240	تنظیم پولی ها	A151591C	
9241	TEST RUN	A151601C	
9242	تعویض گیج مخزن سپراتور	A151611C	
9243	زنگ زدایی، لکه گیری و نقاشی	A151621C	
9244	تعویض چک ولو زیر ایراند	A151631C	
9245	تعویض واشر آببندی آنلودر	A151641C	
9246	تعویض واشر آببندی چک ولو زیر ایراند	A151651C	
9247	تعویض کابینت تابلو برق 	A151661C	
9248	تعویض درب تابلو برق  	A151671C	
9249	تعویض صفحه بالائی تابلو برق 	A151681C	
9250	تعویض صفحه پایینی تابلو برق 	A151691C	
9251	تعویض درب کابینت هر کدام	A151701C	
9252	تعویض پنل کابینت هر کدام	A151711C	
9253	تعویض ساپورت زیر  Electro Motor  هوایاری	A151721C	
9254	تعویض رابط ساپورت راست Electro Motor	A151731C	
9255	تعویض رابط ساپورت چپ Electro Motor 	A151741C	
9256	تعویض ساپورت نگهدارنده سقف کمپرسور	A151751C	
9257	تعویض پایه فن 	A151761C	
9258	تعویض پایه خرک 	A151771C	
9259	تعویض صفحه نگهدارنده قاب فن	A151781C	
9260	تعویض صفحه روی خرک 	A151791C	
9261	تعویض قاب رادیاتور 	A151801C	
9262	تعویض قاب تسمه 	A151811C	
9263	تعویض قاب کناری   Electro Motor	A151821C	
9264	تعویض قاب کناری تابلو برق 	A151831C	
9265	تعویض قاب ورودی هوا 	A151841C	
9266	تعویض قاب صداگیر 	A151851C	
9267	تعویض نگهدارنده مخزن 	A151861C	
9268	تعویض کاسه نمد	A151871C	
9269	تعویض ستون هر کدام	A151881C	
9270	تعویض لولا	A151891C	
9271	دمونتاژ کوپلینگ	A151901C	
9272	مونتاژ کوپلینگ	A151911C	
9273	تعویض اکسپنشن جوینت هوا روغن	A151921C	
9274	تعویض اکسپنشن جوینت هوا 	A151931C	
9275	تعویض سنسور اختلاف فشار هر کدام	A151941C	
9276	تعویض سوییچ اختلاف فشار هر کدام	A151951C	
9277	تعویض لوله خروجی هوا	A151961C	
9278	دمونتاژ تله آبگیر	A151971C	
9279	مونتاژ تله آبگیر	A151981C	
9280	تعویض/ سرویس اتودرین	A151991C	
9281	دمونتاژ سینی کابل	A152001C	
9282	مونتاژ سینی کابل	A152011C	
9283	تعویض فن تابلو برق	A152021C	
9284	تعویض CT	A152031C	
9285	دمونتاژ گلدانی	A152041C	
9286	مونتاژ گلدانی	A152051C	
9287	تعویض کابینت برد	A152061C	
9288	دمونتاژ ایراند	M171011C	
9289	مونتاژ ایراند	M171021C	
9290	دمونتاژ آنلودر	M171031C	
9291	مونتاژ آنلودر	M171041C	
9292	تعویض فیلتر هوا	M171051C	
9293	تعویض فیلتر روغن	M171061C	
9294	تعویض فیلتر سپراتور 	M171071C	
9295	تعویض روغن	M171081C	
9296	تعویض کیت اویل استاپ ولو	M171091C	
9297	تعویض ترموستاتیک ولو	M171101C	
9298	تعویض کیت مینیمم پرشرولو	M171111C	
9299	تعویض کیت آنلودر	M171121C	
9300	تعویض تسمه ها	M171131C	
9301	دمونتاژ الکتروموتور	M171141C	
9302	مونتاژ الکتروموتور	M171151C	
9303	تعویض پولی ایراند	M171161C	
9304	تعویض پولی الکتروموتور	M171171C	
9305	دمونتاژ مینیمم پرشرولو	M171181C	
9306	مونتاژ مینیمم پرشرولو	M171191C	
9307	تعویض سوپاپ اطمینان	M171201C	
9308	مونتاژ رادیاتور	M171211C	
9309	دمونتاژ رادیاتور	M171221C	
9310	مونتاژ شاسی متحرک	M171231C	
9311	دمونتاژ شاسی متحرک	M171241C	
9312	مونتاژ/تعویض فن خنک کننده	M171251C	
9313	دمونتاژ فن خنک کننده	M171261C	
9314	تعویض کنتاکتور	M171271C	
9315	تعویض بی متال	M171281C	
9316	تعویض کنترل فاز	M171291C	
9317	تعویض کلید حرارتی	M171301C	
9318	تعویض کلید ON-Off	M171311C	
9319	تعویض emergency stop	M171321C	
9320	تعویض برد کنترلی	M171331C	
9321	تعویض سنسور دما	M171341C	
9322	نعویض سنسور فشار	M171351C	
9323	تعویض شیر یکطرفه ساکشن	M171361C	
9324	تنظیم لوله ساکشن	M171371C	
9325	تعویض شلنگ هوا-روغن	M171381C	
9326	تعویض شلنگ از مینیمم به رادیاتور	M171391C	
9327	تعویض شلنگ از مخزن سپراتور به پایه فیلتر	M171401C	
9328	تعویض شلنگ از پایه فیلتر به ایراند	M171411C	
9329	تعویض شلنگ - لوله از پایه فیلتر به رادیاتور(رفت)	M171421C	
9330	تعویض شلنگ - لوله از پایه فیلتر به رادیاتور(برگشت)	M171431C	
9331	تعویض شلنگ های پنوماتیک 	M171441C	
9332	شستشوی رادیاتور	M171451C	
9333	شستشوی کمپرسور	M171461C	
9334	تعویض فوم ها و غبارگیر	M171471C	
9335	تعویض قفل کابینت(هرعدد)	M171481C	
9336	تعویض کابل قدرت 	M171491C	
9337	تعویض بلبرینگ های الکتروموتور	M171501C	
9338	تعویض بلبرینگ های الکتروموتور فن	M171511C	
9339	تعویض پروانه فن	M171521C	
9340	تعویض توری غبارگیر	M171531C	
9341	تعویض sight glass	M171541C	
9342	شستشوی مخزن سپراتور	M171551C	
9343	تعویض شلنگ تخلیه روغن	M171561C	
9344	تعویض شیر تخلیه روغن مخزن سپراتور	M171571C	
9345	تعویض لرزه گیر	M171581C	
9346	تنظیم پولی ها	M171591C	
9347	TEST RUN	M171601C	
9348	تعویض گیج مخزن سپراتور	M171611C	
9349	زنگ زدایی، لکه گیری و نقاشی	M171621C	
9350	تعویض چک ولو زیر ایراند	M171631C	
9351	تعویض واشر آببندی آنلودر	M171641C	
9352	تعویض واشر آببندی چک ولو زیر ایراند	M171651C	
9353	تعویض کابینت تابلو برق 	M171661C	
9354	تعویض درب تابلو برق  	M171671C	
9355	تعویض صفحه بالائی تابلو برق 	M171681C	
9356	تعویض صفحه پایینی تابلو برق 	M171691C	
9357	تعویض درب کابینت هر کدام	M171701C	
9358	تعویض پنل کابینت هر کدام	M171711C	
9359	تعویض ساپورت زیر  Electro Motor  هوایاری	M171721C	
9360	تعویض رابط ساپورت راست Electro Motor	M171731C	
9361	تعویض رابط ساپورت چپ Electro Motor 	M171741C	
9362	تعویض ساپورت نگهدارنده سقف کمپرسور	M171751C	
9363	تعویض پایه فن 	M171761C	
9364	تعویض پایه خرک 	M171771C	
9365	تعویض صفحه نگهدارنده قاب فن	M171781C	
9366	تعویض صفحه روی خرک 	M171791C	
9367	تعویض قاب رادیاتور 	M171801C	
9368	تعویض قاب تسمه 	M171811C	
9369	تعویض قاب کناری   Electro Motor	M171821C	
9370	تعویض قاب کناری تابلو برق 	M171831C	
9371	تعویض قاب ورودی هوا 	M171841C	
9372	تعویض قاب صداگیر 	M171851C	
9373	تعویض نگهدارنده مخزن 	M171861C	
9374	تعویض کاسه نمد	M171871C	
9375	تعویض ستون هر کدام	M171881C	
9376	تعویض لولا	M171891C	
9377	دمونتاژ کوپلینگ	M171901C	
9378	مونتاژ کوپلینگ	M171911C	
9379	تعویض اکسپنشن جوینت هوا روغن	M171921C	
9380	تعویض اکسپنشن جوینت هوا 	M171931C	
9381	تعویض سنسور اختلاف فشار هر کدام	M171941C	
9382	تعویض سوییچ اختلاف فشار هر کدام	M171951C	
9383	تعویض لوله خروجی هوا	M171961C	
9384	دمونتاژ تله آبگیر	M171971C	
9385	مونتاژ تله آبگیر	M171981C	
9386	تعویض/ سرویس اتودرین	M171991C	
9387	دمونتاژ سینی کابل	M172001C	
9388	مونتاژ سینی کابل	M172011C	
9389	تعویض فن تابلو برق	M172021C	
9390	تعویض CT	M172031C	
9391	دمونتاژ گلدانی	M172041C	
9392	مونتاژ گلدانی	M172051C	
9393	تعویض کابینت برد	M172061C	
9394	رفع ایراد برد	Y012072C	
9395	تعویض اوریفیس	Y012082C	
9396	تعویض شیربرقی	Y012092C	
9397	شستشوی شاسی	Y012102C	
9398	تعویض رله	Y012112C	
9399	تعویض اورینگ	Y012122C	
9400	تعویض نمایانگر روغن	Y012132C	
9401	تعویض بیرینگ های ایراند	Y012142C	
9402	نعویض ترانسفورماتور	Y012152C	
9403	رفع ایراد برد	Y022072C	
9404	تعویض اوریفیس	Y022082C	
9405	تعویض شیربرقی	Y022092C	
9406	شستشوی شاسی	Y022102C	
9407	تعویض رله	Y022112C	
9408	تعویض اورینگ	Y022122C	
9409	تعویض نمایانگر روغن	Y022132C	
9410	تعویض بیرینگ های ایراند	Y022142C	
9411	نعویض ترانسفورماتور	Y022152C	
9412	رفع ایراد برد	Y032072C	
9413	تعویض اوریفیس	Y032082C	
9414	تعویض شیربرقی	Y032092C	
9415	شستشوی شاسی	Y032102C	
9416	تعویض رله	Y032112C	
9417	تعویض اورینگ	Y032122C	
9418	تعویض نمایانگر روغن	Y032132C	
9419	تعویض بیرینگ های ایراند	Y032142C	
9420	نعویض ترانسفورماتور	Y032152C	
9421	رفع ایراد برد	Y042072C	
9422	تعویض اوریفیس	Y042082C	
9423	تعویض شیربرقی	Y042092C	
9424	شستشوی شاسی	Y042102C	
9425	تعویض رله	Y042112C	
9426	تعویض اورینگ	Y042122C	
9427	تعویض نمایانگر روغن	Y042132C	
9428	تعویض بیرینگ های ایراند	Y042142C	
9429	نعویض ترانسفورماتور	Y042152C	
9430	رفع ایراد برد	Y052072C	
9431	تعویض اوریفیس	Y052082C	
9432	تعویض شیربرقی	Y052092C	
9433	شستشوی شاسی	Y052102C	
9434	تعویض رله	Y052112C	
9435	تعویض اورینگ	Y052122C	
9436	تعویض نمایانگر روغن	Y052132C	
9437	تعویض بیرینگ های ایراند	Y052142C	
9438	نعویض ترانسفورماتور	Y052152C	
9439	رفع ایراد برد	Y062072C	
9440	تعویض اوریفیس	Y062082C	
9441	تعویض شیربرقی	Y062092C	
9442	شستشوی شاسی	Y062102C	
9443	تعویض رله	Y062112C	
9444	تعویض اورینگ	Y062122C	
9445	تعویض نمایانگر روغن	Y062132C	
9446	تعویض بیرینگ های ایراند	Y062142C	
9447	نعویض ترانسفورماتور	Y062152C	
9448	رفع ایراد برد	Y072072C	
9449	تعویض اوریفیس	Y072082C	
9450	تعویض شیربرقی	Y072092C	
9451	شستشوی شاسی	Y072102C	
9452	تعویض رله	Y072112C	
9453	تعویض اورینگ	Y072122C	
9454	تعویض نمایانگر روغن	Y072132C	
9455	تعویض بیرینگ های ایراند	Y072142C	
9456	نعویض ترانسفورماتور	Y072152C	
9457	رفع ایراد برد	Y082072C	
9458	تعویض اوریفیس	Y082082C	
9459	تعویض شیربرقی	Y082092C	
9460	شستشوی شاسی	Y082102C	
9461	تعویض رله	Y082112C	
9462	تعویض اورینگ	Y082122C	
9463	تعویض نمایانگر روغن	Y082132C	
9464	تعویض بیرینگ های ایراند	Y082142C	
9465	نعویض ترانسفورماتور	Y082152C	
9466	رفع ایراد برد	Y092072C	
9467	تعویض اوریفیس	Y092082C	
9468	تعویض شیربرقی	Y092092C	
9469	شستشوی شاسی	Y092102C	
9470	تعویض رله	Y092112C	
9471	تعویض اورینگ	Y092122C	
9472	تعویض نمایانگر روغن	Y092132C	
9473	تعویض بیرینگ های ایراند	Y092142C	
9474	نعویض ترانسفورماتور	Y092152C	
9475	رفع ایراد برد	Y102072C	
9476	تعویض اوریفیس	Y102082C	
9477	تعویض شیربرقی	Y102092C	
9478	شستشوی شاسی	Y102102C	
9479	تعویض رله	Y102112C	
9480	تعویض اورینگ	Y102122C	
9481	تعویض نمایانگر روغن	Y102132C	
9482	تعویض بیرینگ های ایراند	Y102142C	
9483	نعویض ترانسفورماتور	Y102152C	
9484	رفع ایراد برد	Y112072C	
9485	تعویض اوریفیس	Y112082C	
9486	تعویض شیربرقی	Y112092C	
9487	شستشوی شاسی	Y112102C	
9488	تعویض رله	Y112112C	
9489	تعویض اورینگ	Y112122C	
9490	تعویض نمایانگر روغن	Y112132C	
9491	تعویض بیرینگ های ایراند	Y112142C	
9492	نعویض ترانسفورماتور	Y112152C	
9493	رفع ایراد برد	Y122072C	
9494	تعویض اوریفیس	Y122082C	
9495	تعویض شیربرقی	Y122092C	
9496	شستشوی شاسی	Y122102C	
9497	تعویض رله	Y122112C	
9498	تعویض اورینگ	Y122122C	
9499	تعویض نمایانگر روغن	Y122132C	
9500	تعویض بیرینگ های ایراند	Y122142C	
9501	نعویض ترانسفورماتور	Y122152C	
9502	رفع ایراد برد	Y132072C	
9503	تعویض اوریفیس	Y132082C	
9504	تعویض شیربرقی	Y132092C	
9505	شستشوی شاسی	Y132102C	
9506	تعویض رله	Y132112C	
9507	تعویض اورینگ	Y132122C	
9508	تعویض نمایانگر روغن	Y132132C	
9509	تعویض بیرینگ های ایراند	Y132142C	
9510	نعویض ترانسفورماتور	Y132152C	
9511	رفع ایراد برد	Y142072C	
9512	تعویض اوریفیس	Y142082C	
9513	تعویض شیربرقی	Y142092C	
9514	شستشوی شاسی	Y142102C	
9515	تعویض رله	Y142112C	
9516	تعویض اورینگ	Y142122C	
9517	تعویض نمایانگر روغن	Y142132C	
9518	تعویض بیرینگ های ایراند	Y142142C	
9519	نعویض ترانسفورماتور	Y142152C	
9520	رفع ایراد برد	Y152072C	
9521	تعویض اوریفیس	Y152082C	
9522	تعویض شیربرقی	Y152092C	
9523	شستشوی شاسی	Y152102C	
9524	تعویض رله	Y152112C	
9525	تعویض اورینگ	Y152122C	
9526	تعویض نمایانگر روغن	Y152132C	
9527	تعویض بیرینگ های ایراند	Y152142C	
9528	نعویض ترانسفورماتور	Y152152C	
9529	رفع ایراد برد	H012072C	
9530	تعویض اوریفیس	H012082C	
9531	تعویض شیربرقی	H012092C	
9532	شستشوی شاسی	H012102C	
9533	تعویض رله	H012112C	
9534	تعویض اورینگ	H012122C	
9535	تعویض نمایانگر روغن	H012132C	
9536	تعویض بیرینگ های ایراند	H012142C	
9537	نعویض ترانسفورماتور	H012152C	
9538	رفع ایراد برد	H022072C	
9539	تعویض اوریفیس	H022082C	
9540	تعویض شیربرقی	H022092C	
9541	شستشوی شاسی	H022102C	
9542	تعویض رله	H022112C	
9543	تعویض اورینگ	H022122C	
9544	تعویض نمایانگر روغن	H022132C	
9545	تعویض بیرینگ های ایراند	H022142C	
9546	نعویض ترانسفورماتور	H022152C	
9547	رفع ایراد برد	H032072C	
9548	تعویض اوریفیس	H032082C	
9549	تعویض شیربرقی	H032092C	
9550	شستشوی شاسی	H032102C	
9551	تعویض رله	H032112C	
9552	تعویض اورینگ	H032122C	
9553	تعویض نمایانگر روغن	H032132C	
9554	تعویض بیرینگ های ایراند	H032142C	
9555	نعویض ترانسفورماتور	H032152C	
9556	رفع ایراد برد	H042072C	
9557	تعویض اوریفیس	H042082C	
9558	تعویض شیربرقی	H042092C	
9559	شستشوی شاسی	H042102C	
9560	تعویض رله	H042112C	
9561	تعویض اورینگ	H042122C	
9562	تعویض نمایانگر روغن	H042132C	
9563	تعویض بیرینگ های ایراند	H042142C	
9564	نعویض ترانسفورماتور	H042152C	
9565	رفع ایراد برد	H052072C	
9566	تعویض اوریفیس	H052082C	
9567	تعویض شیربرقی	H052092C	
9568	شستشوی شاسی	H052102C	
9569	تعویض رله	H052112C	
9570	تعویض اورینگ	H052122C	
9571	تعویض نمایانگر روغن	H052132C	
9572	تعویض بیرینگ های ایراند	H052142C	
9573	نعویض ترانسفورماتور	H052152C	
9574	رفع ایراد برد	H062072C	
9575	تعویض اوریفیس	H062082C	
9576	تعویض شیربرقی	H062092C	
9577	شستشوی شاسی	H062102C	
9578	تعویض رله	H062112C	
9579	تعویض اورینگ	H062122C	
9580	تعویض نمایانگر روغن	H062132C	
9581	تعویض بیرینگ های ایراند	H062142C	
9582	نعویض ترانسفورماتور	H062152C	
9583	رفع ایراد برد	H072072C	
9584	تعویض اوریفیس	H072082C	
9585	تعویض شیربرقی	H072092C	
9586	شستشوی شاسی	H072102C	
9587	تعویض رله	H072112C	
9588	تعویض اورینگ	H072122C	
9589	تعویض نمایانگر روغن	H072132C	
9590	تعویض بیرینگ های ایراند	H072142C	
9591	نعویض ترانسفورماتور	H072152C	
9592	رفع ایراد برد	H082072C	
9593	تعویض اوریفیس	H082082C	
9594	تعویض شیربرقی	H082092C	
9595	شستشوی شاسی	H082102C	
9596	تعویض رله	H082112C	
9597	تعویض اورینگ	H082122C	
9598	تعویض نمایانگر روغن	H082132C	
9599	تعویض بیرینگ های ایراند	H082142C	
9600	نعویض ترانسفورماتور	H082152C	
9601	رفع ایراد برد	H102072C	
9602	تعویض اوریفیس	H102082C	
9603	تعویض شیربرقی	H102092C	
9604	شستشوی شاسی	H102102C	
9605	تعویض رله	H102112C	
9606	تعویض اورینگ	H102122C	
9607	تعویض نمایانگر روغن	H102132C	
9608	تعویض بیرینگ های ایراند	H102142C	
9609	نعویض ترانسفورماتور	H102152C	
9610	رفع ایراد برد	H112072C	
9611	تعویض اوریفیس	H112082C	
9612	تعویض شیربرقی	H112092C	
9613	شستشوی شاسی	H112102C	
9614	تعویض رله	H112112C	
9615	تعویض اورینگ	H112122C	
9616	تعویض نمایانگر روغن	H112132C	
9617	تعویض بیرینگ های ایراند	H112142C	
9618	نعویض ترانسفورماتور	H112152C	
9619	رفع ایراد برد	H122072C	
9620	تعویض اوریفیس	H122082C	
9621	تعویض شیربرقی	H122092C	
9622	شستشوی شاسی	H122102C	
9623	تعویض رله	H122112C	
9624	تعویض اورینگ	H122122C	
9625	تعویض نمایانگر روغن	H122132C	
9626	تعویض بیرینگ های ایراند	H122142C	
9627	نعویض ترانسفورماتور	H122152C	
9628	رفع ایراد برد	H132072C	
9629	تعویض اوریفیس	H132082C	
9630	تعویض شیربرقی	H132092C	
9631	شستشوی شاسی	H132102C	
9632	تعویض رله	H132112C	
9633	تعویض اورینگ	H132122C	
9634	تعویض نمایانگر روغن	H132132C	
9635	تعویض بیرینگ های ایراند	H132142C	
9636	نعویض ترانسفورماتور	H132152C	
9637	رفع ایراد برد	H142072C	
9638	تعویض اوریفیس	H142082C	
9639	تعویض شیربرقی	H142092C	
9640	شستشوی شاسی	H142102C	
9641	تعویض رله	H142112C	
9642	تعویض اورینگ	H142122C	
9643	تعویض نمایانگر روغن	H142132C	
9644	تعویض بیرینگ های ایراند	H142142C	
9645	نعویض ترانسفورماتور	H142152C	
9646	رفع ایراد برد	H152072C	
9647	تعویض اوریفیس	H152082C	
9648	تعویض شیربرقی	H152092C	
9649	شستشوی شاسی	H152102C	
9650	تعویض رله	H152112C	
9651	تعویض اورینگ	H152122C	
9652	تعویض نمایانگر روغن	H152132C	
9653	تعویض بیرینگ های ایراند	H152142C	
9654	نعویض ترانسفورماتور	H152152C	
9655	رفع ایراد برد	H162072C	
9656	تعویض اوریفیس	H162082C	
9657	تعویض شیربرقی	H162092C	
9658	شستشوی شاسی	H162102C	
9659	تعویض رله	H162112C	
9660	تعویض اورینگ	H162122C	
9661	تعویض نمایانگر روغن	H162132C	
9662	تعویض بیرینگ های ایراند	H162142C	
9663	نعویض ترانسفورماتور	H162152C	
9664	رفع ایراد برد	A002072C	
9665	تعویض اوریفیس	A002082C	
9666	تعویض شیربرقی	A002092C	
9667	شستشوی شاسی	A002102C	
9668	تعویض رله	A002112C	
9669	تعویض اورینگ	A002122C	
9670	تعویض نمایانگر روغن	A002132C	
9671	تعویض بیرینگ های ایراند	A002142C	
9672	نعویض ترانسفورماتور	A002152C	
9673	رفع ایراد برد	A032072C	
9674	تعویض اوریفیس	A032082C	
9675	تعویض شیربرقی	A032092C	
9676	شستشوی شاسی	A032102C	
9677	تعویض رله	A032112C	
9678	تعویض اورینگ	A032122C	
9679	تعویض نمایانگر روغن	A032132C	
9680	تعویض بیرینگ های ایراند	A032142C	
9681	نعویض ترانسفورماتور	A032152C	
9682	رفع ایراد برد	A042072C	
9683	تعویض اوریفیس	A042082C	
9684	تعویض شیربرقی	A042092C	
9685	شستشوی شاسی	A042102C	
9686	تعویض رله	A042112C	
9687	تعویض اورینگ	A042122C	
9688	تعویض نمایانگر روغن	A042132C	
9689	تعویض بیرینگ های ایراند	A042142C	
9690	نعویض ترانسفورماتور	A042152C	
9691	رفع ایراد برد	A052072C	
9692	تعویض اوریفیس	A052082C	
9693	تعویض شیربرقی	A052092C	
9694	شستشوی شاسی	A052102C	
9695	تعویض رله	A052112C	
9696	تعویض اورینگ	A052122C	
9697	تعویض نمایانگر روغن	A052132C	
9698	تعویض بیرینگ های ایراند	A052142C	
9699	نعویض ترانسفورماتور	A052152C	
9700	رفع ایراد برد	A062072C	
9701	تعویض اوریفیس	A062082C	
9702	تعویض شیربرقی	A062092C	
9703	شستشوی شاسی	A062102C	
9704	تعویض رله	A062112C	
9705	تعویض اورینگ	A062122C	
9706	تعویض نمایانگر روغن	A062132C	
9707	تعویض بیرینگ های ایراند	A062142C	
9708	نعویض ترانسفورماتور	A062152C	
9709	رفع ایراد برد	A072072C	
9710	تعویض اوریفیس	A072082C	
9711	تعویض شیربرقی	A072092C	
9712	شستشوی شاسی	A072102C	
9713	تعویض رله	A072112C	
9714	تعویض اورینگ	A072122C	
9715	تعویض نمایانگر روغن	A072132C	
9716	تعویض بیرینگ های ایراند	A072142C	
9717	نعویض ترانسفورماتور	A072152C	
9718	رفع ایراد برد	A102072C	
9719	تعویض اوریفیس	A102082C	
9720	تعویض شیربرقی	A102092C	
9721	شستشوی شاسی	A102102C	
9722	تعویض رله	A102112C	
9723	تعویض اورینگ	A102122C	
9724	تعویض نمایانگر روغن	A102132C	
9725	تعویض بیرینگ های ایراند	A102142C	
9726	نعویض ترانسفورماتور	A102152C	
9727	رفع ایراد برد	A112072C	
9728	تعویض اوریفیس	A112082C	
9729	تعویض شیربرقی	A112092C	
9730	شستشوی شاسی	A112102C	
9731	تعویض رله	A112112C	
9732	تعویض اورینگ	A112122C	
9733	تعویض نمایانگر روغن	A112132C	
9734	تعویض بیرینگ های ایراند	A112142C	
9735	نعویض ترانسفورماتور	A112152C	
9736	رفع ایراد برد	A122072C	
9737	تعویض اوریفیس	A122082C	
9738	تعویض شیربرقی	A122092C	
9739	شستشوی شاسی	A122102C	
9740	تعویض رله	A122112C	
9741	تعویض اورینگ	A122122C	
9742	تعویض نمایانگر روغن	A122132C	
9743	تعویض بیرینگ های ایراند	A122142C	
9744	نعویض ترانسفورماتور	A122152C	
9745	رفع ایراد برد	A132072C	
9746	تعویض اوریفیس	A132082C	
9747	تعویض شیربرقی	A132092C	
9748	شستشوی شاسی	A132102C	
9749	تعویض رله	A132112C	
9750	تعویض اورینگ	A132122C	
9751	تعویض نمایانگر روغن	A132132C	
9752	تعویض بیرینگ های ایراند	A132142C	
9753	نعویض ترانسفورماتور	A132152C	
9754	رفع ایراد برد	A142072C	
9755	تعویض اوریفیس	A142082C	
9756	تعویض شیربرقی	A142092C	
9757	شستشوی شاسی	A142102C	
9758	تعویض رله	A142112C	
9759	تعویض اورینگ	A142122C	
9760	تعویض نمایانگر روغن	A142132C	
9761	تعویض بیرینگ های ایراند	A142142C	
9762	نعویض ترانسفورماتور	A142152C	
9763	رفع ایراد برد	A152072C	
9764	تعویض اوریفیس	A152082C	
9765	تعویض شیربرقی	A152092C	
9766	شستشوی شاسی	A152102C	
9767	تعویض رله	A152112C	
9768	تعویض اورینگ	A152122C	
9769	تعویض نمایانگر روغن	A152132C	
9770	تعویض بیرینگ های ایراند	A152142C	
9771	نعویض ترانسفورماتور	A152152C	
9772	رفع ایراد برد	M172072C	
9773	تعویض اوریفیس	M172082C	
9774	تعویض شیربرقی	M172092C	
9775	شستشوی شاسی	M172102C	
9776	تعویض رله	M172112C	
9777	تعویض اورینگ	M172122C	
9778	تعویض نمایانگر روغن	M172132C	
9779	تعویض بیرینگ های ایراند	M172142C	
9780	نعویض ترانسفورماتور	M172152C	
9781	رفع ایراد برد	Y012071C	
9782	تعویض اوریفیس	Y012081C	
9783	تعویض شیربرقی	Y012091C	
9784	شستشوی شاسی	Y012101C	
9785	تعویض رله	Y012111C	
9786	تعویض اورینگ	Y012121C	
9787	تعویض نمایانگر روغن	Y012131C	
9788	تعویض بیرینگ های ایراند	Y012141C	
9789	نعویض ترانسفورماتور	Y012151C	
9790	رفع ایراد برد	Y022071C	
9791	تعویض اوریفیس	Y022081C	
9792	تعویض شیربرقی	Y022091C	
9793	شستشوی شاسی	Y022101C	
9794	تعویض رله	Y022111C	
9795	تعویض اورینگ	Y022121C	
9796	تعویض نمایانگر روغن	Y022131C	
9797	تعویض بیرینگ های ایراند	Y022141C	
9798	نعویض ترانسفورماتور	Y022151C	
9799	رفع ایراد برد	Y032071C	
9800	تعویض اوریفیس	Y032081C	
9801	تعویض شیربرقی	Y032091C	
9802	شستشوی شاسی	Y032101C	
9803	تعویض رله	Y032111C	
9804	تعویض اورینگ	Y032121C	
9805	تعویض نمایانگر روغن	Y032131C	
9806	تعویض بیرینگ های ایراند	Y032141C	
9807	نعویض ترانسفورماتور	Y032151C	
9808	رفع ایراد برد	Y042071C	
9809	تعویض اوریفیس	Y042081C	
9810	تعویض شیربرقی	Y042091C	
9811	شستشوی شاسی	Y042101C	
9812	تعویض رله	Y042111C	
9813	تعویض اورینگ	Y042121C	
9814	تعویض نمایانگر روغن	Y042131C	
9815	تعویض بیرینگ های ایراند	Y042141C	
9816	نعویض ترانسفورماتور	Y042151C	
9817	رفع ایراد برد	Y052071C	
9818	تعویض اوریفیس	Y052081C	
9819	تعویض شیربرقی	Y052091C	
9820	شستشوی شاسی	Y052101C	
9821	تعویض رله	Y052111C	
9822	تعویض اورینگ	Y052121C	
9823	تعویض نمایانگر روغن	Y052131C	
9824	تعویض بیرینگ های ایراند	Y052141C	
9825	نعویض ترانسفورماتور	Y052151C	
9826	رفع ایراد برد	Y062071C	
9827	تعویض اوریفیس	Y062081C	
9828	تعویض شیربرقی	Y062091C	
9829	شستشوی شاسی	Y062101C	
9830	تعویض رله	Y062111C	
9831	تعویض اورینگ	Y062121C	
9832	تعویض نمایانگر روغن	Y062131C	
9833	تعویض بیرینگ های ایراند	Y062141C	
9834	نعویض ترانسفورماتور	Y062151C	
9835	رفع ایراد برد	Y072071C	
9836	تعویض اوریفیس	Y072081C	
9837	تعویض شیربرقی	Y072091C	
9838	شستشوی شاسی	Y072101C	
9839	تعویض رله	Y072111C	
9840	تعویض اورینگ	Y072121C	
9841	تعویض نمایانگر روغن	Y072131C	
9842	تعویض بیرینگ های ایراند	Y072141C	
9843	نعویض ترانسفورماتور	Y072151C	
9844	رفع ایراد برد	Y082071C	
9845	تعویض اوریفیس	Y082081C	
9846	تعویض شیربرقی	Y082091C	
9847	شستشوی شاسی	Y082101C	
9848	تعویض رله	Y082111C	
9849	تعویض اورینگ	Y082121C	
9850	تعویض نمایانگر روغن	Y082131C	
9851	تعویض بیرینگ های ایراند	Y082141C	
9852	نعویض ترانسفورماتور	Y082151C	
9853	رفع ایراد برد	Y092071C	
9854	تعویض اوریفیس	Y092081C	
9855	تعویض شیربرقی	Y092091C	
9856	شستشوی شاسی	Y092101C	
9857	تعویض رله	Y092111C	
9858	تعویض اورینگ	Y092121C	
9859	تعویض نمایانگر روغن	Y092131C	
9860	تعویض بیرینگ های ایراند	Y092141C	
9861	نعویض ترانسفورماتور	Y092151C	
9862	رفع ایراد برد	Y102071C	
9863	تعویض اوریفیس	Y102081C	
9864	تعویض شیربرقی	Y102091C	
9865	شستشوی شاسی	Y102101C	
9866	تعویض رله	Y102111C	
9867	تعویض اورینگ	Y102121C	
9868	تعویض نمایانگر روغن	Y102131C	
9869	تعویض بیرینگ های ایراند	Y102141C	
9870	نعویض ترانسفورماتور	Y102151C	
9871	رفع ایراد برد	Y112071C	
9872	تعویض اوریفیس	Y112081C	
9873	تعویض شیربرقی	Y112091C	
9874	شستشوی شاسی	Y112101C	
9875	تعویض رله	Y112111C	
9876	تعویض اورینگ	Y112121C	
9877	تعویض نمایانگر روغن	Y112131C	
9878	تعویض بیرینگ های ایراند	Y112141C	
9879	نعویض ترانسفورماتور	Y112151C	
9880	رفع ایراد برد	Y122071C	
9881	تعویض اوریفیس	Y122081C	
9882	تعویض شیربرقی	Y122091C	
9883	شستشوی شاسی	Y122101C	
9884	تعویض رله	Y122111C	
9885	تعویض اورینگ	Y122121C	
9886	تعویض نمایانگر روغن	Y122131C	
9887	تعویض بیرینگ های ایراند	Y122141C	
9888	نعویض ترانسفورماتور	Y122151C	
9889	رفع ایراد برد	Y132071C	
9890	تعویض اوریفیس	Y132081C	
9891	تعویض شیربرقی	Y132091C	
9892	شستشوی شاسی	Y132101C	
9893	تعویض رله	Y132111C	
9894	تعویض اورینگ	Y132121C	
9895	تعویض نمایانگر روغن	Y132131C	
9896	تعویض بیرینگ های ایراند	Y132141C	
9897	نعویض ترانسفورماتور	Y132151C	
9898	رفع ایراد برد	Y142071C	
9899	تعویض اوریفیس	Y142081C	
9900	تعویض شیربرقی	Y142091C	
9901	شستشوی شاسی	Y142101C	
9902	تعویض رله	Y142111C	
9903	تعویض اورینگ	Y142121C	
9904	تعویض نمایانگر روغن	Y142131C	
9905	تعویض بیرینگ های ایراند	Y142141C	
9906	نعویض ترانسفورماتور	Y142151C	
9907	رفع ایراد برد	Y152071C	
9908	تعویض اوریفیس	Y152081C	
9909	تعویض شیربرقی	Y152091C	
9910	شستشوی شاسی	Y152101C	
9911	تعویض رله	Y152111C	
9912	تعویض اورینگ	Y152121C	
9913	تعویض نمایانگر روغن	Y152131C	
9914	تعویض بیرینگ های ایراند	Y152141C	
9915	نعویض ترانسفورماتور	Y152151C	
9916	رفع ایراد برد	H012071C	
9917	تعویض اوریفیس	H012081C	
9918	تعویض شیربرقی	H012091C	
9919	شستشوی شاسی	H012101C	
9920	تعویض رله	H012111C	
9921	تعویض اورینگ	H012121C	
9922	تعویض نمایانگر روغن	H012131C	
9923	تعویض بیرینگ های ایراند	H012141C	
9924	نعویض ترانسفورماتور	H012151C	
9925	رفع ایراد برد	H022071C	
9926	تعویض اوریفیس	H022081C	
9927	تعویض شیربرقی	H022091C	
9928	شستشوی شاسی	H022101C	
9929	تعویض رله	H022111C	
9930	تعویض اورینگ	H022121C	
9931	تعویض نمایانگر روغن	H022131C	
9932	تعویض بیرینگ های ایراند	H022141C	
9933	نعویض ترانسفورماتور	H022151C	
9934	رفع ایراد برد	H032071C	
9935	تعویض اوریفیس	H032081C	
9936	تعویض شیربرقی	H032091C	
9937	شستشوی شاسی	H032101C	
9938	تعویض رله	H032111C	
9939	تعویض اورینگ	H032121C	
9940	تعویض نمایانگر روغن	H032131C	
9941	تعویض بیرینگ های ایراند	H032141C	
9942	نعویض ترانسفورماتور	H032151C	
9943	رفع ایراد برد	H042071C	
9944	تعویض اوریفیس	H042081C	
9945	تعویض شیربرقی	H042091C	
9946	شستشوی شاسی	H042101C	
9947	تعویض رله	H042111C	
9948	تعویض اورینگ	H042121C	
9949	تعویض نمایانگر روغن	H042131C	
9950	تعویض بیرینگ های ایراند	H042141C	
9951	نعویض ترانسفورماتور	H042151C	
9952	رفع ایراد برد	H052071C	
9953	تعویض اوریفیس	H052081C	
9954	تعویض شیربرقی	H052091C	
9955	شستشوی شاسی	H052101C	
9956	تعویض رله	H052111C	
9957	تعویض اورینگ	H052121C	
9958	تعویض نمایانگر روغن	H052131C	
9959	تعویض بیرینگ های ایراند	H052141C	
9960	نعویض ترانسفورماتور	H052151C	
9961	رفع ایراد برد	H062071C	
9962	تعویض اوریفیس	H062081C	
9963	تعویض شیربرقی	H062091C	
9964	شستشوی شاسی	H062101C	
9965	تعویض رله	H062111C	
9966	تعویض اورینگ	H062121C	
9967	تعویض نمایانگر روغن	H062131C	
9968	تعویض بیرینگ های ایراند	H062141C	
9969	نعویض ترانسفورماتور	H062151C	
9970	رفع ایراد برد	H072071C	
9971	تعویض اوریفیس	H072081C	
9972	تعویض شیربرقی	H072091C	
9973	شستشوی شاسی	H072101C	
9974	تعویض رله	H072111C	
9975	تعویض اورینگ	H072121C	
9976	تعویض نمایانگر روغن	H072131C	
9977	تعویض بیرینگ های ایراند	H072141C	
9978	نعویض ترانسفورماتور	H072151C	
9979	رفع ایراد برد	H082071C	
9980	تعویض اوریفیس	H082081C	
9981	تعویض شیربرقی	H082091C	
9982	شستشوی شاسی	H082101C	
9983	تعویض رله	H082111C	
9984	تعویض اورینگ	H082121C	
9985	تعویض نمایانگر روغن	H082131C	
9986	تعویض بیرینگ های ایراند	H082141C	
9987	نعویض ترانسفورماتور	H082151C	
9988	رفع ایراد برد	H102071C	
9989	تعویض اوریفیس	H102081C	
9990	تعویض شیربرقی	H102091C	
9991	شستشوی شاسی	H102101C	
9992	تعویض رله	H102111C	
9993	تعویض اورینگ	H102121C	
9994	تعویض نمایانگر روغن	H102131C	
9995	تعویض بیرینگ های ایراند	H102141C	
9996	نعویض ترانسفورماتور	H102151C	
9997	رفع ایراد برد	H112071C	
9998	تعویض اوریفیس	H112081C	
9999	تعویض شیربرقی	H112091C	
10000	شستشوی شاسی	H112101C	
10001	تعویض رله	H112111C	
10002	تعویض اورینگ	H112121C	
10003	تعویض نمایانگر روغن	H112131C	
10004	تعویض بیرینگ های ایراند	H112141C	
10005	نعویض ترانسفورماتور	H112151C	
10006	رفع ایراد برد	H122071C	
10007	تعویض اوریفیس	H122081C	
10008	تعویض شیربرقی	H122091C	
10009	شستشوی شاسی	H122101C	
10010	تعویض رله	H122111C	
10011	تعویض اورینگ	H122121C	
10012	تعویض نمایانگر روغن	H122131C	
10013	تعویض بیرینگ های ایراند	H122141C	
10014	نعویض ترانسفورماتور	H122151C	
10015	رفع ایراد برد	H132071C	
10016	تعویض اوریفیس	H132081C	
10017	تعویض شیربرقی	H132091C	
10018	شستشوی شاسی	H132101C	
10019	تعویض رله	H132111C	
10020	تعویض اورینگ	H132121C	
10021	تعویض نمایانگر روغن	H132131C	
10022	تعویض بیرینگ های ایراند	H132141C	
10023	نعویض ترانسفورماتور	H132151C	
10024	رفع ایراد برد	H142071C	
10025	تعویض اوریفیس	H142081C	
10026	تعویض شیربرقی	H142091C	
10027	شستشوی شاسی	H142101C	
10028	تعویض رله	H142111C	
10029	تعویض اورینگ	H142121C	
10030	تعویض نمایانگر روغن	H142131C	
10031	تعویض بیرینگ های ایراند	H142141C	
10032	نعویض ترانسفورماتور	H142151C	
10033	رفع ایراد برد	H152071C	
10034	تعویض اوریفیس	H152081C	
10035	تعویض شیربرقی	H152091C	
10036	شستشوی شاسی	H152101C	
10037	تعویض رله	H152111C	
10038	تعویض اورینگ	H152121C	
10039	تعویض نمایانگر روغن	H152131C	
10040	تعویض بیرینگ های ایراند	H152141C	
10041	نعویض ترانسفورماتور	H152151C	
10042	رفع ایراد برد	H162071C	
10043	تعویض اوریفیس	H162081C	
10044	تعویض شیربرقی	H162091C	
10045	شستشوی شاسی	H162101C	
10046	تعویض رله	H162111C	
10047	تعویض اورینگ	H162121C	
10048	تعویض نمایانگر روغن	H162131C	
10049	تعویض بیرینگ های ایراند	H162141C	
10050	نعویض ترانسفورماتور	H162151C	
10051	رفع ایراد برد	A002071C	
10052	تعویض اوریفیس	A002081C	
10053	تعویض شیربرقی	A002091C	
10054	شستشوی شاسی	A002101C	
10055	تعویض رله	A002111C	
10056	تعویض اورینگ	A002121C	
10057	تعویض نمایانگر روغن	A002131C	
10058	تعویض بیرینگ های ایراند	A002141C	
10059	نعویض ترانسفورماتور	A002151C	
10060	رفع ایراد برد	A032071C	
10061	تعویض اوریفیس	A032081C	
10062	تعویض شیربرقی	A032091C	
10063	شستشوی شاسی	A032101C	
10064	تعویض رله	A032111C	
10065	تعویض اورینگ	A032121C	
10066	تعویض نمایانگر روغن	A032131C	
10067	تعویض بیرینگ های ایراند	A032141C	
10068	نعویض ترانسفورماتور	A032151C	
10069	رفع ایراد برد	A042071C	
10070	تعویض اوریفیس	A042081C	
10071	تعویض شیربرقی	A042091C	
10072	شستشوی شاسی	A042101C	
10073	تعویض رله	A042111C	
10074	تعویض اورینگ	A042121C	
10075	تعویض نمایانگر روغن	A042131C	
10076	تعویض بیرینگ های ایراند	A042141C	
10077	نعویض ترانسفورماتور	A042151C	
10078	رفع ایراد برد	A052071C	
10079	تعویض اوریفیس	A052081C	
10080	تعویض شیربرقی	A052091C	
10081	شستشوی شاسی	A052101C	
10082	تعویض رله	A052111C	
10083	تعویض اورینگ	A052121C	
10084	تعویض نمایانگر روغن	A052131C	
10085	تعویض بیرینگ های ایراند	A052141C	
10086	نعویض ترانسفورماتور	A052151C	
10087	رفع ایراد برد	A062071C	
10088	تعویض اوریفیس	A062081C	
10089	تعویض شیربرقی	A062091C	
10090	شستشوی شاسی	A062101C	
10091	تعویض رله	A062111C	
10092	تعویض اورینگ	A062121C	
10093	تعویض نمایانگر روغن	A062131C	
10094	تعویض بیرینگ های ایراند	A062141C	
10095	نعویض ترانسفورماتور	A062151C	
10096	رفع ایراد برد	A072071C	
10097	تعویض اوریفیس	A072081C	
10098	تعویض شیربرقی	A072091C	
10099	شستشوی شاسی	A072101C	
10100	تعویض رله	A072111C	
10101	تعویض اورینگ	A072121C	
10102	تعویض نمایانگر روغن	A072131C	
10103	تعویض بیرینگ های ایراند	A072141C	
10104	نعویض ترانسفورماتور	A072151C	
10105	رفع ایراد برد	A102071C	
10106	تعویض اوریفیس	A102081C	
10107	تعویض شیربرقی	A102091C	
10108	شستشوی شاسی	A102101C	
10109	تعویض رله	A102111C	
10110	تعویض اورینگ	A102121C	
10111	تعویض نمایانگر روغن	A102131C	
10112	تعویض بیرینگ های ایراند	A102141C	
10113	نعویض ترانسفورماتور	A102151C	
10114	رفع ایراد برد	A112071C	
10115	تعویض اوریفیس	A112081C	
10116	تعویض شیربرقی	A112091C	
10117	شستشوی شاسی	A112101C	
10118	تعویض رله	A112111C	
10119	تعویض اورینگ	A112121C	
10120	تعویض نمایانگر روغن	A112131C	
10121	تعویض بیرینگ های ایراند	A112141C	
10122	نعویض ترانسفورماتور	A112151C	
10123	رفع ایراد برد	A122071C	
10124	تعویض اوریفیس	A122081C	
10125	تعویض شیربرقی	A122091C	
10126	شستشوی شاسی	A122101C	
10127	تعویض رله	A122111C	
10128	تعویض اورینگ	A122121C	
10129	تعویض نمایانگر روغن	A122131C	
10130	تعویض بیرینگ های ایراند	A122141C	
10131	نعویض ترانسفورماتور	A122151C	
10132	رفع ایراد برد	A132071C	
10133	تعویض اوریفیس	A132081C	
10134	تعویض شیربرقی	A132091C	
10135	شستشوی شاسی	A132101C	
10136	تعویض رله	A132111C	
10137	تعویض اورینگ	A132121C	
10138	تعویض نمایانگر روغن	A132131C	
10139	تعویض بیرینگ های ایراند	A132141C	
10140	نعویض ترانسفورماتور	A132151C	
10141	رفع ایراد برد	A142071C	
10142	تعویض اوریفیس	A142081C	
10143	تعویض شیربرقی	A142091C	
10144	شستشوی شاسی	A142101C	
10145	تعویض رله	A142111C	
10146	تعویض اورینگ	A142121C	
10147	تعویض نمایانگر روغن	A142131C	
10148	تعویض بیرینگ های ایراند	A142141C	
10149	نعویض ترانسفورماتور	A142151C	
10150	رفع ایراد برد	A152071C	
10151	تعویض اوریفیس	A152081C	
10152	تعویض شیربرقی	A152091C	
10153	شستشوی شاسی	A152101C	
10154	تعویض رله	A152111C	
10155	تعویض اورینگ	A152121C	
10156	تعویض نمایانگر روغن	A152131C	
10157	تعویض بیرینگ های ایراند	A152141C	
10158	نعویض ترانسفورماتور	A152151C	
10159	رفع ایراد برد	M172071C	
10160	تعویض اوریفیس	M172081C	
10161	تعویض شیربرقی	M172091C	
10162	شستشوی شاسی	M172101C	
10163	تعویض رله	M172111C	
10164	تعویض اورینگ	M172121C	
10165	تعویض نمایانگر روغن	M172131C	
10166	تعویض بیرینگ های ایراند	M172141C	
10167	نعویض ترانسفورماتور	M172151C	
10168	تعویض کیت کاسه نمد 	H081871C	
10169	تعویض/ سرویس اتودرین	H081991C	
10170	تعویض فیلتر هوا	H111052C	
10171	تعویض فیلتر هوا	H111051C	
10172	تعویض فیلتر روغن	H111062C	
10173	تعویض فیلتر روغن	H111061C	
10174	تعویض فیلتر سپراتور 	H111072C	
10175	تعویض فیلتر سپراتور 	H111071C	
10176	تعویض فیلتر هوا	H121052C	
10177	تعویض فیلتر هوا	H121051C	
10178	تعویض فیلتر روغن	H121062C	
10179	تعویض فیلتر روغن	H121061C	
10180	تعویض فیلتر سپراتور 	H121072C	
10181	تعویض فیلتر سپراتور 	H121071C	
10182	تعویض کیت آنلودر	H111122C	
10183	تعویض کیت آنلودر	H111121C	
10184	تعویض کیت مینیمم پرشرولو	H111112C	
10185	تعویض کیت مینیمم پرشرولو	H111111C	
10186	تعویض ترموستاتیک ولو	H111102C	
10187	تعویض ترموستاتیک ولو	H111101C	
10188	تعویض کیت آنلودر	H121122C	
10189	تعویض کیت آنلودر	H121121C	
10190	تعویض کیت مینیمم پرشرولو	H121112C	
10191	تعویض کیت مینیمم پرشرولو	H121111C	
10192	تعویض ترموستاتیک ولو	H121102C	
10193	تعویض ترموستاتیک ولو	H121101C	
10194	دمونتاژ ایراند	H121012C	
10195	دمونتاژ ایراند	H121021C	
10196	مونتاژ ایراند	H121022C	
10197	مونتاژ ایراند	H121021C	
10198	دمونتاژ آنلودر	H121032C	
10199	دمونتاژ آنلودر	H121031C	
10200	مونتاژ آنلودر	H121042C	
10201	مونتاژ آنلودر	H121041C	
10202	دمونتاژ کوپلینگ	H081902C	
10203	دمونتاژ کوپلینگ	H081901C	
10204	مونتاژ کوپلینگ	H081912C	
10205	مونتاژ کوپلینگ	H081911C	
10206	تعویض/ سرویس اتودرین	H071992C	
10207	تعویض/ سرویس اتودرین	H071991C	
10208	تعویض کیت کاسه نمد	H081872C	
10209	تعویض کیت کاسه نمد	H011872C	
10210	تعویض کیت کاسه نمد	H011871C	
10211	تعویض کیت کاسه نمد	H021872C	
10212	تعویض کیت کاسه نمد	H021871C	
10213	تعویض کیت کاسه نمد	H031872C	
10214	تعویض کیت کاسه نمد	H031871C	
10215	تعویض کیت کاسه نمد	H041872C	
10216	تعویض کیت کاسه نمد	H041871C	
10217	تعویض کیت کاسه نمد	H051872C	
10218	تعویض کیت کاسه نمد	H051871C	
10219	تعویض کیت کاسه نمد	H061872C	
10220	تعویض کیت کاسه نمد	H061871C	
10221	تعویض کیت کاسه نمد	H071872C	
10222	تعویض کیت کاسه نمد	H071871C	
10223	تعویض/ سرویس اتودرین	Y011992C	
10224	تعویض/ سرویس اتودرین	Y011991C	
10225	تعویض/ سرویس اتودرین	Y021992C	
10226	تعویض/ سرویس اتودرین	Y021991C	
10227	تعویض/ سرویس اتودرین	Y031992C	
10228	تعویض/ سرویس اتودرین	Y031991C	
10229	تعویض/ سرویس اتودرین	Y041992C	
10230	تعویض/ سرویس اتودرین	Y041991C	
10231	تعویض/ سرویس اتودرین	Y051992C	
10232	تعویض/ سرویس اتودرین	Y051991C	
10233	تعویض/ سرویس اتودرین	Y061992C	
10234	تعویض/ سرویس اتودرین	Y061991C	
10235	تعویض/ سرویس اتودرین	Y071992C	
10236	تعویض/ سرویس اتودرین	Y071991C	
10237	تعویض/ سرویس اتودرین	Y081992C	
10238	تعویض/ سرویس اتودرین	Y081991C	
10239	تعویض/ سرویس اتودرین	Y091992C	
10240	تعویض/ سرویس اتودرین	Y091991C	
10241	تعویض/ سرویس اتودرین	H011992C	
10242	تعویض/ سرویس اتودرین	H011991C	
10243	تعویض/ سرویس اتودرین	H021992C	
10244	تعویض/ سرویس اتودرین	H021991C	
10245	تعویض/ سرویس اتودرین	H031992C	
10246	تعویض/ سرویس اتودرین	H031991C	
10247	تعویض/ سرویس اتودرین	H041992C	
10248	تعویض/ سرویس اتودرین	H041991C	
10249	تعویض/ سرویس اتودرین	H051992C	
10250	تعویض/ سرویس اتودرین	H051991C	
10251	تعویض/ سرویس اتودرین	H061992C	
10252	تعویض/ سرویس اتودرین	H061991C	
10253	تعویض/ سرویس اتودرین	H071992C	
10254	تعویض/ سرویس اتودرین	H071991C	
10255	تعویض/ سرویس اتودرین	H081992C	
10256	تعویض/ سرویس اتودرین	H081991C	
10257	تعویض/ سرویس اتودرین	H101992C	
10258	تعویض/ سرویس اتودرین	H101991C	
10259	تعویض/ سرویس اتودرین	H111992C	
10260	تعویض/ سرویس اتودرین	H111991C	
10261	تعویض/ سرویس اتودرین	H121992C	
10262	تعویض/ سرویس اتودرین	H121991C	
10263	تعویض/ سرویس اتودرین	H131992C	
10264	تعویض/ سرویس اتودرین	H131991C	
10265	تعویض/ سرویس اتودرین	H141992C	
10266	تعویض/ سرویس اتودرین	H141991C	
10267	تعویض/ سرویس اتودرین	H151992C	
10268	تعویض/ سرویس اتودرین	H151991C	
10269	تعویض/ سرویس اتودرین	H161992C	
10270	تعویض/ سرویس اتودرین	H161991C	
10271	تعویض/ سرویس اتودرین	A001992C	
10272	تعویض/ سرویس اتودرین	A001991C	
10273	تعویض/ سرویس اتودرین	A031992C	
10274	تعویض/ سرویس اتودرین	A031991C	
10275	تعویض/ سرویس اتودرین	A041992C	
10276	تعویض/ سرویس اتودرین	A041991C	
10277	تعویض/ سرویس اتودرین	A051992C	
10278	تعویض/ سرویس اتودرین	A051991C	
10279	تعویض/ سرویس اتودرین	A061992C	
10280	تعویض/ سرویس اتودرین	A061991C	
10281	تعویض/ سرویس اتودرین	A071992C	
10282	تعویض/ سرویس اتودرین	A071991C	
10283	دمونتاژ ایراند	H111012C	
10284	دمونتاژ ایراند	H111011C	
10285	مونتاژ ایراند	H111022C	
10286	مونتاژ ایراند	H111021C	
10287	دمونتاژ ایراند	H121012C	
10288	دمونتاژ ایراند	H121011C	
10289	مونتاژ ایراند	H121022C	
10290	مونتاژ ایراند	H121021C	
10291	دمونتاژ ایراند	A121012C	
10292	دمونتاژ ایراند	A121011C	
10293	مونتاژ ایراند	A121022C	
10294	مونتاژ ایراند	A121021C	
10295	دمونتاژ ایراند	A011012C	
10296	مونتاژ ایراند	A011022C	
10297	دمونتاژ آنلودر	A011032C	
10298	مونتاژ آنلودر	A011042C	
10299	تعویض فیلتر هوا	A011052C	
10300	تعویض فیلتر روغن	A011062C	
10301	تعویض فیلتر سپراتور 	A011072C	
10302	تعویض روغن	A011082C	
10303	تعویض کیت اویل استاپ ولو	A011092C	
10304	تعویض ترموستاتیک ولو	A011102C	
10305	تعویض کیت مینیمم پرشرولو	A011112C	
10306	تعویض کیت آنلودر	A011122C	
10307	تعویض تسمه ها	A011132C	
10308	دمونتاژ الکتروموتور	A011142C	
10309	مونتاژ الکتروموتور	A011152C	
10310	تعویض پولی ایراند	A011162C	
10311	تعویض پولی الکتروموتور	A011172C	
10312	دمونتاژ مینیمم پرشرولو	A011182C	
10313	مونتاژ مینیمم پرشرولو	A011192C	
10314	تعویض سوپاپ اطمینان	A011202C	
10315	مونتاژ رادیاتور	A011212C	
10316	دمونتاژ رادیاتور	A011222C	
10317	مونتاژ شاسی متحرک	A011232C	
10318	دمونتاژ شاسی متحرک	A011242C	
10319	مونتاژ/تعویض فن خنک کننده	A011252C	
10320	دمونتاژ فن خنک کننده	A011262C	
10321	تعویض کنتاکتور	A011272C	
10322	تعویض بی متال	A011282C	
10323	تعویض کنترل فاز	A011292C	
10324	تعویض کلید حرارتی	A011302C	
10325	تعویض کلید ON-Off	A011312C	
10326	تعویض emergency stop	A011322C	
10327	تعویض برد کنترلی	A011332C	
10328	تعویض سنسور دما	A011342C	
10329	نعویض سنسور فشار	A011352C	
10330	تعویض شیر یکطرفه ساکشن	A011362C	
10331	تنظیم لوله ساکشن	A011372C	
10332	تعویض شلنگ هوا-روغن	A011382C	
10333	تعویض شلنگ از مینیمم به رادیاتور	A011392C	
10334	تعویض شلنگ از مخزن سپراتور به پایه فیلتر	A011402C	
10335	تعویض شلنگ از پایه فیلتر به ایراند	A011412C	
10336	تعویض شلنگ - لوله از پایه فیلتر به رادیاتور(رفت)	A011422C	
10337	تعویض شلنگ - لوله از پایه فیلتر به رادیاتور(برگشت)	A011432C	
10338	تعویض شلنگ های پنوماتیک 	A011442C	
10339	شستشوی رادیاتور	A011452C	
10340	شستشوی کمپرسور	A011462C	
10341	تعویض فوم ها و غبارگیر	A011472C	
10342	تعویض قفل کابینت(هرعدد)	A011482C	
10343	تعویض کابل قدرت 	A011492C	
10344	تعویض بلبرینگ های الکتروموتور	A011502C	
10345	تعویض بلبرینگ های الکتروموتور فن	A011512C	
10346	تعویض پروانه فن	A011522C	
10347	تعویض توری غبارگیر	A011532C	
10348	تعویض sight glass	A011542C	
10349	شستشوی مخزن سپراتور	A011552C	
10350	تعویض شلنگ تخلیه روغن	A011562C	
10351	تعویض شیر تخلیه روغن مخزن سپراتور	A011572C	
10352	تعویض لرزه گیر	A011582C	
10353	تنظیم پولی ها	A011592C	
10354	TEST RUN	A011602C	
10355	تعویض گیج مخزن سپراتور	A011612C	
10356	زنگ زدایی، لکه گیری و نقاشی	A011622C	
10357	تعویض چک ولو زیر ایراند	A011632C	
10358	تعویض واشر آببندی آنلودر	A011642C	
10359	تعویض واشر آببندی چک ولو زیر ایراند	A011652C	
10360	تعویض کابینت تابلو برق 	A011662C	
10361	تعویض درب تابلو برق  	A011672C	
10362	تعویض صفحه بالائی تابلو برق 	A011682C	
10363	تعویض صفحه پایینی تابلو برق 	A011692C	
10364	تعویض درب کابینت هر کدام	A011702C	
10365	تعویض پنل کابینت هر کدام	A011712C	
10366	تعویض ساپورت زیر  Electro Motor  هوایاری	A011722C	
10367	تعویض رابط ساپورت راست Electro Motor	A011732C	
10368	تعویض رابط ساپورت چپ Electro Motor 	A011742C	
10369	تعویض ساپورت نگهدارنده سقف کمپرسور	A011752C	
10370	تعویض پایه فن 	A011762C	
10371	تعویض پایه خرک 	A011772C	
10372	تعویض صفحه نگهدارنده قاب فن	A011782C	
10373	تعویض صفحه روی خرک 	A011792C	
10374	تعویض قاب رادیاتور 	A011802C	
10375	تعویض قاب تسمه 	A011812C	
10376	تعویض قاب کناری   Electro Motor	A011822C	
10377	تعویض قاب کناری تابلو برق 	A011832C	
10378	تعویض قاب ورودی هوا 	A011842C	
10379	تعویض قاب صداگیر 	A011852C	
10380	تعویض نگهدارنده مخزن 	A011862C	
10381	تعویض کیت کاسه نمد	A011872C	
10382	رفع ایراد برد	A012072C	
10383	تعویض اوریفیس	A012082C	
10384	تعویض شیربرقی	A012092C	
10385	شستشوی شاسی	A012102C	
10386	تعویض رله	A012112C	
10387	تعویض اورینگ	A012122C	
10388	تعویض نمایانگر روغن	A012132C	
10389	تعویض بیرینگ های ایراند	A012142C	
10390	نعویض ترانسفورماتور	A012152C	
10391	دمونتاژ ایراند	A011011C	
10392	مونتاژ ایراند	A011021C	
10393	دمونتاژ آنلودر	A011031C	
10394	مونتاژ آنلودر	A011041C	
10395	تعویض فیلتر هوا	A011051C	
10396	تعویض فیلتر روغن	A011061C	
10397	تعویض فیلتر سپراتور 	A011071C	
10398	تعویض روغن	A011081C	
10399	تعویض کیت اویل استاپ ولو	A011091C	
10400	تعویض ترموستاتیک ولو	A011101C	
10401	تعویض کیت مینیمم پرشرولو	A011111C	
10402	تعویض کیت آنلودر	A011121C	
10403	تعویض تسمه ها	A011131C	
10404	دمونتاژ الکتروموتور	A011141C	
10405	مونتاژ الکتروموتور	A011151C	
10406	تعویض پولی ایراند	A011161C	
10407	تعویض پولی الکتروموتور	A011171C	
10408	دمونتاژ مینیمم پرشرولو	A011181C	
10409	مونتاژ مینیمم پرشرولو	A011191C	
10410	تعویض سوپاپ اطمینان	A011201C	
10411	مونتاژ رادیاتور	A011211C	
10412	دمونتاژ رادیاتور	A011221C	
10413	مونتاژ شاسی متحرک	A011231C	
10414	دمونتاژ شاسی متحرک	A011241C	
10415	مونتاژ/تعویض فن خنک کننده	A011251C	
10416	دمونتاژ فن خنک کننده	A011261C	
10417	تعویض کنتاکتور	A011271C	
10418	تعویض بی متال	A011281C	
10419	تعویض کنترل فاز	A011291C	
10420	تعویض کلید حرارتی	A011301C	
10421	تعویض کلید ON-Off	A011311C	
10422	تعویض emergency stop	A011321C	
10423	تعویض برد کنترلی	A011331C	
10424	تعویض سنسور دما	A011341C	
10425	نعویض سنسور فشار	A011351C	
10426	تعویض شیر یکطرفه ساکشن	A011361C	
10427	تنظیم لوله ساکشن	A011371C	
10428	تعویض شلنگ هوا-روغن	A011381C	
10429	تعویض شلنگ از مینیمم به رادیاتور	A011391C	
10430	تعویض شلنگ از مخزن سپراتور به پایه فیلتر	A011401C	
10431	تعویض شلنگ از پایه فیلتر به ایراند	A011411C	
10432	تعویض شلنگ - لوله از پایه فیلتر به رادیاتور(رفت)	A011421C	
10433	تعویض شلنگ - لوله از پایه فیلتر به رادیاتور(برگشت)	A011431C	
10434	تعویض شلنگ های پنوماتیک 	A011441C	
10435	شستشوی رادیاتور	A011451C	
10436	شستشوی کمپرسور	A011461C	
10437	تعویض فوم ها و غبارگیر	A011471C	
10438	تعویض قفل کابینت(هرعدد)	A011481C	
10439	تعویض کابل قدرت 	A011491C	
10440	تعویض بلبرینگ های الکتروموتور	A011501C	
10441	تعویض بلبرینگ های الکتروموتور فن	A011511C	
10442	تعویض پروانه فن	A011521C	
10443	تعویض توری غبارگیر	A011531C	
10444	تعویض sight glass	A011541C	
10445	شستشوی مخزن سپراتور	A011551C	
10446	تعویض شلنگ تخلیه روغن	A011561C	
10447	تعویض شیر تخلیه روغن مخزن سپراتور	A011571C	
10448	تعویض لرزه گیر	A011581C	
10449	تنظیم پولی ها	A011591C	
10450	TEST RUN	A011601C	
10451	تعویض گیج مخزن سپراتور	A011611C	
10452	زنگ زدایی، لکه گیری و نقاشی	A011621C	
10453	تعویض چک ولو زیر ایراند	A011631C	
10454	تعویض واشر آببندی آنلودر	A011641C	
10455	تعویض واشر آببندی چک ولو زیر ایراند	A011651C	
10456	تعویض کابینت تابلو برق 	A011661C	
10457	تعویض درب تابلو برق  	A011671C	
10458	تعویض صفحه بالائی تابلو برق 	A011681C	
10459	تعویض صفحه پایینی تابلو برق 	A011691C	
10460	تعویض درب کابینت هر کدام	A011701C	
10461	تعویض پنل کابینت هر کدام	A011711C	
10462	تعویض ساپورت زیر  Electro Motor  هوایاری	A011721C	
10463	تعویض رابط ساپورت راست Electro Motor	A011731C	
10464	تعویض رابط ساپورت چپ Electro Motor 	A011741C	
10465	تعویض ساپورت نگهدارنده سقف کمپرسور	A011751C	
10466	تعویض پایه فن 	A011761C	
10467	تعویض پایه خرک 	A011771C	
10468	تعویض صفحه نگهدارنده قاب فن	A011781C	
10469	تعویض صفحه روی خرک 	A011791C	
10470	تعویض قاب رادیاتور 	A011801C	
10471	تعویض قاب تسمه 	A011811C	
10472	تعویض قاب کناری   Electro Motor	A011821C	
10473	تعویض قاب کناری تابلو برق 	A011831C	
10474	تعویض قاب ورودی هوا 	A011841C	
10475	تعویض قاب صداگیر 	A011851C	
10476	تعویض نگهدارنده مخزن 	A011861C	
10477	تعویض کیت کاسه نمد	A011871C	
10478	رفع ایراد برد	A012071C	
10479	تعویض اوریفیس	A012081C	
10480	تعویض شیربرقی	A012091C	
10481	شستشوی شاسی	A012101C	
10482	تعویض رله	A012111C	
10483	تعویض اورینگ	A012121C	
10484	تعویض نمایانگر روغن	A012131C	
10485	تعویض بیرینگ های ایراند	A012141C	
10486	نعویض ترانسفورماتور	A012151C	
10487	تعویض/ سرویس اتودرین	A011992C	
10488	تعویض/ سرویس اتودرین	A011991C	
10489	دمونتاژ ایراند	A081012C	
10490	مونتاژ ایراند	A081022C	
10491	دمونتاژ آنلودر	A081032C	
10492	مونتاژ آنلودر	A081042C	
10493	تعویض فیلتر هوا	A081052C	
10494	تعویض فیلتر روغن	A081062C	
10495	تعویض فیلتر سپراتور 	A081072C	
10496	تعویض روغن	A081082C	
10497	تعویض کیت اویل استاپ ولو	A081092C	
10498	تعویض ترموستاتیک ولو	A081102C	
10499	تعویض کیت مینیمم پرشرولو	A081112C	
10500	تعویض کیت آنلودر	A081122C	
10501	تعویض تسمه ها	A081132C	
10502	دمونتاژ الکتروموتور	A081142C	
10503	مونتاژ الکتروموتور	A081152C	
10504	تعویض پولی ایراند	A081162C	
10505	تعویض پولی الکتروموتور	A081172C	
10506	دمونتاژ مینیمم پرشرولو	A081182C	
10507	مونتاژ مینیمم پرشرولو	A081192C	
10508	تعویض سوپاپ اطمینان	A081202C	
10509	مونتاژ رادیاتور	A081212C	
10510	دمونتاژ رادیاتور	A081222C	
10511	مونتاژ شاسی متحرک	A081232C	
10512	دمونتاژ شاسی متحرک	A081242C	
10513	مونتاژ/تعویض فن خنک کننده	A081252C	
10514	دمونتاژ فن خنک کننده	A081262C	
10515	تعویض کنتاکتور	A081272C	
10516	تعویض بی متال	A081282C	
10517	تعویض کنترل فاز	A081292C	
10518	تعویض کلید حرارتی	A081302C	
10519	تعویض کلید ON-Off	A081312C	
10520	تعویض emergency stop	A081322C	
10521	تعویض برد کنترلی	A081332C	
10522	تعویض سنسور دما	A081342C	
10523	نعویض سنسور فشار	A081352C	
10524	تعویض شیر یکطرفه ساکشن	A081362C	
10525	تنظیم لوله ساکشن	A081372C	
10526	تعویض شلنگ هوا-روغن	A081382C	
10527	تعویض شلنگ از مینیمم به رادیاتور	A081392C	
10528	تعویض شلنگ از مخزن سپراتور به پایه فیلتر	A081402C	
10529	تعویض شلنگ از پایه فیلتر به ایراند	A081412C	
10530	تعویض شلنگ - لوله از پایه فیلتر به رادیاتور(رفت)	A081422C	
10531	تعویض شلنگ - لوله از پایه فیلتر به رادیاتور(برگشت)	A081432C	
10532	تعویض شلنگ های پنوماتیک 	A081442C	
10533	شستشوی رادیاتور	A081452C	
10534	شستشوی کمپرسور	A081462C	
10535	تعویض فوم ها و غبارگیر	A081472C	
10536	تعویض قفل کابینت(هرعدد)	A081482C	
10537	تعویض کابل قدرت 	A081492C	
10538	تعویض بلبرینگ های الکتروموتور	A081502C	
10539	تعویض بلبرینگ های الکتروموتور فن	A081512C	
10540	تعویض پروانه فن	A081522C	
10541	تعویض توری غبارگیر	A081532C	
10542	تعویض sight glass	A081542C	
10543	شستشوی مخزن سپراتور	A081552C	
10544	تعویض شلنگ تخلیه روغن	A081562C	
10545	تعویض شیر تخلیه روغن مخزن سپراتور	A081572C	
10546	تعویض لرزه گیر	A081582C	
10547	تنظیم پولی ها	A081592C	
10548	TEST RUN	A081602C	
10549	تعویض گیج مخزن سپراتور	A081612C	
10550	زنگ زدایی، لکه گیری و نقاشی	A081622C	
10551	تعویض چک ولو زیر ایراند	A081632C	
10552	تعویض واشر آببندی آنلودر	A081642C	
10553	تعویض واشر آببندی چک ولو زیر ایراند	A081652C	
10554	تعویض کابینت تابلو برق 	A081662C	
10555	تعویض درب تابلو برق  	A081672C	
10556	تعویض صفحه بالائی تابلو برق 	A081682C	
10557	تعویض صفحه پایینی تابلو برق 	A081692C	
10558	تعویض درب کابینت هر کدام	A081702C	
10559	تعویض پنل کابینت هر کدام	A081712C	
10560	تعویض ساپورت زیر  Electro Motor  هوایاری	A081722C	
10561	تعویض رابط ساپورت راست Electro Motor	A081732C	
10562	تعویض رابط ساپورت چپ Electro Motor 	A081742C	
10563	تعویض ساپورت نگهدارنده سقف کمپرسور	A081752C	
10564	تعویض پایه فن 	A081762C	
10565	تعویض پایه خرک 	A081772C	
10566	تعویض صفحه نگهدارنده قاب فن	A081782C	
10567	تعویض صفحه روی خرک 	A081792C	
10568	تعویض قاب رادیاتور 	A081802C	
10569	تعویض قاب تسمه 	A081812C	
10570	تعویض قاب کناری   Electro Motor	A081822C	
10571	تعویض قاب کناری تابلو برق 	A081832C	
10572	تعویض قاب ورودی هوا 	A081842C	
10573	تعویض قاب صداگیر 	A081852C	
10574	تعویض نگهدارنده مخزن 	A081862C	
10575	تعویض کیت کاسه نمد	A081872C	
10576	رفع ایراد برد	A082072C	
10577	تعویض اوریفیس	A082082C	
10578	تعویض شیربرقی	A082092C	
10579	شستشوی شاسی	A082102C	
10580	تعویض رله	A082112C	
10581	تعویض اورینگ	A082122C	
10582	تعویض نمایانگر روغن	A082132C	
10583	تعویض بیرینگ های ایراند	A082142C	
10584	نعویض ترانسفورماتور	A082152C	
10585	دمونتاژ ایراند	A081011C	
10586	مونتاژ ایراند	A081021C	
10587	دمونتاژ آنلودر	A081031C	
10588	مونتاژ آنلودر	A081041C	
10589	تعویض فیلتر هوا	A081051C	
10590	تعویض فیلتر روغن	A081061C	
10591	تعویض فیلتر سپراتور 	A081071C	
10592	تعویض روغن	A081081C	
10593	تعویض کیت اویل استاپ ولو	A081091C	
10594	تعویض ترموستاتیک ولو	A081101C	
10595	تعویض کیت مینیمم پرشرولو	A081111C	
10596	تعویض کیت آنلودر	A081121C	
10597	تعویض تسمه ها	A081131C	
10598	دمونتاژ الکتروموتور	A081141C	
10599	مونتاژ الکتروموتور	A081151C	
10600	تعویض پولی ایراند	A081161C	
10601	تعویض پولی الکتروموتور	A081171C	
10602	دمونتاژ مینیمم پرشرولو	A081181C	
10603	مونتاژ مینیمم پرشرولو	A081191C	
10604	تعویض سوپاپ اطمینان	A081201C	
10605	مونتاژ رادیاتور	A081211C	
10606	دمونتاژ رادیاتور	A081221C	
10607	مونتاژ شاسی متحرک	A081231C	
10608	دمونتاژ شاسی متحرک	A081241C	
10609	مونتاژ/تعویض فن خنک کننده	A081251C	
10610	دمونتاژ فن خنک کننده	A081261C	
10611	تعویض کنتاکتور	A081271C	
10612	تعویض بی متال	A081281C	
10613	تعویض کنترل فاز	A081291C	
10614	تعویض کلید حرارتی	A081301C	
10615	تعویض کلید ON-Off	A081311C	
10616	تعویض emergency stop	A081321C	
10617	تعویض برد کنترلی	A081331C	
10618	تعویض سنسور دما	A081341C	
10619	نعویض سنسور فشار	A081351C	
10620	تعویض شیر یکطرفه ساکشن	A081361C	
10621	تنظیم لوله ساکشن	A081371C	
10622	تعویض شلنگ هوا-روغن	A081381C	
10623	تعویض شلنگ از مینیمم به رادیاتور	A081391C	
10624	تعویض شلنگ از مخزن سپراتور به پایه فیلتر	A081401C	
10625	تعویض شلنگ از پایه فیلتر به ایراند	A081411C	
10626	تعویض شلنگ - لوله از پایه فیلتر به رادیاتور(رفت)	A081421C	
10627	تعویض شلنگ - لوله از پایه فیلتر به رادیاتور(برگشت)	A081431C	
10628	تعویض شلنگ های پنوماتیک 	A081441C	
10629	شستشوی رادیاتور	A081451C	
10630	شستشوی کمپرسور	A081461C	
10631	تعویض فوم ها و غبارگیر	A081471C	
10632	تعویض قفل کابینت(هرعدد)	A081481C	
10633	تعویض کابل قدرت 	A081491C	
10634	تعویض بلبرینگ های الکتروموتور	A081501C	
10635	تعویض بلبرینگ های الکتروموتور فن	A081511C	
10636	تعویض پروانه فن	A081521C	
10637	تعویض توری غبارگیر	A081531C	
10638	تعویض sight glass	A081541C	
10639	شستشوی مخزن سپراتور	A081551C	
10640	تعویض شلنگ تخلیه روغن	A081561C	
10641	تعویض شیر تخلیه روغن مخزن سپراتور	A081571C	
10642	تعویض لرزه گیر	A081581C	
10643	تنظیم پولی ها	A081591C	
10644	TEST RUN	A081601C	
10645	تعویض گیج مخزن سپراتور	A081611C	
10646	زنگ زدایی، لکه گیری و نقاشی	A081621C	
10647	تعویض چک ولو زیر ایراند	A081631C	
10648	تعویض واشر آببندی آنلودر	A081641C	
10649	تعویض واشر آببندی چک ولو زیر ایراند	A081651C	
10650	تعویض کابینت تابلو برق 	A081661C	
10651	تعویض درب تابلو برق  	A081671C	
10652	تعویض صفحه بالائی تابلو برق 	A081681C	
10653	تعویض صفحه پایینی تابلو برق 	A081691C	
10654	تعویض درب کابینت هر کدام	A081701C	
10655	تعویض پنل کابینت هر کدام	A081711C	
10656	تعویض ساپورت زیر  Electro Motor  هوایاری	A081721C	
10657	تعویض رابط ساپورت راست Electro Motor	A081731C	
10658	تعویض رابط ساپورت چپ Electro Motor 	A081741C	
10659	تعویض ساپورت نگهدارنده سقف کمپرسور	A081751C	
10660	تعویض پایه فن 	A081761C	
10661	تعویض پایه خرک 	A081771C	
10662	تعویض صفحه نگهدارنده قاب فن	A081781C	
10663	تعویض صفحه روی خرک 	A081791C	
10664	تعویض قاب رادیاتور 	A081801C	
10665	تعویض قاب تسمه 	A081811C	
10666	تعویض قاب کناری   Electro Motor	A081821C	
10667	تعویض قاب کناری تابلو برق 	A081831C	
10668	تعویض قاب ورودی هوا 	A081841C	
10669	تعویض قاب صداگیر 	A081851C	
10670	تعویض نگهدارنده مخزن 	A081861C	
10671	تعویض کیت کاسه نمد	A081871C	
10672	رفع ایراد برد	A082071C	
10673	تعویض اوریفیس	A082081C	
10674	تعویض شیربرقی	A082091C	
10675	شستشوی شاسی	A082101C	
10676	تعویض رله	A082111C	
10677	تعویض اورینگ	A082121C	
10678	تعویض نمایانگر روغن	A082131C	
10679	تعویض بیرینگ های ایراند	A082141C	
10680	نعویض ترانسفورماتور	A082151C	
10681	تعویض/ سرویس اتودرین	A081992C	
10682	تعویض/ سرویس اتودرین	A081991C	
